SemDom,SemDom_Name,Total_Ln_Decimal_Codes,Total_Unique_Words,Total_Unique_References,Ln_Decimal_Codes_Mapped,Associated_Words_With_Refs
1,"Universe, creation",42,68,77,"14.11, 14.12, 14.16, 14.17, 14.18, 14.19, 14.23, 14.25, 14.26, 14.27, 14.33, 14.34, 14.36, 14.37, 14.39, 14.4, 14.40, 14.41, 14.42, 14.44, 14.46, 14.47, 14.49, 14.50, 14.51, 14.53, 14.54, 14.6, 14.61, 14.62, 14.63, 14.65, 14.66, 14.67, 14.71, 14.73, 14.74, 14.75, 14.76, 14.8, 14.83, 14.87",Καύσων (LUK 12:55!7)|γαλήνη (LUK 8:24!24)|δόξα (LUK 2:9!7)|δόξαν (LUK 24:26!11; LUK 9:32!15)|δόξῃ (LUK 9:26!20; LUK 9:31!4)|καιομένη (LUK 24:32!9)|καιόμενοι (LUK 12:35!9)|κατακαύσει (LUK 3:17!23)|κατακλυσμὸς (LUK 17:27!16)|κλύδωνι (LUK 8:24!17)|λάμπει (LUK 17:24!15)|λαῖλαψ (LUK 8:23!7)|λευκὸς (LUK 9:29!17)|νότον (LUK 12:55!3)|περιέλαμψεν (LUK 2:9!9)|περιαψάντων (LUK 22:55!1)|πλημμύρης (LUK 6:48!16)|πνέοντα (LUK 12:55!4)|σάλου (LUK 21:25!21)|σεισμοί (LUK 21:11!1)|σκιᾷ (LUK 1:79!6)|σκοτίᾳ (LUK 12:3!6)|σκοτεινόν (LUK 11:34!30; LUK 11:36!12)|σκότει (LUK 1:79!4)|σκότος (LUK 11:35!9; LUK 23:44!8)|σκότους (LUK 22:53!26)|σποδῷ (LUK 10:13!25)|συμφωνίας (LUK 15:25!17)|φέγγος (LUK 11:33!19)|φωνήσει (LUK 22:34!8)|φωνὴ (LUK 1:44!6)|φωνῆσαι (LUK 22:61!22)|φωτίζῃ (LUK 11:36!22)|φωτεινόν (LUK 11:34!20; LUK 11:36!7)|φωτεινὸν (LUK 11:36!14)|φῶς (LUK 11:35!5; LUK 22:56!9; LUK 2:32!1; LUK 8:16!21)|ἀνέμοις (LUK 8:25!21)|ἀνέμου (LUK 7:24!21; LUK 8:23!8)|ἀνέμῳ (LUK 8:24!14)|ἀνήφθη (LUK 12:49!12)|ἀνατολὴ (LUK 1:78!10)|ἀσβέστῳ (LUK 3:17!25)|ἀστράπτουσα (LUK 17:24!5)|ἀστραπτούσῃ (LUK 24:4!17)|ἀστραπὴ (LUK 17:24!4)|ἀστραπὴν (LUK 10:18!8)|ἀστραπῇ (LUK 11:36!21)|ἀφροῦ (LUK 9:39!13)|ἅπτει (LUK 15:8!12)|ἅψας (LUK 11:33!3)|ἐκκεχυμένον (LUK 11:50!9)|ἐκχυθήσεται (LUK 5:37!21)|ἐκχυννόμενον (LUK 22:20!22)|ἐξαστράπτων (LUK 9:29!18)|ἐπέφωσκεν (LUK 23:54!7)|ἐπεσκίαζεν (LUK 9:34!8)|ἐπισκιάσει (LUK 1:35!15)|ἐπιφᾶναι (LUK 1:79!1)|ἐφώνησεν (LUK 22:60!15)|ἔβρεξεν (LUK 17:29!8)|ἡμέρα (LUK 6:13!4)|ἡμέρας (LUK 4:42!3)|ἤχους (LUK 21:25!18)|Ὄμβρος (LUK 12:54!15)|ὑπερεκχυννόμενον (LUK 6:38!9)|ὕψους (LUK 1:78!12)|ῥύσει (LUK 8:43!5)|ῥύσις (LUK 8:44!13)
1.2,Land,48,100,213,"1.1, 1.100, 1.103, 1.104, 1.105, 1.11, 1.13, 1.14, 1.16, 1.19, 1.20, 1.21, 1.28, 1.29, 1.3, 1.30, 1.34, 1.39, 1.46, 1.47, 1.48, 1.49, 1.5, 1.50, 1.51, 1.54, 1.55, 1.56, 1.57, 1.60, 1.61, 1.69, 1.72, 1.76, 1.79, 1.80, 1.81, 1.82, 1.83, 1.86, 1.87, 1.88, 1.89, 1.92, 1.93, 1.95, 1.97, 1.99",βασιλεία (LUK 11:17!10; LUK 21:10!9)|βασιλείαν (LUK 19:12!12; LUK 21:10!11)|βασιλείας (LUK 4:5!8)|βασιλείᾳ (LUK 23:42!10)|βουνοῖς (LUK 23:30!11)|βουνὸς (LUK 3:5!8)|βόθυνον (LUK 6:39!14)|γέενναν (LUK 12:5!16)|γῆ (LUK 21:33!5)|γῆν (LUK 12:49!6; LUK 16:17!8; LUK 23:44!13; LUK 4:25!33; LUK 5:11!7; LUK 8:27!6)|γῆς (LUK 10:21!20; LUK 11:31!22; LUK 12:56!5; LUK 21:23!19; LUK 21:25!13; LUK 21:35!13; LUK 2:14!7; LUK 5:24!13; LUK 5:3!14)|θάλασσαν (LUK 17:2!15)|θαλάσσης (LUK 21:25!19)|θαλάσσῃ (LUK 17:6!21)|κρημνοῦ (LUK 8:33!18)|κόλποις (LUK 16:23!20)|κόλπον (LUK 16:22!14)|κόσμον (LUK 9:25!7)|κόσμου (LUK 11:50!12; LUK 12:30!7)|κώμας (LUK 13:22!6; LUK 9:12!20; LUK 9:6!6)|κώμην (LUK 10:38!9; LUK 17:12!6; LUK 19:30!6; LUK 24:13!13; LUK 24:28!5; LUK 8:1!12; LUK 9:52!11; LUK 9:56!5)|κώμης (LUK 5:17!22)|κῆπον (LUK 13:19!10)|λίμνην (LUK 5:1!21; LUK 5:2!8; LUK 8:23!11; LUK 8:33!21)|λίμνης (LUK 8:22!25)|νεφέλη (LUK 9:34!6)|νεφέλην (LUK 12:54!8; LUK 9:34!18)|νεφέλης (LUK 9:35!6)|νεφέλῃ (LUK 21:27!10)|οἰκουμένην (LUK 2:1!15)|οἰκουμένης (LUK 4:5!10)|οἰκουμένῃ (LUK 21:26!10)|οὐρανοῖς (LUK 10:20!20; LUK 12:33!17; LUK 18:22!22)|οὐρανοῦ (LUK 10:15!6; LUK 10:18!11; LUK 10:21!17; LUK 11:13!19; LUK 11:16!6; LUK 12:56!8; LUK 17:29!13; LUK 20:4!5; LUK 20:5!11; LUK 21:11!16; LUK 22:43!6; LUK 3:22!16; LUK 9:54!16)|οὐρανόν (LUK 18:13!14; LUK 24:51!15)|οὐρανὸν (LUK 16:17!5; LUK 17:24!10; LUK 17:24!14; LUK 2:15!9; LUK 3:21!16; LUK 9:16!13)|οὐρανὸς (LUK 21:33!2; LUK 4:25!19)|οὐρανῶν (LUK 21:26!15)|οὐρανῷ (LUK 15:7!8; LUK 19:38!10; LUK 6:23!16)|παραδείσῳ (LUK 23:43!13)|παραλίου (LUK 6:17!27)|πατρίδι (LUK 4:23!25; LUK 4:24!13)|περίχωρον (LUK 3:3!5)|περιχώρου (LUK 4:14!19; LUK 4:37!10; LUK 8:37!8)|περιχώρῳ (LUK 7:17!15)|πλατείαις (LUK 13:26!12)|πλατείας (LUK 10:10!14; LUK 14:21!22)|ποταμός (LUK 6:49!20)|ποταμὸς (LUK 6:48!21)|πόλει (LUK 10:12!13; LUK 18:2!7; LUK 18:3!6; LUK 23:19!9; LUK 24:49!17; LUK 2:11!11; LUK 7:37!8)|πόλεις (LUK 13:22!4)|πόλεων (LUK 19:17!17; LUK 19:19!10; LUK 5:12!10)|πόλεως (LUK 10:11!9; LUK 14:21!26; LUK 23:51!13; LUK 2:4!9; LUK 4:29!7; LUK 7:12!24; LUK 7:12!7; LUK 8:27!12; LUK 9:5!10)|πόλιν (LUK 10:1!22; LUK 10:10!5; LUK 10:8!5; LUK 19:41!6; LUK 1:26!15; LUK 1:39!15; LUK 22:10!10; LUK 2:3!9; LUK 2:39!15; LUK 2:4!15; LUK 4:31!5; LUK 7:11!8; LUK 8:1!10; LUK 8:39!18; LUK 8:4!8; LUK 9:10!16)|πόλις (LUK 4:29!18)|σελήνῃ (LUK 21:25!7)|σπήλαιον (LUK 19:46!15)|τρίβους (LUK 3:4!21)|φάραγξ (LUK 3:5!2)|φραγμοὺς (LUK 14:23!13)|φωλεοὺς (LUK 9:58!8)|χάσμα (LUK 16:26!9)|χώρα (LUK 12:16!12)|χώραις (LUK 21:21!20)|χώραν (LUK 15:13!13; LUK 15:14!10; LUK 19:12!8; LUK 8:26!5)|χώρας (LUK 15:15!8; LUK 3:1!29)|χώρᾳ (LUK 2:8!6)|ἀγρούς (LUK 8:34!16)|ἀγροὺς (LUK 15:15!15; LUK 9:12!22)|ἀγροῦ (LUK 17:7!14; LUK 23:26!11)|ἀγρῷ (LUK 12:28!4; LUK 15:25!9; LUK 17:31!24)|ἄβυσσον (LUK 8:31!10)|ἄστροις (LUK 21:25!9)|Ἀβραάμ (LUK 16:22!15)|Ἀγρὸν (LUK 14:18!11)|ἐρήμοις (LUK 1:80!12; LUK 5:16!7)|ἐρήμους (LUK 8:29!32)|ἐρήμῳ (LUK 15:4!20; LUK 3:2!16; LUK 3:4!13; LUK 4:1!17; LUK 9:12!30)|ἔρημον (LUK 4:42!7; LUK 7:24!17)|ἡλίου (LUK 23:45!2; LUK 4:40!4)|ἡλίῳ (LUK 21:25!5)|ὀρεινὴν (LUK 1:39!11)|ὀρεινῇ (LUK 1:65!13)|ὀφρύος (LUK 4:29!12)|ὁδοὺς (LUK 14:23!11; LUK 1:76!13; LUK 3:5!20)|ὁδόν (LUK 8:12!5; LUK 8:5!19)|ὁδὸν (LUK 18:35!14; LUK 3:4!16)|ὁδῷ (LUK 10:31!9; LUK 19:36!10)|ὄρει (LUK 8:32!10)|ὄρεσιν (LUK 23:30!5)|ὄρη (LUK 21:21!9)|ὄρος (LUK 19:29!11; LUK 21:37!16; LUK 3:5!6; LUK 6:12!11; LUK 9:28!20)|ὄρους (LUK 4:29!14; LUK 9:37!10)|Ὄρος (LUK 22:39!9)|Ὄρους (LUK 19:37!9)|ὑψίστοις (LUK 19:38!15; LUK 2:14!3)|ὕψους (LUK 24:49!22)|ᾅδου (LUK 10:15!10)|ᾅδῃ (LUK 16:23!4)|ῥύμας (LUK 14:21!24)
1.2.1,World,48,100,213,"1.1, 1.100, 1.103, 1.104, 1.105, 1.11, 1.13, 1.14, 1.16, 1.19, 1.20, 1.21, 1.28, 1.29, 1.3, 1.30, 1.34, 1.39, 1.46, 1.47, 1.48, 1.49, 1.5, 1.50, 1.51, 1.54, 1.55, 1.56, 1.57, 1.60, 1.61, 1.69, 1.72, 1.76, 1.79, 1.80, 1.81, 1.82, 1.83, 1.86, 1.87, 1.88, 1.89, 1.92, 1.93, 1.95, 1.97, 1.99",βασιλεία (LUK 11:17!10; LUK 21:10!9)|βασιλείαν (LUK 19:12!12; LUK 21:10!11)|βασιλείας (LUK 4:5!8)|βασιλείᾳ (LUK 23:42!10)|βουνοῖς (LUK 23:30!11)|βουνὸς (LUK 3:5!8)|βόθυνον (LUK 6:39!14)|γέενναν (LUK 12:5!16)|γῆ (LUK 21:33!5)|γῆν (LUK 12:49!6; LUK 16:17!8; LUK 23:44!13; LUK 4:25!33; LUK 5:11!7; LUK 8:27!6)|γῆς (LUK 10:21!20; LUK 11:31!22; LUK 12:56!5; LUK 21:23!19; LUK 21:25!13; LUK 21:35!13; LUK 2:14!7; LUK 5:24!13; LUK 5:3!14)|θάλασσαν (LUK 17:2!15)|θαλάσσης (LUK 21:25!19)|θαλάσσῃ (LUK 17:6!21)|κρημνοῦ (LUK 8:33!18)|κόλποις (LUK 16:23!20)|κόλπον (LUK 16:22!14)|κόσμον (LUK 9:25!7)|κόσμου (LUK 11:50!12; LUK 12:30!7)|κώμας (LUK 13:22!6; LUK 9:12!20; LUK 9:6!6)|κώμην (LUK 10:38!9; LUK 17:12!6; LUK 19:30!6; LUK 24:13!13; LUK 24:28!5; LUK 8:1!12; LUK 9:52!11; LUK 9:56!5)|κώμης (LUK 5:17!22)|κῆπον (LUK 13:19!10)|λίμνην (LUK 5:1!21; LUK 5:2!8; LUK 8:23!11; LUK 8:33!21)|λίμνης (LUK 8:22!25)|νεφέλη (LUK 9:34!6)|νεφέλην (LUK 12:54!8; LUK 9:34!18)|νεφέλης (LUK 9:35!6)|νεφέλῃ (LUK 21:27!10)|οἰκουμένην (LUK 2:1!15)|οἰκουμένης (LUK 4:5!10)|οἰκουμένῃ (LUK 21:26!10)|οὐρανοῖς (LUK 10:20!20; LUK 12:33!17; LUK 18:22!22)|οὐρανοῦ (LUK 10:15!6; LUK 10:18!11; LUK 10:21!17; LUK 11:13!19; LUK 11:16!6; LUK 12:56!8; LUK 17:29!13; LUK 20:4!5; LUK 20:5!11; LUK 21:11!16; LUK 22:43!6; LUK 3:22!16; LUK 9:54!16)|οὐρανόν (LUK 18:13!14; LUK 24:51!15)|οὐρανὸν (LUK 16:17!5; LUK 17:24!10; LUK 17:24!14; LUK 2:15!9; LUK 3:21!16; LUK 9:16!13)|οὐρανὸς (LUK 21:33!2; LUK 4:25!19)|οὐρανῶν (LUK 21:26!15)|οὐρανῷ (LUK 15:7!8; LUK 19:38!10; LUK 6:23!16)|παραδείσῳ (LUK 23:43!13)|παραλίου (LUK 6:17!27)|πατρίδι (LUK 4:23!25; LUK 4:24!13)|περίχωρον (LUK 3:3!5)|περιχώρου (LUK 4:14!19; LUK 4:37!10; LUK 8:37!8)|περιχώρῳ (LUK 7:17!15)|πλατείαις (LUK 13:26!12)|πλατείας (LUK 10:10!14; LUK 14:21!22)|ποταμός (LUK 6:49!20)|ποταμὸς (LUK 6:48!21)|πόλει (LUK 10:12!13; LUK 18:2!7; LUK 18:3!6; LUK 23:19!9; LUK 24:49!17; LUK 2:11!11; LUK 7:37!8)|πόλεις (LUK 13:22!4)|πόλεων (LUK 19:17!17; LUK 19:19!10; LUK 5:12!10)|πόλεως (LUK 10:11!9; LUK 14:21!26; LUK 23:51!13; LUK 2:4!9; LUK 4:29!7; LUK 7:12!24; LUK 7:12!7; LUK 8:27!12; LUK 9:5!10)|πόλιν (LUK 10:1!22; LUK 10:10!5; LUK 10:8!5; LUK 19:41!6; LUK 1:26!15; LUK 1:39!15; LUK 22:10!10; LUK 2:3!9; LUK 2:39!15; LUK 2:4!15; LUK 4:31!5; LUK 7:11!8; LUK 8:1!10; LUK 8:39!18; LUK 8:4!8; LUK 9:10!16)|πόλις (LUK 4:29!18)|σελήνῃ (LUK 21:25!7)|σπήλαιον (LUK 19:46!15)|τρίβους (LUK 3:4!21)|φάραγξ (LUK 3:5!2)|φραγμοὺς (LUK 14:23!13)|φωλεοὺς (LUK 9:58!8)|χάσμα (LUK 16:26!9)|χώρα (LUK 12:16!12)|χώραις (LUK 21:21!20)|χώραν (LUK 15:13!13; LUK 15:14!10; LUK 19:12!8; LUK 8:26!5)|χώρας (LUK 15:15!8; LUK 3:1!29)|χώρᾳ (LUK 2:8!6)|ἀγρούς (LUK 8:34!16)|ἀγροὺς (LUK 15:15!15; LUK 9:12!22)|ἀγροῦ (LUK 17:7!14; LUK 23:26!11)|ἀγρῷ (LUK 12:28!4; LUK 15:25!9; LUK 17:31!24)|ἄβυσσον (LUK 8:31!10)|ἄστροις (LUK 21:25!9)|Ἀβραάμ (LUK 16:22!15)|Ἀγρὸν (LUK 14:18!11)|ἐρήμοις (LUK 1:80!12; LUK 5:16!7)|ἐρήμους (LUK 8:29!32)|ἐρήμῳ (LUK 15:4!20; LUK 3:2!16; LUK 3:4!13; LUK 4:1!17; LUK 9:12!30)|ἔρημον (LUK 4:42!7; LUK 7:24!17)|ἡλίου (LUK 23:45!2; LUK 4:40!4)|ἡλίῳ (LUK 21:25!5)|ὀρεινὴν (LUK 1:39!11)|ὀρεινῇ (LUK 1:65!13)|ὀφρύος (LUK 4:29!12)|ὁδοὺς (LUK 14:23!11; LUK 1:76!13; LUK 3:5!20)|ὁδόν (LUK 8:12!5; LUK 8:5!19)|ὁδὸν (LUK 18:35!14; LUK 3:4!16)|ὁδῷ (LUK 10:31!9; LUK 19:36!10)|ὄρει (LUK 8:32!10)|ὄρεσιν (LUK 23:30!5)|ὄρη (LUK 21:21!9)|ὄρος (LUK 19:29!11; LUK 21:37!16; LUK 3:5!6; LUK 6:12!11; LUK 9:28!20)|ὄρους (LUK 4:29!14; LUK 9:37!10)|Ὄρος (LUK 22:39!9)|Ὄρους (LUK 19:37!9)|ὑψίστοις (LUK 19:38!15; LUK 2:14!3)|ὕψους (LUK 24:49!22)|ᾅδου (LUK 10:15!10)|ᾅδῃ (LUK 16:23!4)|ῥύμας (LUK 14:21!24)
1.2.2,"Substance, matter",11,23,37,"2.14, 2.15, 2.21, 2.24, 2.26, 2.3, 2.4, 2.5, 2.7, 2.8, 2.9",Δαυὶδ (LUK 2:4!16)|Λίθον (LUK 20:17!12)|γῆν (LUK 13:7!26; LUK 14:35!3; LUK 22:44!18; LUK 24:5!11; LUK 6:49!14; LUK 8:8!6)|γῇ (LUK 8:15!6)|θεῖον (LUK 17:29!11)|κονιορτὸν (LUK 10:11!3; LUK 9:5!13)|λίθοι (LUK 19:40!11)|λίθον (LUK 20:18!7; LUK 4:11!10)|λίθος (LUK 17:2!4)|λίθου (LUK 22:41!7)|λίθων (LUK 3:8!26)|λίθῳ (LUK 4:3!13)|πέτραν (LUK 6:48!15; LUK 8:6!6)|πέτρας (LUK 8:13!5)|πυρί (LUK 3:16!33)|πυρὶ (LUK 3:17!24)|πῦρ (LUK 17:29!9; LUK 22:55!3; LUK 3:9!22; LUK 9:54!12)|φλογὶ (LUK 16:24!29)|ἀνύδρων (LUK 11:24!11)|ἰκμάδα (LUK 8:6!14)|ὕδατι (LUK 3:16!8; LUK 8:25!25)|ὕδατος (LUK 16:24!19; LUK 22:10!15; LUK 8:24!19)|ὕδωρ (LUK 7:44!18)
1.3.2,Movement of water,5,7,7,"47.11, 47.14, 47.2, 47.6, 47.8",βάλλει (LUK 5:37!3)|βάψῃ (LUK 16:24!13)|ἐπιχέων (LUK 10:34!7)|ἔπλυνον (LUK 5:2!15)|ἤλειφεν (LUK 7:38!29)|ἤλειψας (LUK 7:46!6)|ἤλειψεν (LUK 7:46!10)
1.5,Plant,30,42,67,"3.15, 3.16, 3.17, 3.19, 3.2, 3.20, 3.22, 3.23, 3.27, 3.28, 3.29, 3.32, 3.33, 3.35, 3.36, 3.38, 3.4, 3.40, 3.41, 3.43, 3.46, 3.47, 3.49, 3.5, 3.57, 3.6, 3.61, 3.66, 3.7, 3.9",Συκῆν (LUK 13:6!6)|βάτου (LUK 20:37!11; LUK 6:44!17)|δένδρα (LUK 21:29!11)|δένδρον (LUK 13:19!17; LUK 3:9!14; LUK 6:43!11; LUK 6:43!4; LUK 6:44!3)|δένδρων (LUK 3:9!10)|κάλαμον (LUK 7:24!19)|κάρφος (LUK 6:41!5; LUK 6:42!11; LUK 6:42!39)|καρποῦ (LUK 6:44!7)|καρπὸν (LUK 13:6!17; LUK 13:7!13; LUK 13:9!4; LUK 3:9!17; LUK 6:43!14; LUK 6:43!7; LUK 8:8!12)|κερατίων (LUK 15:16!9)|κλάδοις (LUK 13:19!26)|κρίνα (LUK 12:27!3)|κόκκον (LUK 17:6!9)|κόκκῳ (LUK 13:19!3)|λάχανον (LUK 11:42!15)|ξύλῳ (LUK 23:31!6)|πήγανον (LUK 11:42!12)|σίτου (LUK 16:7!13)|σινάπεως (LUK 13:19!4; LUK 17:6!10)|σπόρον (LUK 8:5!7)|σπόρος (LUK 8:11!7)|στάχυας (LUK 6:1!17)|σταφυλὴν (LUK 6:44!18)|συκαμίνῳ (LUK 17:6!14)|συκομορέαν (LUK 19:4!8)|συκῆν (LUK 21:29!7)|συκῇ (LUK 13:7!16)|σῖτον (LUK 12:18!17; LUK 22:31!12; LUK 3:17!15)|σῦκα (LUK 6:44!14)|χόρτον (LUK 12:28!6)|ἀκάνθας (LUK 8:14!5)|ἀκανθῶν (LUK 6:44!12; LUK 8:7!7)|ἀμπέλου (LUK 22:18!14)|ἀμπελῶνα (LUK 20:16!10; LUK 20:9!12)|ἀμπελῶνι (LUK 13:6!12)|ἀμπελῶνος (LUK 20:10!13; LUK 20:13!6; LUK 20:15!15; LUK 20:15!6)|ἄκανθαι (LUK 8:7!11)|ἄχυρον (LUK 3:17!22)|ἅλωνα (LUK 3:17!10)|Ἐλαιῶν (LUK 19:29!14; LUK 19:37!11; LUK 21:37!19; LUK 22:39!11)|ἡδύοσμον (LUK 11:42!9)|ῥίζαν (LUK 3:9!8; LUK 8:13!16)
1.6,Animal,30,47,63,"4.10, 4.11, 4.15, 4.17, 4.19, 4.22, 4.24, 4.27, 4.28, 4.30, 4.31, 4.33, 4.34, 4.36, 4.38, 4.39, 4.40, 4.41, 4.42, 4.43, 4.44, 4.45, 4.46, 4.49, 4.50, 4.52, 4.56, 4.59, 4.6, 4.8",βοῦν (LUK 13:15!16)|βοῦς (LUK 14:5!9)|βοῶν (LUK 14:19!5)|κάμηλον (LUK 18:25!4)|κτῆνος (LUK 10:34!17)|κόρακας (LUK 12:24!3)|κύνες (LUK 16:21!15)|λύκων (LUK 10:3!9)|μέρος (LUK 24:42!7)|μόσχον (LUK 15:23!4; LUK 15:27!16; LUK 15:30!19)|νοσσιὰν (LUK 13:34!24)|νοσσοὺς (LUK 2:24!16)|οὐρανοῦ (LUK 13:19!22; LUK 8:5!26; LUK 9:58!14)|πάσχα (LUK 22:11!17; LUK 22:15!9; LUK 22:7!11)|περιστερὰν (LUK 3:22!10)|περιστερῶν (LUK 2:24!17)|πετεινὰ (LUK 13:19!20; LUK 8:5!24; LUK 9:58!12)|πετεινῶν (LUK 12:24!25)|ποίμνην (LUK 2:8!17)|πρόβατα (LUK 15:4!7)|πρόβατόν (LUK 15:6!19)|πῶλον (LUK 19:30!11; LUK 19:33!15; LUK 19:33!5; LUK 19:35!14)|σκορπίον (LUK 11:12!7)|σκορπίων (LUK 10:19!11)|στρουθία (LUK 12:6!3)|στρουθίων (LUK 12:7!13)|σὴς (LUK 12:33!23)|τρυγόνων (LUK 2:24!13)|χοίρους (LUK 15:15!18; LUK 8:33!11)|χοίρων (LUK 8:32!5)|χοῖροι (LUK 15:16!13)|ἀγέλη (LUK 8:32!4; LUK 8:33!15)|ἀετοὶ (LUK 17:37!17)|ἀλέκτορα (LUK 22:61!21)|ἀλέκτωρ (LUK 22:34!10; LUK 22:60!16)|ἀλώπεκες (LUK 9:58!7)|ἄρνας (LUK 10:3!6)|ἔριφον (LUK 15:29!22)|ἰχθύας (LUK 9:16!9)|ἰχθύες (LUK 9:13!20)|ἰχθύν (LUK 11:11!10)|ἰχθύος (LUK 11:11!13; LUK 24:42!5)|ἰχθύων (LUK 5:6!6; LUK 5:9!14)|ὄνον (LUK 13:15!20)|ὄρνις (LUK 13:34!21)|ὄφεων (LUK 10:19!9)|ὄφιν (LUK 11:11!14)
2,Person,17,54,203,"9.1, 9.11, 9.20, 9.22, 9.24, 9.3, 9.31, 9.32, 9.34, 9.39, 9.4, 9.41, 9.42, 9.43, 9.45, 9.47, 9.9",Γύναι (LUK 13:12!10)|Θυγάτηρ (LUK 8:48!5)|Νεανίσκε (LUK 7:14!12)|βρέφη (LUK 18:15!6)|βρέφος (LUK 1:41!13; LUK 1:44!18; LUK 2:12!7; LUK 2:16!14)|γυναικῶν (LUK 23:27!9; LUK 7:28!6)|γυναιξίν (LUK 1:42!10)|γυναῖκές (LUK 24:22!3; LUK 8:2!2)|γυναῖκα (LUK 7:44!12; LUK 7:44!5; LUK 7:50!5)|γυναῖκες (LUK 23:49!9; LUK 23:55!4; LUK 24:24!16)|γυνὴ (LUK 10:38!11; LUK 11:27!11; LUK 13:11!3; LUK 13:21!6; LUK 15:8!3; LUK 20:33!2; LUK 7:37!3; LUK 7:39!22; LUK 8:43!2; LUK 8:47!4)|γύναι (LUK 22:57!8)|γῆς (LUK 18:8!22)|γῇ (LUK 12:51!8)|νηπίοις (LUK 10:21!31)|παιδία (LUK 18:16!9)|παιδίοις (LUK 7:32!3)|παιδίον (LUK 18:17!13; LUK 1:59!11; LUK 1:66!14; LUK 1:76!4; LUK 1:80!3; LUK 2:27!16; LUK 2:40!3; LUK 9:47!11; LUK 9:48!9)|παιδίου (LUK 2:17!12)|παρθένον (LUK 1:27!2)|παρθένου (LUK 1:27!15)|παῖδα (LUK 9:42!22)|παῖς (LUK 8:54!10)|πρεσβύτης (LUK 1:18!14)|πρόσωπον (LUK 9:53!7)|σὰρξ (LUK 3:6!4)|υἱοί (LUK 20:36!10)|υἱοὶ (LUK 16:8!14; LUK 20:36!15; LUK 6:35!20)|υἱοῦ (LUK 17:22!14; LUK 17:26!15; LUK 21:36!19; LUK 6:22!23)|υἱὸν (LUK 12:10!8; LUK 21:27!5; LUK 22:48!8; LUK 24:7!3; LUK 9:22!5)|υἱὸς (LUK 10:6!5; LUK 11:30!12; LUK 12:40!11; LUK 12:8!15; LUK 17:24!19; LUK 17:30!8; LUK 18:8!12; LUK 19:10!4; LUK 22:22!3; LUK 22:69!7; LUK 5:24!6; LUK 6:5!9; LUK 7:34!3; LUK 9:26!12; LUK 9:44!12; LUK 9:58!18)|υἱῷ (LUK 18:31!21)|ψυχὴν (LUK 6:9!16)|ἀνήρ (LUK 8:27!8)|ἀνδρὶ (LUK 19:7!9; LUK 1:27!4; LUK 6:8!10)|ἀνδρῶν (LUK 11:31!9; LUK 14:24!7)|ἀνθρώποις (LUK 12:36!4; LUK 16:15!22; LUK 18:27!7; LUK 1:25!14; LUK 2:14!10; LUK 2:52!12)|ἀνθρώπου (LUK 11:24!8; LUK 11:26!19; LUK 11:30!14; LUK 12:10!10; LUK 12:40!13; LUK 12:8!17; LUK 17:22!16; LUK 17:24!21; LUK 17:26!17; LUK 17:30!10; LUK 18:31!23; LUK 18:8!14; LUK 19:10!6; LUK 21:27!7; LUK 21:36!21; LUK 22:22!6; LUK 22:48!10; LUK 22:69!9; LUK 24:7!5; LUK 5:24!8; LUK 6:22!25; LUK 6:5!11; LUK 7:34!5; LUK 8:29!10; LUK 8:33!7; LUK 9:22!7; LUK 9:26!14; LUK 9:44!14; LUK 9:58!20)|ἀνθρώπους (LUK 11:46!12; LUK 13:4!24; LUK 5:10!26; LUK 7:31!5)|ἀνθρώπων (LUK 12:8!12; LUK 12:9!7; LUK 16:15!11; LUK 18:11!19; LUK 19:30!17; LUK 20:4!9; LUK 20:6!5; LUK 21:26!2; LUK 24:7!11; LUK 9:44!19)|ἀνθρώπῳ (LUK 22:22!14; LUK 23:14!23; LUK 23:4!16; LUK 6:48!3; LUK 6:49!9)|ἀνὴρ (LUK 19:2!3; LUK 23:50!3; LUK 23:50!8; LUK 24:19!16; LUK 5:12!13; LUK 5:8!14; LUK 8:38!5; LUK 8:41!4; LUK 9:38!3)|ἄνδρα (LUK 1:34!11)|ἄνδρας (LUK 9:32!20)|ἄνδρες (LUK 11:32!1; LUK 17:12!10; LUK 22:63!3; LUK 24:4!11; LUK 5:18!3; LUK 7:20!6; LUK 9:14!4; LUK 9:30!3)|ἄνθρωποι (LUK 11:44!12; LUK 6:22!7; LUK 6:26!8; LUK 6:31!8)|ἄνθρωπον (LUK 18:2!13; LUK 18:4!19; LUK 23:14!7; LUK 5:18!7; LUK 7:25!5; LUK 8:35!15)|ἄνθρωπος (LUK 13:19!7; LUK 14:30!5; LUK 15:4!2; LUK 19:21!5; LUK 19:22!14; LUK 22:10!13; LUK 23:47!13; LUK 23:6!7; LUK 2:25!12; LUK 2:25!3; LUK 4:33!6; LUK 4:4!15; LUK 6:45!3; LUK 6:6!15; LUK 7:34!12; LUK 9:25!4)|ἄνθρωπός (LUK 14:2!3; LUK 7:8!4)|Ἀνθρώπου (LUK 12:16!7)|Ἄνθρωπε (LUK 12:14!5; LUK 22:58!17; LUK 22:60!5; LUK 5:20!7)|Ἄνθρωποι (LUK 18:10!1)|Ἄνθρωπος (LUK 16:19!1; LUK 20:9!10)|Ἄνθρωπός (LUK 10:30!6; LUK 14:16!5; LUK 15:11!3; LUK 16:1!7; LUK 19:12!3)
2.1,Body,34,67,121,"8.1, 8.10, 8.11, 8.12, 8.18, 8.19, 8.2, 8.20, 8.21, 8.22, 8.23, 8.24, 8.25, 8.27, 8.28, 8.29, 8.30, 8.34, 8.36, 8.37, 8.39, 8.47, 8.49, 8.61, 8.63, 8.64, 8.65, 8.67, 8.68, 8.69, 8.72, 8.73, 8.76, 8.77",Κρανίον (LUK 23:33!9)|αἵματος (LUK 11:51!2; LUK 11:51!5; LUK 22:44!14)|αἷμα (LUK 13:1!15)|γαστρὶ (LUK 1:31!5)|γλῶσσάν (LUK 16:24!23)|γόνασιν (LUK 5:8!7)|δάκρυσιν (LUK 7:38!10; LUK 7:44!27)|δακτύλου (LUK 16:24!17)|δακτύλων (LUK 11:46!19)|θριξὶν (LUK 7:38!18; LUK 7:44!34)|θρόμβοι (LUK 22:44!13)|θρὶξ (LUK 21:18!2)|κεφαλήν (LUK 7:46!3)|κεφαλὰς (LUK 21:28!9)|κεφαλῆς (LUK 12:7!6; LUK 21:18!5; LUK 7:38!20)|κοιλίαι (LUK 23:29!13)|κοιλίαν (LUK 15:16!5)|κοιλίας (LUK 1:15!20; LUK 1:42!16)|κοιλίᾳ (LUK 1:41!16; LUK 1:44!21; LUK 2:21!26)|κοπρίαν (LUK 14:35!6)|κόλποις (LUK 16:23!20)|κόλπον (LUK 16:22!14)|κόπρια (LUK 13:8!20)|μήτραν (LUK 2:23!10)|μαστοὶ (LUK 11:27!24; LUK 23:29!18)|οὖς (LUK 22:50!14)|ποδῶν (LUK 9:5!16)|προσώπου (LUK 9:29!10)|πρόσωπα (LUK 24:5!8)|πρόσωπον (LUK 17:16!4; LUK 5:12!22)|πτέρυγας (LUK 13:34!27)|πόδα (LUK 4:11!12)|πόδας (LUK 10:11!13; LUK 10:39!12; LUK 15:22!28; LUK 17:16!7; LUK 1:79!12; LUK 24:39!7; LUK 24:40!10; LUK 7:38!14; LUK 7:38!26; LUK 7:38!6; LUK 7:44!21; LUK 7:44!31; LUK 7:45!15; LUK 7:46!12; LUK 8:35!26; LUK 8:41!18)|σάρκα (LUK 24:39!19)|σιαγόνα (LUK 6:29!6)|στήθη (LUK 23:48!15)|στόμα (LUK 6:45!29)|στῆθος (LUK 18:13!18)|σωματικῷ (LUK 3:22!7)|σώματι (LUK 12:22!19)|σώματός (LUK 11:34!4)|σῶμά (LUK 11:34!18; LUK 11:34!28; LUK 11:36!4; LUK 22:19!13)|σῶμα (LUK 12:23!10; LUK 12:4!13; LUK 17:37!13; LUK 23:52!7; LUK 23:55!19; LUK 24:23!5; LUK 24:3!6)|τράχηλον (LUK 15:20!25; LUK 17:2!9)|τρίχες (LUK 12:7!4)|χειρὶ (LUK 3:17!6)|χειρὸς (LUK 8:54!5)|χειρῶν (LUK 4:11!4)|χερσίν (LUK 6:1!20)|χεὶρ (LUK 22:21!4; LUK 6:10!17; LUK 6:6!19)|χεῖρά (LUK 6:10!9)|χεῖράς (LUK 24:39!3)|χεῖρα (LUK 15:22!22; LUK 5:13!4; LUK 6:8!15)|χεῖρας (LUK 13:13!5; LUK 24:40!7; LUK 24:50!10; LUK 4:40!21)|ἀγκάλας (LUK 2:28!7)|ἱδρὼς (LUK 22:44!10)|ὀδόντων (LUK 13:28!9)|ὀστέα (LUK 24:39!21)|ὀφθαλμοί (LUK 2:30!4)|ὀφθαλμοὶ (LUK 10:23!11; LUK 24:16!3; LUK 24:31!5; LUK 4:20!12)|ὀφθαλμοὺς (LUK 16:23!7; LUK 18:13!10; LUK 6:20!5)|ὀφθαλμοῦ (LUK 6:42!33)|ὀφθαλμός (LUK 11:34!11; LUK 11:34!7)|ὀφθαλμῷ (LUK 6:41!20; LUK 6:41!9; LUK 6:42!15; LUK 6:42!21; LUK 6:42!43)|ὠτίου (LUK 22:51!12)|ὤμους (LUK 15:5!6)|ὦτα (LUK 14:35!14; LUK 8:8!19)
2.2,Body functions,103,257,335,"23.1, 23.101, 23.102, 23.103, 23.105, 23.106, 23.11, 23.112, 23.114, 23.119, 23.12, 23.120, 23.121, 23.122, 23.129, 23.132, 23.134, 23.136, 23.137, 23.139, 23.141, 23.143, 23.144, 23.145, 23.148, 23.149, 23.15, 23.153, 23.155, 23.156, 23.157, 23.158, 23.159, 23.16, 23.161, 23.162, 23.164, 23.167, 23.168, 23.17, 23.170, 23.173, 23.175, 23.177, 23.179, 23.18, 23.180, 23.182, 23.184, 23.188, 23.19, 23.191, 23.193, 23.195, 23.199, 23.20, 23.203, 23.204, 23.21, 23.22, 23.23, 23.25, 23.27, 23.29, 23.3, 23.31, 23.33, 23.34, 23.35, 23.4, 23.41, 23.42, 23.43, 23.46, 23.47, 23.49, 23.50, 23.51, 23.52, 23.53, 23.56, 23.59, 23.6, 23.61, 23.64, 23.66, 23.7, 23.70, 23.71, 23.74, 23.76, 23.77, 23.8, 23.80, 23.82, 23.83, 23.87, 23.88, 23.89, 23.9, 23.93, 23.94, 23.99",Γεννήματα (LUK 3:7!9)|Τέθνηκεν (LUK 8:49!11)|αἵματί (LUK 22:20!17)|αἵματος (LUK 8:43!6; LUK 8:44!15)|αἷμα (LUK 11:50!4)|αὐξάνει (LUK 12:27!5)|βαστάσασά (LUK 11:27!21)|βεβαρημένοι (LUK 9:32!9)|βοσκομένη (LUK 8:32!7)|βρυγμὸς (LUK 13:28!7)|βρώσιμον (LUK 24:41!14)|γαστρὶ (LUK 21:23!4)|γενέσει (LUK 1:14!11)|γεννήσει (LUK 1:13!20)|γεννητοῖς (LUK 7:28!5)|γεννώμενον (LUK 1:35!20)|γεύσεταί (LUK 14:24!11)|γινώσκω (LUK 1:34!13)|δείπνοις (LUK 20:46!25)|δείπνου (LUK 14:17!9; LUK 14:24!14)|δειπνήσω (LUK 17:8!7)|δειπνῆσαι (LUK 22:20!7)|δεσμοῦ (LUK 13:16!20)|δεῖπνον (LUK 14:12!11; LUK 14:16!8)|διήγειραν (LUK 8:24!3)|διαγρηγορήσαντες (LUK 9:32!11)|διασώσῃ (LUK 7:3!16)|διεγερθεὶς (LUK 8:24!11)|δοχὴν (LUK 14:13!3; LUK 5:29!3)|εἱλκωμένος (LUK 16:20!11)|εὐφόρησεν (LUK 12:16!10)|ζήσασα (LUK 2:36!15)|ζήσεται (LUK 4:4!13)|ζήσῃ (LUK 10:28!9)|ζωὴ (LUK 12:15!18)|ζωὴν (LUK 10:25!12; LUK 18:18!11; LUK 18:30!16)|ζωῇ (LUK 16:25!13)|ζώντων (LUK 20:38!7)|ζῆν (LUK 24:23!16)|ζῳογονήσει (LUK 17:33!14)|ζῶντα (LUK 24:5!18)|ζῶσιν (LUK 20:38!11)|ηὔξανε (LUK 1:80!4)|ηὔξανεν (LUK 2:40!4)|ηὔξησεν (LUK 13:19!13)|θάνατον (LUK 22:33!15; LUK 2:26!12)|θανάτου (LUK 1:79!7; LUK 23:15!13; LUK 23:22!14; LUK 24:20!13; LUK 9:27!14)|θεράπευσον (LUK 4:23!12)|θεραπείας (LUK 9:11!21)|θεραπευθῆναι (LUK 8:43!20)|θεραπεύει (LUK 6:7!12)|θεραπεύειν (LUK 9:1!16)|θεραπεύεσθαι (LUK 5:15!14)|θεραπεύεσθε (LUK 13:14!27)|θεραπεύετε (LUK 10:9!2)|θεραπεύοντες (LUK 9:6!9)|θεραπεῦσαι (LUK 14:3!15)|θηλαζούσαις (LUK 21:23!8)|καθαρίζονται (LUK 7:22!17)|καθαρίσαι (LUK 5:12!31)|καθαρίσθητι (LUK 5:13!9)|καθεύδει (LUK 8:52!16)|καθεύδετε (LUK 22:46!5)|κακῶς (LUK 5:31!16; LUK 7:2!5)|καρποφοροῦσιν (LUK 8:15!20)|καρπὸν (LUK 13:9!4; LUK 3:9!17; LUK 6:43!14; LUK 6:43!7; LUK 8:8!12)|κατάκειται (LUK 7:37!13)|κατέφαγεν (LUK 8:5!27)|κατακείμενοι (LUK 5:29!22)|κεφαλὴν (LUK 9:58!25)|κλίνῃ (LUK 9:58!26)|κοιλία (LUK 11:27!19)|κοιμωμένους (LUK 22:45!11)|λέπρα (LUK 5:13!13)|λέπρας (LUK 5:12!15)|λεπροὶ (LUK 17:12!9; LUK 4:27!3; LUK 7:22!16)|λιμοὶ (LUK 21:11!7)|λιμὸς (LUK 15:14!6; LUK 4:25!28)|λιμῷ (LUK 15:17!15)|λοιμοὶ (LUK 21:11!9)|μαστίγων (LUK 7:21!10)|νεκρούς (LUK 9:60!10)|νεκροὶ (LUK 20:37!5; LUK 7:22!20)|νεκροὺς (LUK 9:60!6)|νεκρὸς (LUK 7:15!4)|νεκρῶν (LUK 16:30!11; LUK 16:31!15; LUK 20:35!13; LUK 20:38!5; LUK 24:46!13; LUK 24:5!21; LUK 9:7!20)|νόσοις (LUK 4:40!9)|νόσους (LUK 9:1!15)|νόσων (LUK 6:18!9; LUK 7:21!8)|ξηρά (LUK 6:6!24)|ξηρὰν (LUK 6:8!12)|πίε (LUK 12:19!16)|πίεσαι (LUK 17:8!21)|πίητε (LUK 12:29!9)|πίνειν (LUK 12:45!27)|πίνετε (LUK 5:30!23)|πίνητε (LUK 22:30!4)|πίνοντες (LUK 10:7!9)|πίνουσιν (LUK 5:33!24)|πίνων (LUK 7:33!10; LUK 7:34!8)|πίω (LUK 17:8!15; LUK 22:18!6)|πίῃ (LUK 1:15!13)|παραλελυμένος (LUK 5:18!10)|παραλελυμένῳ (LUK 5:24!18)|παρθενίας (LUK 2:36!22)|πεινάσετε (LUK 6:25!7)|πεινῶντας (LUK 1:53!1)|πεινῶντες (LUK 6:21!3)|πεσοῦνται (LUK 21:24!2)|πιὼν (LUK 5:39!3)|ποιήσῃ (LUK 13:9!3)|ποιοῦν (LUK 3:9!16; LUK 6:43!13; LUK 6:43!6)|πονηρὸς (LUK 11:34!24)|πορεύεται (LUK 22:22!10)|ποτίζει (LUK 13:15!26)|προβάλωσιν (LUK 21:30!2)|πυρετῷ (LUK 4:38!17; LUK 4:39!7)|σέσωκέν (LUK 17:19!9; LUK 18:42!10; LUK 8:48!9)|σπέρμα (LUK 20:28!25)|σπαράσσει (LUK 9:39!10)|στείρᾳ (LUK 1:36!22)|στεῖρα (LUK 1:7!10)|στεῖραι (LUK 23:29!10)|συλλήμψῃ (LUK 1:31!3)|συλλημφθῆναι (LUK 2:21!22)|συμφυεῖσαι (LUK 8:7!9)|συνέλαβεν (LUK 1:24!6)|συνείληφεν (LUK 1:36!9)|συνεσθίει (LUK 15:2!15)|συνεσπάραξεν (LUK 9:42!10)|σωθήσεται (LUK 8:50!12)|τέξῃ (LUK 1:31!7)|τεθεραπευμέναι (LUK 8:2!6)|τεθνηκὼς (LUK 7:12!11)|τεκεῖν (LUK 1:57!8; LUK 2:6!12)|τελεσφοροῦσιν (LUK 8:14!24)|τελευτᾶν (LUK 7:2!8)|τρέφει (LUK 12:24!18)|φάγε (LUK 12:19!15)|φάγεσαι (LUK 17:8!19)|φάγεται (LUK 14:15!11)|φάγητε (LUK 12:22!16; LUK 12:29!6)|φάγος (LUK 7:34!13)|φάγω (LUK 17:8!13; LUK 22:11!22; LUK 22:16!7)|φάγωμεν (LUK 22:8!13)|φάγῃ (LUK 7:36!8)|φαγεῖν (LUK 14:1!15; LUK 22:15!10; LUK 6:4!23; LUK 8:55!13; LUK 9:13!8)|φαγόντες (LUK 15:23!9)|φυὲν (LUK 8:6!8; LUK 8:8!10)|χορτασθῆναι (LUK 16:21!3)|χωλούς (LUK 14:13!8)|χωλοὶ (LUK 7:22!14)|χωλοὺς (LUK 14:21!35)|ψυχήν (LUK 12:20!11)|ψυχὴ (LUK 12:23!3)|ψυχὴν (LUK 14:26!31; LUK 9:24!16; LUK 9:24!6)|ψυχῇ (LUK 12:22!14)|ἀνάπαυσιν (LUK 11:24!14)|ἀνάστασιν (LUK 20:27!8)|ἀνέζησεν (LUK 15:24!9)|ἀνέστη (LUK 9:19!18; LUK 9:8!14)|ἀναπαύου (LUK 12:19!14)|ἀναπείρους (LUK 14:13!7; LUK 14:21!31)|ἀναστάσει (LUK 14:14!14; LUK 20:33!6)|ἀναστάσεως (LUK 20:35!10; LUK 20:36!14)|ἀναστήσεται (LUK 18:33!10)|ἀναστῆναι (LUK 24:46!11; LUK 24:7!19)|ἀναστῇ (LUK 16:31!16)|ἀπέθανεν (LUK 16:22!16; LUK 20:29!10; LUK 20:32!5; LUK 8:52!14; LUK 8:53!6)|ἀπέθανον (LUK 20:31!15)|ἀπέθνῃσκεν (LUK 8:42!11)|ἀπέπνιξαν (LUK 8:7!12)|ἀπεπνίγη (LUK 8:33!23)|ἀποθάνῃ (LUK 20:28!9)|ἀποθανεῖν (LUK 16:22!3; LUK 20:36!3)|ἀπολέσῃ (LUK 9:24!14)|ἀπολλύμεθα (LUK 8:24!8)|ἀποψυχόντων (LUK 21:26!1)|ἀπόλλυμαι (LUK 15:17!17)|ἀρίστου (LUK 11:38!12)|ἀριστήσῃ (LUK 11:37!9)|ἀσθενείας (LUK 13:11!6; LUK 13:12!13)|ἀσθενειῶν (LUK 5:15!17; LUK 8:2!11)|ἀσθενεῖς (LUK 10:9!6; LUK 9:2!12)|ἀσθενοῦντας (LUK 4:40!8)|ἀφύπνωσεν (LUK 8:23!4)|ἁπλοῦς (LUK 11:34!13)|ἄριστον (LUK 14:12!9)|ἐγέννησαν (LUK 23:29!16)|ἐγέννησεν (LUK 1:57!11)|ἐγέρθητι (LUK 7:14!15)|ἐγείρονται (LUK 20:37!3; LUK 7:22!21)|ἐγερθῆναι (LUK 9:22!25)|ἐγκύῳ (LUK 2:5!8)|ἐθήλασας (LUK 11:27!26)|ἐθεράπευεν (LUK 4:40!23)|ἐθεράπευσεν (LUK 13:14!9; LUK 7:21!5)|ἐθεραπεύοντο (LUK 6:18!17)|ἐκαθαρίσθη (LUK 4:27!15)|ἐκαθαρίσθησαν (LUK 17:14!16; LUK 17:17!9)|ἐκκεχυμένον (LUK 11:50!9)|ἐκραταιοῦτο (LUK 2:40!6)|ἐκχυννόμενον (LUK 22:20!22)|ἐμπεπλησμένοι (LUK 6:25!4)|ἐμπτυσθήσεται (LUK 18:32!10)|ἐν (LUK 21:23!3)|ἐνέπλησεν (LUK 1:53!2)|ἐξέπνευσεν (LUK 23:46!19)|ἐξαναστήσῃ (LUK 20:28!24)|ἐπέλειχον (LUK 16:21!17)|ἐπίομεν (LUK 13:26!8)|ἐπείνασεν (LUK 4:2!18; LUK 6:3!15)|ἐποίησεν (LUK 8:8!11)|ἐσθίειν (LUK 12:45!24)|ἐσθίετε (LUK 10:8!10; LUK 5:30!21)|ἐσθίοντες (LUK 10:7!7)|ἐσθίουσιν (LUK 5:33!22)|ἐσθίων (LUK 7:33!7; LUK 7:34!6)|ἐσώθη (LUK 8:36!7)|ἐτέχθη (LUK 2:11!2)|ἐχορτάσθησαν (LUK 9:17!4)|ἐχούσαις (LUK 21:23!5)|ἔγειρε (LUK 8:54!11)|ἔδησεν (LUK 13:16!7)|ἔζησεν (LUK 15:32!14)|ἔθρεψαν (LUK 23:29!21)|ἔξοδον (LUK 9:31!7)|ἔπινον (LUK 17:27!2; LUK 17:28!9)|ἔρρηξεν (LUK 9:42!5)|ἔσθητε (LUK 22:30!2)|ἔτεκεν (LUK 2:7!2)|ἔφαγεν (LUK 24:43!5; LUK 4:2!9; LUK 6:4!14)|ἔφαγον (LUK 9:17!2)|ἔχοντες (LUK 5:31!17)|ἔχων (LUK 7:2!6)|ἕλκη (LUK 16:21!19)|Ἐφάγομεν (LUK 13:26!4)|ἠγέρθη (LUK 24:34!4; LUK 24:6!5; LUK 9:7!18)|ἡμιθανῆ (LUK 10:30!25)|ἡσύχασαν (LUK 23:56!11)|ἤσθιον (LUK 15:16!11; LUK 17:27!1; LUK 17:28!8; LUK 6:1!15)|ἰάθη (LUK 17:15!7; LUK 8:47!25)|ἰάσατο (LUK 14:4!6; LUK 22:51!13; LUK 9:42!20)|ἰάσεις (LUK 13:32!13)|ἰαθήτω (LUK 7:7!12)|ἰαθῆναι (LUK 6:18!6)|ἰατροῖς (LUK 8:43!11)|ἰατροῦ (LUK 5:31!13)|ἰᾶσθαι (LUK 5:17!35; LUK 9:2!10)|ἰᾶτο (LUK 6:19!14; LUK 9:11!22)|Ἰατρέ (LUK 4:23!11)|ὑγιαίνοντα (LUK 15:27!20; LUK 7:10!11)|ὑγιαίνοντες (LUK 5:31!12)|ὑδρωπικὸς (LUK 14:2!6)|ὕπνῳ (LUK 9:32!10)|ῥύσει (LUK 8:43!5)|ῥύσις (LUK 8:44!13)
2.3,"Sense, perceive",38,128,207,"24.1, 24.10, 24.11, 24.13, 24.14, 24.15, 24.18, 24.23, 24.24, 24.25, 24.28, 24.30, 24.33, 24.34, 24.35, 24.38, 24.41, 24.42, 24.46, 24.48, 24.49, 24.52, 24.54, 24.58, 24.60, 24.64, 24.68, 24.7, 24.73, 24.75, 24.76, 24.78, 24.82, 24.83, 24.9, 24.90, 24.92, 24.95",Βλέπεις (LUK 7:44!9)|Εἴδομεν (LUK 5:26!14)|Θέσθε (LUK 9:44!1)|αὐτόπται (LUK 1:2!7)|βαπτισθῆναι (LUK 12:50!4)|βασάνοις (LUK 16:23!11)|βασάνου (LUK 16:28!18)|βαστάζει (LUK 14:27!3)|βλέπει (LUK 24:12!11)|βλέπειν (LUK 7:21!18)|βλέπεις (LUK 6:41!3)|βλέπετε (LUK 10:23!15; LUK 10:24!13)|βλέποντες (LUK 10:23!13; LUK 8:10!19)|βλέπων (LUK 6:42!25; LUK 9:62!12)|βλέπωσιν (LUK 11:33!20; LUK 8:16!19)|διαβλέψεις (LUK 6:42!37)|εἰσηκούσθη (LUK 1:13!11)|εἴδετε (LUK 7:22!9)|εἴδομέν (LUK 9:49!6)|εἶδαν (LUK 10:24!16)|εἶδεν (LUK 15:20!13; LUK 21:1!3; LUK 21:2!1; LUK 5:2!2)|εἶδον (LUK 19:37!27; LUK 24:24!21; LUK 2:20!15; LUK 2:30!2; LUK 9:32!13)|εἶδος (LUK 9:29!8)|θεάσασθαι (LUK 7:24!18)|θεωρήσαντες (LUK 23:48!10)|θεωρίαν (LUK 23:48!8)|θεωρεῖν (LUK 24:37!8)|θεωρεῖτε (LUK 21:6!3; LUK 24:39!26)|θεωροῦντες (LUK 14:29!12)|θεωρῶν (LUK 23:35!5)|κωφοὶ (LUK 7:22!18)|παθεῖν (LUK 17:25!6; LUK 22:15!16; LUK 24:26!4; LUK 24:46!7; LUK 9:22!9)|παρακύψας (LUK 24:12!10)|παρατηρήσαντες (LUK 20:20!2)|παρατηρήσεως (LUK 17:20!23)|παρατηρούμενοι (LUK 14:1!20)|παρετηροῦντο (LUK 6:7!1)|περιβλεψάμενος (LUK 6:10!2)|προσψαύετε (LUK 11:46!22)|πρόσωπον (LUK 12:56!3)|τυφλούς (LUK 14:13!9)|τυφλοὶ (LUK 7:22!12)|τυφλοὺς (LUK 14:21!33)|τυφλοῖς (LUK 4:18!17; LUK 7:21!15)|τυφλός (LUK 18:35!9)|τυφλὸν (LUK 6:39!9)|τυφλὸς (LUK 6:39!8)|ψηλαφήσατέ (LUK 24:39!13)|ἀκουσθήσεται (LUK 12:3!11)|ἀκούειν (LUK 14:35!15; LUK 15:1!11; LUK 21:38!11; LUK 5:1!10; LUK 5:15!12; LUK 8:8!20)|ἀκούετε (LUK 10:24!20)|ἀκούοντα (LUK 2:46!17)|ἀκούοντες (LUK 2:47!5; LUK 4:28!8; LUK 8:10!23)|ἀκούουσιν (LUK 6:27!5; LUK 7:22!19)|ἀκούσαντες (LUK 18:26!4; LUK 20:16!12; LUK 8:12!8; LUK 8:14!10; LUK 8:15!15)|ἀκούσας (LUK 18:22!1; LUK 18:23!3; LUK 18:36!1; LUK 23:6!3; LUK 7:9!1; LUK 8:50!4)|ἀκούσωσιν (LUK 8:13!8)|ἀκούων (LUK 19:48!13)|ἀκοὰς (LUK 7:1!9)|ἀκοῦσαι (LUK 10:24!18; LUK 11:31!23; LUK 6:18!3)|ἀνάβλεψιν (LUK 4:18!18)|ἀνέβλεψεν (LUK 18:43!3)|ἀναβλέπουσιν (LUK 7:22!13)|ἀναβλέψας (LUK 19:5!7; LUK 9:16!10)|ἀναβλέψω (LUK 18:41!10)|ἀναφαίνεσθαι (LUK 19:11!24)|ἀράτω (LUK 9:23!14)|ἀτενίζοντες (LUK 4:20!17)|ἀτενίσασα (LUK 22:56!11)|ἁψάμενος (LUK 22:51!10)|ἁψάμενός (LUK 8:45!7)|ἄδηλα (LUK 11:44!9)|ἄφαντος (LUK 24:31!11)|ἅπτεσθαι (LUK 6:19!6)|ἅπτεται (LUK 7:39!24)|ἅπτηται (LUK 18:15!9)|ἅψας (LUK 8:16!4)|Ἀκουόντων (LUK 19:11!1)|Ἀκούοντος (LUK 20:45!1)|Ἀκούσας (LUK 14:15!1)|Ἀνάβλεψον (LUK 18:42!6)|Ἀναβλέψας (LUK 21:1!1)|ἐθεάσαντο (LUK 23:55!12)|ἐθεάσατο (LUK 5:27!6)|ἐμβλέψας (LUK 20:17!3)|ἐνέβλεψεν (LUK 22:61!5)|ἐπάρας (LUK 16:23!5)|ἐπέχων (LUK 14:7!7)|ἐπιδείξατε (LUK 17:14!6)|ἐπᾶραι (LUK 18:13!11)|ἐφάνη (LUK 9:8!6)|ἐφάνησαν (LUK 24:11!2)|ἑωρακέναι (LUK 24:23!12)|ἑώρακαν (LUK 9:36!22)|ἑώρακεν (LUK 1:22!11)|ἔκρυψεν (LUK 13:21!7)|Ἐθεώρουν (LUK 10:18!4)|ἠκούσαμεν (LUK 22:71!11)|ἠκούσατε (LUK 7:22!11)|ἤκουσαν (LUK 10:24!23; LUK 2:20!13)|ἤκουσεν (LUK 15:25!16; LUK 1:41!4)|ἥψατο (LUK 5:13!5; LUK 7:14!3; LUK 8:44!3; LUK 8:47!16)|Ἤκουον (LUK 16:14!1)|Ἥψατό (LUK 8:46!5)|ἰδεῖν (LUK 10:24!10; LUK 14:18!17; LUK 19:3!3; LUK 23:8!15; LUK 23:8!26; LUK 7:25!4; LUK 7:26!4; LUK 9:9!18)|ἰδοῦσα (LUK 22:56!1; LUK 8:47!1)|ἰδόντες (LUK 18:15!10; LUK 19:7!2; LUK 20:14!1; LUK 22:49!1; LUK 2:17!1; LUK 2:48!2; LUK 8:36!5)|ἰδών (LUK 1:12!4)|ἰδὼν (LUK 10:31!12; LUK 10:32!10; LUK 10:33!9; LUK 11:38!4; LUK 13:12!1; LUK 17:14!2; LUK 17:15!5; LUK 18:43!14; LUK 19:41!4; LUK 22:58!5; LUK 23:8!4; LUK 5:12!17; LUK 5:20!2; LUK 5:8!1; LUK 7:13!2; LUK 7:39!1; LUK 8:28!1)|ἴδετε (LUK 24:39!1; LUK 24:39!16)|ἴδητέ (LUK 13:35!12)|ἴδητε (LUK 12:54!7; LUK 21:20!3; LUK 21:31!5)|ἴδωμεν (LUK 2:15!22)|ἴδῃ (LUK 19:4!10; LUK 2:26!16)|Ἰδόντες (LUK 8:34!1)|Ἰδὼν (LUK 18:24!1; LUK 23:47!1)|Ἴδετε (LUK 21:29!5)|ὀδυνᾶσαι (LUK 16:25!26)|ὀδυνῶμαι (LUK 16:24!26)|ὀφθέντες (LUK 9:31!2)|ὁρᾷ (LUK 16:23!12)|ὁρῶσαι (LUK 23:49!16)|ὄψησθε (LUK 13:28!11)|ὄψονται (LUK 21:27!3)|ὠσὶν (LUK 4:21!14)|ὤφθη (LUK 1:11!1; LUK 22:43!1; LUK 24:34!8)|ὦτά (LUK 1:44!12)|ὦτα (LUK 9:44!5)
2.6.6.3,Bury,3,4,5,"52.1, 52.2, 52.4",θάψαι (LUK 9:60!7)|ἐθρήνουν (LUK 23:27!13)|ἐκόπτοντο (LUK 23:27!11; LUK 8:52!5)|ἐτάφη (LUK 16:22!22)
2.6.6.5,Funeral,3,4,5,"52.1, 52.2, 52.4",θάψαι (LUK 9:60!7)|ἐθρήνουν (LUK 23:27!13)|ἐκόπτοντο (LUK 23:27!11; LUK 8:52!5)|ἐτάφη (LUK 16:22!22)
3,Language and thought,6,16,32,"26.14, 26.15, 26.2, 26.3, 26.4, 26.9",Ψυχή (LUK 12:19!6)|διανοίᾳ (LUK 10:27!31)|καρδία (LUK 12:34!10; LUK 24:32!7)|καρδίαι (LUK 21:34!8)|καρδίαις (LUK 3:15!10; LUK 5:22!16)|καρδίας (LUK 10:27!13; LUK 16:15!17; LUK 1:17!12; LUK 1:51!9; LUK 6:45!26; LUK 6:45!9; LUK 8:12!19; LUK 9:47!8)|καρδίᾳ (LUK 12:45!9; LUK 24:25!11; LUK 24:38!14; LUK 2:19!12; LUK 2:51!24; LUK 8:15!11)|καρδιῶν (LUK 2:35!14)|νοῦν (LUK 24:45!5)|πνεύματι (LUK 1:80!7)|πνεῦμά (LUK 1:47!4; LUK 23:46!14)|πνεῦμα (LUK 8:55!4)|φρονήσει (LUK 1:17!19)|ψυχή (LUK 1:46!6)|ψυχῇ (LUK 10:27!19; LUK 12:19!4)|ἔσωθεν (LUK 11:39!21)
3.1,"Soul, spirit",6,16,32,"26.14, 26.15, 26.2, 26.3, 26.4, 26.9",Ψυχή (LUK 12:19!6)|διανοίᾳ (LUK 10:27!31)|καρδία (LUK 12:34!10; LUK 24:32!7)|καρδίαι (LUK 21:34!8)|καρδίαις (LUK 3:15!10; LUK 5:22!16)|καρδίας (LUK 10:27!13; LUK 16:15!17; LUK 1:17!12; LUK 1:51!9; LUK 6:45!26; LUK 6:45!9; LUK 8:12!19; LUK 9:47!8)|καρδίᾳ (LUK 12:45!9; LUK 24:25!11; LUK 24:38!14; LUK 2:19!12; LUK 2:51!24; LUK 8:15!11)|καρδιῶν (LUK 2:35!14)|νοῦν (LUK 24:45!5)|πνεύματι (LUK 1:80!7)|πνεῦμά (LUK 1:47!4; LUK 23:46!14)|πνεῦμα (LUK 8:55!4)|φρονήσει (LUK 1:17!19)|ψυχή (LUK 1:46!6)|ψυχῇ (LUK 10:27!19; LUK 12:19!4)|ἔσωθεν (LUK 11:39!21)
3.2,Mind,31,61,71,"30.10, 30.106, 30.108, 30.110, 30.117, 30.15, 30.16, 30.17, 30.22, 30.34, 30.4, 30.41, 30.43, 30.45, 30.52, 30.54, 30.55, 30.56, 30.57, 30.58, 30.61, 30.7, 30.70, 30.75, 30.76, 30.8, 30.80, 30.92, 30.93, 30.96, 30.98",Θέλω (LUK 5:13!8)|Προσδοκῶντος (LUK 3:15!1)|βουλεύσεται (LUK 14:31!13)|βουλὴν (LUK 7:30!8)|βουλῇ (LUK 23:51!6)|βούλει (LUK 22:42!4)|βούληται (LUK 10:22!31)|διαλογίζεσθαι (LUK 5:21!3)|διαλογίζεσθε (LUK 5:22!13)|διαλογιζομένων (LUK 3:15!6)|διαλογισμοί (LUK 2:35!15)|διαλογισμοὺς (LUK 5:22!6; LUK 6:8!5)|διαλογισμὸν (LUK 9:47!6)|διανοήματα (LUK 11:17!6)|διανοίᾳ (LUK 1:51!8)|διελογίζετο (LUK 12:17!2; LUK 1:29!8)|δοκιμάζειν (LUK 12:56!18)|θέλει (LUK 13:31!16)|θέλων (LUK 10:29!3; LUK 14:28!5; LUK 23:20!6)|θέλῃς (LUK 5:12!28)|θέτε (LUK 21:14!1)|καρδίαις (LUK 21:14!5)|καρδίᾳ (LUK 1:66!8)|κατανοήσατε (LUK 12:24!1; LUK 12:27!1)|κατανοεῖς (LUK 6:41!22)|κρίσει (LUK 10:14!9; LUK 11:31!6; LUK 11:32!6)|προμελετᾶν (LUK 21:14!8)|προσδοκίας (LUK 21:26!6)|προσδοκᾷ (LUK 12:46!11)|προσδοκῶμεν (LUK 7:19!12; LUK 7:20!22)|προσδοκῶντες (LUK 8:40!14)|πρόσωπον (LUK 9:51!14)|συμβάλλουσα (LUK 2:19!9)|σωφρονοῦντα (LUK 8:35!23)|ἀναβαίνουσιν (LUK 24:38!11)|ἀπεδοκίμασαν (LUK 20:17!14)|ἀπελπίζοντες (LUK 6:35!11)|ἀποδοκιμασθῆναι (LUK 17:25!8; LUK 9:22!11)|ἀρνησάσθω (LUK 9:23!11)|ἐκλεκτός (LUK 23:35!24)|ἐκλεκτῶν (LUK 18:7!10)|ἐκλελεγμένος (LUK 9:35!14)|ἐκλεξάμενος (LUK 6:13!10)|ἐλπίζετε (LUK 6:34!6)|ἐνεδρεύοντες (LUK 11:54!1)|ἐξεκρέματο (LUK 19:48!11)|ἐξελέγοντο (LUK 14:7!11)|ἐξελέξατο (LUK 10:42!12)|ἐπέβλεψεν (LUK 1:48!2)|ἐπέκρινεν (LUK 23:24!3)|ἐπεῖδεν (LUK 1:25!9)|ἐπιβλέψαι (LUK 9:38!12)|ἐπιμελῶς (LUK 15:8!20)|ἐστήρισεν (LUK 9:51!15)|ἔδοξε (LUK 1:3!1)|ἔκρινας (LUK 7:43!15)|ἔλαχε (LUK 1:9!6)|ἠθέλησα (LUK 13:34!14)|ἠθελήσατε (LUK 13:34!30)|ἤθελεν (LUK 15:28!5; LUK 18:4!3)|Ὁρᾶτε (LUK 12:15!5)
3.2.1,Think,31,61,71,"30.10, 30.106, 30.108, 30.110, 30.117, 30.15, 30.16, 30.17, 30.22, 30.34, 30.4, 30.41, 30.43, 30.45, 30.52, 30.54, 30.55, 30.56, 30.57, 30.58, 30.61, 30.7, 30.70, 30.75, 30.76, 30.8, 30.80, 30.92, 30.93, 30.96, 30.98",Θέλω (LUK 5:13!8)|Προσδοκῶντος (LUK 3:15!1)|βουλεύσεται (LUK 14:31!13)|βουλὴν (LUK 7:30!8)|βουλῇ (LUK 23:51!6)|βούλει (LUK 22:42!4)|βούληται (LUK 10:22!31)|διαλογίζεσθαι (LUK 5:21!3)|διαλογίζεσθε (LUK 5:22!13)|διαλογιζομένων (LUK 3:15!6)|διαλογισμοί (LUK 2:35!15)|διαλογισμοὺς (LUK 5:22!6; LUK 6:8!5)|διαλογισμὸν (LUK 9:47!6)|διανοήματα (LUK 11:17!6)|διανοίᾳ (LUK 1:51!8)|διελογίζετο (LUK 12:17!2; LUK 1:29!8)|δοκιμάζειν (LUK 12:56!18)|θέλει (LUK 13:31!16)|θέλων (LUK 10:29!3; LUK 14:28!5; LUK 23:20!6)|θέλῃς (LUK 5:12!28)|θέτε (LUK 21:14!1)|καρδίαις (LUK 21:14!5)|καρδίᾳ (LUK 1:66!8)|κατανοήσατε (LUK 12:24!1; LUK 12:27!1)|κατανοεῖς (LUK 6:41!22)|κρίσει (LUK 10:14!9; LUK 11:31!6; LUK 11:32!6)|προμελετᾶν (LUK 21:14!8)|προσδοκίας (LUK 21:26!6)|προσδοκᾷ (LUK 12:46!11)|προσδοκῶμεν (LUK 7:19!12; LUK 7:20!22)|προσδοκῶντες (LUK 8:40!14)|πρόσωπον (LUK 9:51!14)|συμβάλλουσα (LUK 2:19!9)|σωφρονοῦντα (LUK 8:35!23)|ἀναβαίνουσιν (LUK 24:38!11)|ἀπεδοκίμασαν (LUK 20:17!14)|ἀπελπίζοντες (LUK 6:35!11)|ἀποδοκιμασθῆναι (LUK 17:25!8; LUK 9:22!11)|ἀρνησάσθω (LUK 9:23!11)|ἐκλεκτός (LUK 23:35!24)|ἐκλεκτῶν (LUK 18:7!10)|ἐκλελεγμένος (LUK 9:35!14)|ἐκλεξάμενος (LUK 6:13!10)|ἐλπίζετε (LUK 6:34!6)|ἐνεδρεύοντες (LUK 11:54!1)|ἐξεκρέματο (LUK 19:48!11)|ἐξελέγοντο (LUK 14:7!11)|ἐξελέξατο (LUK 10:42!12)|ἐπέβλεψεν (LUK 1:48!2)|ἐπέκρινεν (LUK 23:24!3)|ἐπεῖδεν (LUK 1:25!9)|ἐπιβλέψαι (LUK 9:38!12)|ἐπιμελῶς (LUK 15:8!20)|ἐστήρισεν (LUK 9:51!15)|ἔδοξε (LUK 1:3!1)|ἔκρινας (LUK 7:43!15)|ἔλαχε (LUK 1:9!6)|ἠθέλησα (LUK 13:34!14)|ἠθελήσατε (LUK 13:34!30)|ἤθελεν (LUK 15:28!5; LUK 18:4!3)|Ὁρᾶτε (LUK 12:15!5)
3.2.1.1,Think about,31,61,71,"30.10, 30.106, 30.108, 30.110, 30.117, 30.15, 30.16, 30.17, 30.22, 30.34, 30.4, 30.41, 30.43, 30.45, 30.52, 30.54, 30.55, 30.56, 30.57, 30.58, 30.61, 30.7, 30.70, 30.75, 30.76, 30.8, 30.80, 30.92, 30.93, 30.96, 30.98",Θέλω (LUK 5:13!8)|Προσδοκῶντος (LUK 3:15!1)|βουλεύσεται (LUK 14:31!13)|βουλὴν (LUK 7:30!8)|βουλῇ (LUK 23:51!6)|βούλει (LUK 22:42!4)|βούληται (LUK 10:22!31)|διαλογίζεσθαι (LUK 5:21!3)|διαλογίζεσθε (LUK 5:22!13)|διαλογιζομένων (LUK 3:15!6)|διαλογισμοί (LUK 2:35!15)|διαλογισμοὺς (LUK 5:22!6; LUK 6:8!5)|διαλογισμὸν (LUK 9:47!6)|διανοήματα (LUK 11:17!6)|διανοίᾳ (LUK 1:51!8)|διελογίζετο (LUK 12:17!2; LUK 1:29!8)|δοκιμάζειν (LUK 12:56!18)|θέλει (LUK 13:31!16)|θέλων (LUK 10:29!3; LUK 14:28!5; LUK 23:20!6)|θέλῃς (LUK 5:12!28)|θέτε (LUK 21:14!1)|καρδίαις (LUK 21:14!5)|καρδίᾳ (LUK 1:66!8)|κατανοήσατε (LUK 12:24!1; LUK 12:27!1)|κατανοεῖς (LUK 6:41!22)|κρίσει (LUK 10:14!9; LUK 11:31!6; LUK 11:32!6)|προμελετᾶν (LUK 21:14!8)|προσδοκίας (LUK 21:26!6)|προσδοκᾷ (LUK 12:46!11)|προσδοκῶμεν (LUK 7:19!12; LUK 7:20!22)|προσδοκῶντες (LUK 8:40!14)|πρόσωπον (LUK 9:51!14)|συμβάλλουσα (LUK 2:19!9)|σωφρονοῦντα (LUK 8:35!23)|ἀναβαίνουσιν (LUK 24:38!11)|ἀπεδοκίμασαν (LUK 20:17!14)|ἀπελπίζοντες (LUK 6:35!11)|ἀποδοκιμασθῆναι (LUK 17:25!8; LUK 9:22!11)|ἀρνησάσθω (LUK 9:23!11)|ἐκλεκτός (LUK 23:35!24)|ἐκλεκτῶν (LUK 18:7!10)|ἐκλελεγμένος (LUK 9:35!14)|ἐκλεξάμενος (LUK 6:13!10)|ἐλπίζετε (LUK 6:34!6)|ἐνεδρεύοντες (LUK 11:54!1)|ἐξεκρέματο (LUK 19:48!11)|ἐξελέγοντο (LUK 14:7!11)|ἐξελέξατο (LUK 10:42!12)|ἐπέβλεψεν (LUK 1:48!2)|ἐπέκρινεν (LUK 23:24!3)|ἐπεῖδεν (LUK 1:25!9)|ἐπιβλέψαι (LUK 9:38!12)|ἐπιμελῶς (LUK 15:8!20)|ἐστήρισεν (LUK 9:51!15)|ἔδοξε (LUK 1:3!1)|ἔκρινας (LUK 7:43!15)|ἔλαχε (LUK 1:9!6)|ἠθέλησα (LUK 13:34!14)|ἠθελήσατε (LUK 13:34!30)|ἤθελεν (LUK 15:28!5; LUK 18:4!3)|Ὁρᾶτε (LUK 12:15!5)
3.2.2,Learn,24,64,97,"27.1, 27.16, 27.2, 27.27, 27.28, 27.29, 27.30, 27.31, 27.32, 27.34, 27.38, 27.41, 27.42, 27.45, 27.46, 27.47, 27.49, 27.5, 27.56, 27.57, 27.58, 27.59, 27.61, 27.8",Βλέπετε (LUK 21:8!4)|Προσέχετε (LUK 12:1!18; LUK 20:46!1; LUK 21:34!1)|βλέπετε (LUK 8:18!1)|γνοῖ (LUK 19:15!22)|γνωσθήσεται (LUK 12:2!12)|γνωσθῇ (LUK 8:17!14)|γνόντες (LUK 9:11!4)|γρηγοροῦντας (LUK 12:37!10)|διήνοιξεν (LUK 24:45!2)|δοκιμάζειν (LUK 12:56!10)|δοκιμάσαι (LUK 14:19!10)|εὑρέθη (LUK 15:24!13; LUK 15:32!18; LUK 9:36!7)|εὑρέθησαν (LUK 17:18!2)|εὑρήσει (LUK 12:37!9; LUK 12:43!10; LUK 18:8!17)|εὑρήσετε (LUK 11:9!10; LUK 19:30!10; LUK 2:12!6)|εὑρίσκει (LUK 11:10!9; LUK 11:25!3)|εὑρίσκον (LUK 11:24!17)|εὑρίσκω (LUK 13:7!20; LUK 23:4!12)|εὑροῦσα (LUK 15:9!2)|εὑροῦσαι (LUK 24:23!3)|εὑρόντες (LUK 2:45!3; LUK 5:19!3)|εὑρὼν (LUK 15:5!2)|εὕραμεν (LUK 23:2!7)|εὕρισκον (LUK 19:48!3)|εὕρωσιν (LUK 6:7!14; LUK 9:12!25)|εὕρῃ (LUK 12:38!12; LUK 15:4!27; LUK 15:8!23)|εὗρεν (LUK 13:6!22; LUK 22:45!10; LUK 4:17!12)|εὗρον (LUK 15:6!17; LUK 15:9!12; LUK 19:32!5; LUK 22:13!3; LUK 23:14!20; LUK 23:22!15; LUK 24:2!1; LUK 24:24!11; LUK 24:3!4; LUK 24:33!10; LUK 2:46!6; LUK 7:10!8; LUK 7:9!23; LUK 8:35!12)|ζητεῖ (LUK 15:8!19)|ζητεῖτε (LUK 11:9!8; LUK 24:5!16)|ζητοῦν (LUK 11:24!13)|ζητῆσαι (LUK 19:10!7)|ζητῶν (LUK 11:10!8; LUK 13:6!16; LUK 13:7!12)|θηρεῦσαί (LUK 11:54!3)|μαθητὴς (LUK 6:40!3)|παρηκολουθηκότι (LUK 1:3!3)|πειράζοντες (LUK 11:16!3)|προσέχετε (LUK 17:3!1)|σκόπει (LUK 11:35!1)|ἀγρυπνεῖτε (LUK 21:36!1)|ἀναζητοῦντες (LUK 2:45!7)|ἀνεζήτουν (LUK 2:44!12)|ἀνεῦραν (LUK 2:16!5)|ἀπολέσει (LUK 9:24!9)|ἀπολέσῃ (LUK 15:8!8)|ἀπολωλός (LUK 15:6!22)|ἀπολωλὸς (LUK 15:4!25)|ἀπόληται (LUK 21:18!9)|ἐγκαθέτους (LUK 20:20!4)|ἐζήτουν (LUK 19:47!16; LUK 22:2!2)|ἐζητεῖτέ (LUK 2:49!7)|ἐζητοῦμέν (LUK 2:48!24)|ἐκπειράζων (LUK 10:25!6)|ἐκπειράσεις (LUK 4:12!10)|ἐπέγνωσαν (LUK 24:31!7)|ἐπεζήτουν (LUK 4:42!12)|ἐπιγνοὺς (LUK 23:7!2)|ἐπιγνοῦσα (LUK 7:37!11)|ἐπιγνῶναι (LUK 24:16!8)|ἐπιλάβωνται (LUK 20:20!10)|ἐπιλαβέσθαι (LUK 20:26!4)|ἔγνως (LUK 24:18!15)|ἰδεῖν (LUK 8:35!3)|ἰδόντες (LUK 9:54!1)
3.2.3,Know,22,63,81,"28.1, 28.26, 28.28, 28.30, 28.38, 28.39, 28.47, 28.54, 28.64, 28.67, 28.69, 28.7, 28.70, 28.71, 28.73, 28.77, 28.78, 28.79, 28.80, 28.81, 28.82, 28.83",Δείξατέ (LUK 20:24!1)|γινώσκει (LUK 10:22!10; LUK 12:46!17; LUK 16:15!15)|γινώσκεται (LUK 6:44!8)|γινώσκετε (LUK 10:11!18; LUK 12:39!3)|γνοὺς (LUK 12:47!6; LUK 12:48!4)|γνωστοῖς (LUK 2:44!19)|γνώσομαι (LUK 1:18!9)|γνῶναι (LUK 8:10!6)|γνῶσιν (LUK 1:77!3)|δείξει (LUK 22:12!3)|δεῖξον (LUK 5:14!9)|δωμάτων (LUK 12:3!24)|εἰδέναι (LUK 20:7!4; LUK 22:34!15)|εἰδότες (LUK 8:53!4)|εἰδὼς (LUK 9:47!4)|εἰδῆτε (LUK 5:24!3)|κατ (LUK 10:23!6; LUK 9:10!13)|κεκρυμμένον (LUK 18:34!11)|κεχρηματισμένον (LUK 2:26!4)|κρυπτὸν (LUK 12:2!9; LUK 8:17!4)|κρύπτην (LUK 11:33!5)|μυστήρια (LUK 8:10!8)|οἴδαμεν (LUK 20:21!6)|οἴδασιν (LUK 11:44!17)|οἴδατε (LUK 11:13!6; LUK 12:56!17; LUK 12:56!9)|οἶδά (LUK 4:34!11)|οἶδα (LUK 13:25!28; LUK 13:27!6; LUK 22:57!6; LUK 22:60!7)|οἶδας (LUK 18:20!3)|οἶδεν (LUK 12:30!13)|οὖς (LUK 12:3!16)|παρακεκαλυμμένον (LUK 9:45!9)|περιέκρυβεν (LUK 1:24!12)|πρὸς (LUK 12:3!14)|σκοτίᾳ (LUK 12:3!6)|συγκεκαλυμμένον (LUK 12:2!3)|φανερὸν (LUK 8:17!17; LUK 8:17!7)|φωτὶ (LUK 12:3!10)|ἀναδείξεως (LUK 1:80!15)|ἀπέκρυψας (LUK 10:21!22)|ἀπεκάλυψας (LUK 10:21!29)|ἀποκάλυψιν (LUK 2:32!3)|ἀποκαλυφθήσεται (LUK 12:2!7)|ἀποκαλυφθῶσιν (LUK 2:35!11)|ἀποκαλύπτεται (LUK 17:30!11)|ἀποκαλύψαι (LUK 10:22!34)|ἀπόκρυφον (LUK 8:17!10)|ἐγίνωσκεν (LUK 7:39!16)|ἐγνώρισαν (LUK 2:17!3)|ἐγνώρισεν (LUK 2:15!31)|ἐκρύβη (LUK 19:42!16)|ἐν (LUK 12:3!4; LUK 12:3!8)|ἐπὶ (LUK 12:3!22)|ἔγνων (LUK 16:4!1; LUK 8:46!10)|ἔγνωσαν (LUK 2:43!17)|ἔδειξεν (LUK 24:40!4; LUK 4:5!4)|ἔλαθεν (LUK 8:47!7)|ἰδίαν (LUK 10:23!7; LUK 9:10!14)|ὑπέδειξεν (LUK 3:7!12)|ὑποδείξω (LUK 12:5!1)|ᾔδει (LUK 12:39!6; LUK 6:8!3)|ᾔδεις (LUK 19:22!11)|ᾔδεισαν (LUK 4:41!24)|ᾔδειτε (LUK 2:49!10)
3.2.4,Understand,19,37,44,"32.10, 32.11, 32.12, 32.16, 32.24, 32.26, 32.27, 32.28, 32.31, 32.32, 32.35, 32.37, 32.4, 32.41, 32.5, 32.50, 32.52, 32.7, 32.9",αἴσθωνται (LUK 9:45!14)|βλέποντες (LUK 21:30!4)|βλέπωσιν (LUK 8:10!21)|γινώσκετε (LUK 21:30!7; LUK 21:31!8)|γνώσεως (LUK 11:52!10)|γνῶναι (LUK 8:10!6)|γνῶσιν (LUK 1:77!3)|γνῶτε (LUK 21:20!9)|διηπόρει (LUK 9:7!10)|εἰδὼς (LUK 11:17!3; LUK 9:33!34)|κατανοήσας (LUK 20:23!1)|οἴδασιν (LUK 23:34!10)|σοφία (LUK 11:49!5; LUK 7:35!4)|σοφίαν (LUK 11:31!25; LUK 21:15!7)|σοφίᾳ (LUK 2:40!8; LUK 2:52!4)|σοφῶν (LUK 10:21!25)|συνέσει (LUK 2:47!9)|συνετῶν (LUK 10:21!27)|συνιέναι (LUK 24:45!7)|συνιῶσιν (LUK 8:10!25)|συνῆκαν (LUK 18:34!5; LUK 2:50!4)|φρονίμως (LUK 16:8!10)|φρονιμώτεροι (LUK 16:8!18)|φρόνιμος (LUK 12:42!12)|ἀνόητοι (LUK 24:25!7)|ἀπορίᾳ (LUK 21:25!17)|ἀπορεῖσθαι (LUK 24:4!5)|ἄφρονες (LUK 11:40!1)|Ἄφρων (LUK 12:20!6)|ἐγίνωσκον (LUK 18:34!16)|ἐπέγνωσαν (LUK 1:22!8)|ἐπιγνοὺς (LUK 5:22!1)|ἐπιγνῷς (LUK 1:4!2)|ἔγνως (LUK 19:42!4; LUK 19:44!21)|ἔγνωσαν (LUK 20:19!21)|ἠγνόουν (LUK 9:45!3)|ὀφθαλμῶν (LUK 19:42!18)
3.2.5,Opinion,26,55,79,"31.1, 31.100, 31.102, 31.17, 31.18, 31.27, 31.29, 31.30, 31.35, 31.37, 31.39, 31.41, 31.44, 31.48, 31.5, 31.51, 31.56, 31.61, 31.67, 31.70, 31.71, 31.82, 31.85, 31.87, 31.96, 31.98",Δοκεῖτε (LUK 13:2!5)|δέξηται (LUK 18:17!7)|δέχονται (LUK 8:13!11)|διαλογισμοὶ (LUK 24:38!10)|διαστρέφοντα (LUK 23:2!8)|δοκεῖ (LUK 10:36!6; LUK 22:24!10; LUK 8:18!18)|δοκεῖν (LUK 19:11!15)|δοκεῖτε (LUK 12:40!9; LUK 12:51!1; LUK 13:4!16)|εἶπεν (LUK 16:3!1; LUK 18:4!9; LUK 7:39!8)|κατέχουσιν (LUK 8:15!18)|λέγειν (LUK 3:8!10; LUK 7:49!5)|νομίσαντες (LUK 2:44!1)|πίστευσον (LUK 8:50!10)|πίστιν (LUK 17:5!9; LUK 17:6!7; LUK 18:8!19; LUK 5:20!4; LUK 7:9!22)|πίστις (LUK 17:19!7; LUK 18:42!8; LUK 22:32!10; LUK 7:50!7; LUK 8:25!6; LUK 8:48!7)|παράδοξα (LUK 5:26!15)|πεποιθότας (LUK 18:9!7)|πιστεύειν (LUK 24:25!13)|πιστεύουσιν (LUK 8:13!22)|πιστεύσαντες (LUK 8:12!23)|πιστεύσασα (LUK 1:45!4)|πιστεύσητε (LUK 22:67!17)|πιστοὶ (LUK 16:11!7; LUK 16:12!6)|πιστός (LUK 16:10!8)|πιστὸς (LUK 12:42!9; LUK 16:10!2; LUK 19:17!10)|πλανηθῆτε (LUK 21:8!6)|συγκατατεθειμένος (LUK 23:51!4)|συνέθεντο (LUK 22:5!4)|συνευδοκεῖτε (LUK 11:48!5)|ἀθετεῖ (LUK 10:16!11; LUK 10:16!16)|ἀθετῶν (LUK 10:16!15; LUK 10:16!8)|ἀκουέτω (LUK 14:35!16; LUK 8:8!21)|ἀκούει (LUK 10:16!5)|ἀκούετε (LUK 8:18!4)|ἀκούσας (LUK 7:29!5)|ἀκούων (LUK 10:16!2; LUK 6:47!7)|ἀπίστων (LUK 12:46!27)|ἀπιστούντων (LUK 24:41!3)|ἀποστρέφοντα (LUK 23:14!10)|ἀσφάλειαν (LUK 1:4!8)|ἄπιστος (LUK 9:41!8)|Ἀκούσατε (LUK 18:6!5)|ἐγνώσθη (LUK 24:35!10)|ἐδόκουν (LUK 24:37!6)|ἐλογίσθη (LUK 22:37!16)|ἐνομίζετο (LUK 3:23!12)|ἐπίστευσας (LUK 1:20!17)|ἐπεποίθει (LUK 11:22!14)|ἐπιστεύσατε (LUK 20:5!16)|ἐπιστρέψει (LUK 1:16!6)|ἔχε (LUK 14:18!21; LUK 14:19!14)|ἔχετε (LUK 17:6!6)|ἠπίστουν (LUK 24:11!11)|ὀλιγόπιστοι (LUK 12:28!21)|Ὑπολαμβάνω (LUK 7:43!4)
3.2.6,Remember,8,13,14,"29.1, 29.10, 29.11, 29.17, 29.2, 29.5, 29.7, 29.9",Θέσθε (LUK 9:44!1)|μνήσθητί (LUK 23:42!4)|μνήσθητε (LUK 24:6!6)|μνήσθητι (LUK 16:25!5)|μνημονεύετε (LUK 17:32!1)|μνησθῆναι (LUK 1:54!5; LUK 1:72!8)|συνετήρει (LUK 2:19!5)|ἀνάμνησιν (LUK 22:19!24)|ἐμνήσθησαν (LUK 24:8!2)|ἐπιλελησμένον (LUK 12:6!13)|ἔθεντο (LUK 1:66!2)|ὑπεμνήσθη (LUK 22:61!9)|ὦτα (LUK 9:44!5)
3.4,Emotion,85,176,236,"25.1, 25.101, 25.102, 25.103, 25.104, 25.108, 25.111, 25.119, 25.12, 25.120, 25.123, 25.124, 25.125, 25.126, 25.132, 25.133, 25.134, 25.135, 25.138, 25.141, 25.142, 25.150, 25.160, 25.161, 25.168, 25.171, 25.172, 25.174, 25.180, 25.187, 25.189, 25.190, 25.193, 25.194, 25.2, 25.208, 25.213, 25.217, 25.218, 25.219, 25.22, 25.220, 25.223, 25.224, 25.225, 25.228, 25.232, 25.234, 25.236, 25.238, 25.24, 25.240, 25.241, 25.244, 25.245, 25.246, 25.248, 25.25, 25.251, 25.252, 25.253, 25.256, 25.258, 25.264, 25.273, 25.277, 25.279, 25.283, 25.284, 25.287, 25.288, 25.293, 25.43, 25.45, 25.49, 25.59, 25.71, 25.75, 25.81, 25.82, 25.87, 25.88, 25.89, 25.9, 25.95",Μακάριαι (LUK 23:29!8)|Μακάριοί (LUK 6:22!1)|Μακάριοι (LUK 10:23!9; LUK 6:20!12)|Μακάριος (LUK 14:15!9)|Μακαρία (LUK 11:27!17)|Συγχάρητέ (LUK 15:6!14; LUK 15:9!9)|αἰσχύνης (LUK 14:9!17)|αἰσχύνομαι (LUK 16:3!22)|βδέλυγμα (LUK 16:15!24)|γελάσετε (LUK 6:21!12)|γελῶντες (LUK 6:25!10)|διελεύσεται (LUK 2:35!7)|διεταράχθη (LUK 1:29!6)|εἰρήνη (LUK 19:38!11; LUK 2:14!8)|εἰρήνῃ (LUK 2:29!12)|εὐδοκία (LUK 10:21!37)|εὐδοκίας (LUK 2:14!11)|εὐδόκησα (LUK 3:22!27)|εὐδόκησεν (LUK 12:32!7)|ζητεῖτε (LUK 12:29!4; LUK 12:31!2)|θάμβος (LUK 4:36!3; LUK 5:9!1)|θέλει (LUK 5:39!5; LUK 9:23!7)|θέλεις (LUK 18:41!3; LUK 22:9!6; LUK 9:54!10)|θέλετε (LUK 6:31!3)|θέλημά (LUK 22:42!14)|θέλημα (LUK 12:47!19; LUK 12:47!8)|θέλοι (LUK 1:62!9)|θέλομεν (LUK 19:14!14)|θέλοντές (LUK 8:20!15)|θέλοντες (LUK 16:26!14)|θέλω (LUK 12:49!9; LUK 4:6!22)|θέλων (LUK 23:8!14)|θέλῃ (LUK 9:24!4)|θαυμάζοντες (LUK 2:33!9)|θαυμάζων (LUK 24:12!19)|θαυμάσαντες (LUK 20:26!11)|θαυμαζόντων (LUK 24:41!9; LUK 9:43!11)|θελήματι (LUK 23:25!18)|θελήσαντάς (LUK 19:27!8)|θελόντων (LUK 20:46!6)|θορυβάζῃ (LUK 10:41!11)|κατῃσχύνοντο (LUK 13:17!5)|κλαίετε (LUK 23:28!11; LUK 23:28!17; LUK 8:52!11)|κλαίοντες (LUK 6:21!9)|κλαίουσα (LUK 7:38!8)|κλαυθμὸς (LUK 13:28!4)|κλαύσετε (LUK 6:25!15)|κλαῖε (LUK 7:13!13)|λύπης (LUK 22:45!15)|μέλει (LUK 10:40!13)|μακάριοί (LUK 12:38!14)|μακάριοι (LUK 11:28!5; LUK 12:37!1; LUK 6:21!1; LUK 6:21!7)|μακάριος (LUK 12:43!1; LUK 14:14!2)|μακάριός (LUK 7:23!2)|μακαρία (LUK 1:45!2)|μακαριοῦσίν (LUK 1:48!14)|μακροθυμεῖ (LUK 18:7!19)|μερίμναις (LUK 21:34!14)|μεριμνήσητε (LUK 12:11!15)|μεριμνᾶτε (LUK 12:22!12; LUK 12:26!10)|μεριμνᾷς (LUK 10:41!9)|μεριμνῶν (LUK 12:25!5; LUK 8:14!13)|μετεωρίζεσθε (LUK 12:29!12)|παράκλησιν (LUK 2:25!18; LUK 6:24!9)|παρακαλεῖται (LUK 16:25!23)|παρακαλῶν (LUK 3:18!6)|πενθήσετε (LUK 6:25!13)|περίλυπος (LUK 18:23!5)|περιεσπᾶτο (LUK 10:40!4)|πικρῶς (LUK 22:62!5)|πλεονεξίας (LUK 12:15!10)|προσδοκῶν (LUK 1:21!5)|πτοηθέντες (LUK 24:37!1)|πτοηθῆτε (LUK 21:9!8)|σκανδαλισθῇ (LUK 7:23!7)|σκιρτήσατε (LUK 6:23!7)|σκυθρωποί (LUK 24:17!16)|σπλάγχνα (LUK 1:78!2)|σπουδαίως (LUK 7:4!9)|συνέχαιρον (LUK 1:58!18)|συνέχομαι (LUK 12:50!7)|συνοχὴ (LUK 21:25!14)|τεταραγμένοι (LUK 24:38!5)|φιλάργυροι (LUK 16:14!7)|φιλούντων (LUK 20:46!11)|φοβήθητε (LUK 12:5!21; LUK 12:5!6)|φοβεῖσθε (LUK 12:7!11; LUK 2:10!7)|φοβηθέντες (LUK 8:25!8)|φοβηθῆτε (LUK 12:4!8; LUK 12:5!5)|φοβοῦ (LUK 12:32!2; LUK 1:13!8; LUK 1:30!7; LUK 5:10!22; LUK 8:50!8)|φόβητρά (LUK 21:11!11)|φόβον (LUK 2:9!13)|φόβος (LUK 1:12!6; LUK 1:65!5; LUK 7:16!3)|φόβου (LUK 21:26!4; LUK 5:26!11)|φόβῳ (LUK 8:37!15)|χάρητε (LUK 6:23!1)|χάριν (LUK 1:30!11)|χάρις (LUK 6:32!9; LUK 6:33!9; LUK 6:34!10)|χάριτι (LUK 2:52!8)|χαίρετε (LUK 10:20!11; LUK 10:20!5)|χαίροντες (LUK 19:37!18)|χαίρων (LUK 15:5!8; LUK 19:6!7)|χαρά (LUK 1:14!3)|χαρήσονται (LUK 1:14!13)|χαρὰ (LUK 15:10!5; LUK 15:7!5)|χαρὰν (LUK 2:10!12)|χαρᾶς (LUK 10:17!7; LUK 24:41!7; LUK 24:52!9; LUK 8:13!10)|χαρῆναι (LUK 15:32!4)|χορτασθήσεσθε (LUK 6:21!6)|ψυχὴν (LUK 2:35!6)|ἀγάπην (LUK 11:42!22)|ἀγαλλίασις (LUK 1:14!6)|ἀγαλλιάσει (LUK 1:44!16)|ἀγαπήσει (LUK 16:13!15; LUK 7:42!11)|ἀγαπητόν (LUK 20:13!14)|ἀγαπᾶτε (LUK 11:43!6; LUK 6:27!6; LUK 6:32!3; LUK 6:35!2)|ἀγαπᾷ (LUK 7:47!19; LUK 7:5!1)|ἀγαπῶντας (LUK 6:32!16; LUK 6:32!5)|ἀγαπῶσιν (LUK 6:32!18)|ἀγωνίᾳ (LUK 22:44!4)|ἀνέξομαι (LUK 9:41!17)|ἀνεκτότερον (LUK 10:12!9; LUK 10:14!5)|ἀποψυχόντων (LUK 21:26!1)|ἀρκεῖσθε (LUK 3:14!19)|ἀφόβως (LUK 1:74!1)|ἀχαρίστους (LUK 6:35!28)|ἁρπαγῆς (LUK 11:39!24)|ἅρπαγες (LUK 18:11!20)|Ἀγαπήσεις (LUK 10:27!5)|ἐγκακεῖν (LUK 18:1!13)|ἐθαύμαζον (LUK 1:21!9; LUK 4:22!6)|ἐθαύμασαν (LUK 11:14!15; LUK 1:63!11; LUK 2:18!5; LUK 8:25!10)|ἐθαύμασεν (LUK 11:38!5; LUK 7:9!6)|ἐθρήνουν (LUK 23:27!13)|ἐκλαύσατε (LUK 7:32!21)|ἐκτενέστερον (LUK 22:44!5)|ἐμφόβων (LUK 24:5!1)|ἐξέστησαν (LUK 24:22!7; LUK 8:56!2)|ἐξίσταντο (LUK 2:47!1)|ἐξεπλάγησαν (LUK 2:48!4)|ἐξεπλήσσοντο (LUK 4:32!2; LUK 9:43!1)|ἐπάρατε (LUK 21:28!7)|ἐπαισχυνθήσεται (LUK 9:26!15)|ἐπαισχυνθῇ (LUK 9:26!4)|ἐπεθύμει (LUK 15:16!2)|ἐπεθύμησα (LUK 22:15!6)|ἐπιζητοῦσιν (LUK 12:30!8)|ἐπιθυμήσετε (LUK 17:22!9)|ἐπιθυμῶν (LUK 16:21!2)|ἐπιστρέψαι (LUK 1:17!11)|ἐσπλαγχνίσθη (LUK 10:33!10; LUK 15:20!19; LUK 7:13!6)|ἐταράχθη (LUK 1:12!2)|ἐτόλμων (LUK 20:40!3)|ἐφοβήθησαν (LUK 20:19!18; LUK 2:9!12; LUK 8:35!30; LUK 9:34!10)|ἐφοβούμην (LUK 19:21!1)|ἐφοβοῦντο (LUK 22:2!12; LUK 9:45!17)|ἐχάρη (LUK 23:8!7)|ἐχάρησαν (LUK 22:5!2)|ἔκλαιον (LUK 8:52!1)|ἔκλαυσεν (LUK 19:41!7; LUK 22:62!4)|ἔκστασις (LUK 5:26!2)|ἔμφοβοι (LUK 24:37!4)|ἔχαιρεν (LUK 13:17!14)|Ἐπιθυμίᾳ (LUK 22:15!5)|ἠγάπησεν (LUK 7:47!12)|ἠγαλλίασεν (LUK 1:47!2)|ἠγαλλιάσατο (LUK 10:21!5)|ἠθέλησαν (LUK 10:24!9)|ἠλπίζομεν (LUK 24:21!3)|ἡδονῶν (LUK 8:14!17)|ἤθελεν (LUK 18:13!7)|ἤλπιζέν (LUK 23:8!23)|ὀδυνώμενοι (LUK 2:48!23)|ὑπομονῇ (LUK 21:19!3; LUK 8:15!22)|ὑπωπιάζῃ (LUK 18:5!17)|ῥομφαία (LUK 2:35!8)
3.5,Communication,162,478,1244,"33.10, 33.101, 33.103, 33.105, 33.106, 33.11, 33.112, 33.115, 33.117, 33.118, 33.119, 33.121, 33.123, 33.126, 33.127, 33.129, 33.131, 33.133, 33.137, 33.142, 33.148, 33.15, 33.150, 33.156, 33.157, 33.158, 33.160, 33.161, 33.163, 33.164, 33.165, 33.166, 33.167, 33.168, 33.170, 33.171, 33.173, 33.178, 33.180, 33.181, 33.183, 33.184, 33.185, 33.186, 33.187, 33.190, 33.194, 33.195, 33.198, 33.20, 33.201, 33.206, 33.207, 33.209, 33.211, 33.212, 33.215, 33.22, 33.224, 33.225, 33.23, 33.236, 33.237, 33.243, 33.248, 33.256, 33.258, 33.260, 33.262, 33.263, 33.264, 33.270, 33.271, 33.274, 33.277, 33.278, 33.28, 33.288, 33.29, 33.299, 33.301, 33.307, 33.308, 33.309, 33.315, 33.317, 33.321, 33.323, 33.325, 33.327, 33.329, 33.330, 33.331, 33.332, 33.334, 33.338, 33.349, 33.350, 33.351, 33.353, 33.354, 33.356, 33.357, 33.358, 33.359, 33.361, 33.362, 33.37, 33.380, 33.382, 33.383, 33.39, 33.390, 33.396, 33.400, 33.401, 33.406, 33.409, 33.410, 33.417, 33.419, 33.42, 33.422, 33.425, 33.426, 33.427, 33.43, 33.434, 33.435, 33.446, 33.449, 33.455, 33.459, 33.46, 33.463, 33.470, 33.471, 33.477, 33.485, 33.488, 33.51, 33.52, 33.53, 33.54, 33.55, 33.56, 33.61, 33.62, 33.68, 33.69, 33.70, 33.74, 33.75, 33.77, 33.78, 33.79, 33.80, 33.81, 33.83, 33.84, 33.91, 33.98",Γέγραπται (LUK 19:46!3; LUK 4:4!7; LUK 4:8!7)|Διδάσκαλε (LUK 10:25!9; LUK 11:45!8; LUK 12:13!8; LUK 18:18!7; LUK 19:39!11; LUK 20:21!5; LUK 20:28!2; LUK 20:39!7; LUK 21:7!5; LUK 3:12!10; LUK 7:40!15; LUK 9:38!9)|Εἰπὸν (LUK 20:2!6)|Εἴρηται (LUK 4:12!8)|Εἶπαν (LUK 18:26!1)|Εἶπεν (LUK 12:13!1; LUK 12:22!1; LUK 12:41!1; LUK 15:11!1; LUK 17:1!1; LUK 17:22!1; LUK 18:28!1; LUK 18:9!1; LUK 20:41!1; LUK 20:42!8; LUK 24:44!1; LUK 6:39!1)|Εὐλογημένος (LUK 13:35!18; LUK 19:38!2)|Εὐλογητὸς (LUK 1:68!1)|Λέγει (LUK 22:11!7)|Λέγω (LUK 12:4!1; LUK 12:8!1; LUK 19:40!4; LUK 22:34!4; LUK 7:9!15)|Μεγαλύνει (LUK 1:46!4)|Προσεύχεσθε (LUK 22:40!8)|Προφήτευσον (LUK 22:64!6)|Συγκαλεσάμενος (LUK 9:1!1)|Φιμώθητι (LUK 4:35!7)|Φωνὴ (LUK 3:4!9)|Χαῖρε (LUK 1:28!6)|αἰνεῖν (LUK 19:37!19)|αἰνούντων (LUK 2:13!10)|αἰνοῦντες (LUK 2:20!7)|αἰτήσας (LUK 1:63!2)|αἰτήσει (LUK 11:11!7; LUK 11:12!3)|αἰτήσουσιν (LUK 12:48!25)|αἰτεῖτε (LUK 11:9!4)|αἰτούμενοι (LUK 23:23!6)|αἰτοῦντί (LUK 6:30!2)|αἰτοῦσιν (LUK 11:13!24)|αἰτῶν (LUK 11:10!4)|αἴτημα (LUK 23:24!6)|αἶνον (LUK 18:43!16)|βίβλῳ (LUK 20:42!6)|βλασφημήσαντι (LUK 12:10!19)|βλασφημίας (LUK 5:21!15)|βλασφημοῦντες (LUK 22:65!4)|βοώντων (LUK 18:7!13)|βοῶντος (LUK 3:4!10)|γέγραπται (LUK 10:26!10; LUK 24:46!6; LUK 2:23!2; LUK 3:4!2; LUK 4:10!1; LUK 7:27!5)|γεγραμμένα (LUK 18:31!16; LUK 21:22!10; LUK 24:44!22)|γεγραμμένον (LUK 20:17!10; LUK 22:37!7; LUK 4:17!17)|γλῶσσα (LUK 1:64!9)|γράμματα (LUK 16:6!14; LUK 16:7!19)|γράψαι (LUK 1:3!9)|γράψον (LUK 16:6!18; LUK 16:7!21)|γραφάς (LUK 24:32!23; LUK 24:45!9)|γραφαῖς (LUK 24:27!15)|γραφὴ (LUK 4:21!10)|δέησίς (LUK 1:13!13)|δέομαί (LUK 8:28!22; LUK 9:38!10)|δίδαξον (LUK 11:1!21)|δεήθητε (LUK 10:2!13)|δεήσεις (LUK 5:33!12)|δεήσεσιν (LUK 2:37!15)|δεόμενοι (LUK 21:36!6)|διάγγελλε (LUK 9:60!14)|διέταξεν (LUK 8:55!10)|διήγησιν (LUK 1:1!5)|διήνοιγεν (LUK 24:32!20)|διαλογίζεσθαι (LUK 5:21!3)|διαλογισμὸς (LUK 9:46!3)|διαμαρτύρηται (LUK 16:28!6)|διανεύων (LUK 1:22!18)|διαταχθέντα (LUK 17:10!8; LUK 17:9!9)|διατεταγμένον (LUK 3:13!10)|διδάξει (LUK 12:12!5)|διδάσκαλον (LUK 6:40!6; LUK 8:49!18)|διδάσκαλος (LUK 22:11!10; LUK 6:40!13)|διδάσκειν (LUK 6:6!12)|διδάσκεις (LUK 20:21!11; LUK 20:21!23)|διδάσκοντος (LUK 20:1!7)|διδάσκων (LUK 13:10!3; LUK 13:22!7; LUK 19:47!3; LUK 21:37!8; LUK 23:5!9; LUK 4:31!10; LUK 5:17!10)|διδασκάλων (LUK 2:46!15)|διδαχῇ (LUK 4:32!5)|διεβλήθη (LUK 16:1!16)|διεγόγγυζον (LUK 15:2!2; LUK 19:7!4)|διελάλουν (LUK 6:11!6)|διελαλεῖτο (LUK 1:65!16)|διελογίζοντο (LUK 20:14!6)|διερμήνευσεν (LUK 24:27!10)|διηγήσαντο (LUK 9:10!5)|διηγοῦ (LUK 8:39!7)|δικαιώμασιν (LUK 1:6!14)|διϊσχυρίζετο (LUK 22:59!8)|δοξάζοντες (LUK 2:20!5)|δοξάζων (LUK 17:15!12; LUK 18:43!7; LUK 5:25!15)|δοξαζόμενος (LUK 4:15!8)|δόγμα (LUK 2:1!8)|δόξαν (LUK 17:18!5)|δώσω (LUK 21:15!3)|εἰπέ (LUK 7:40!16)|εἰπεῖν (LUK 12:12!13; LUK 14:17!10; LUK 5:14!6; LUK 5:23!11; LUK 5:23!4; LUK 7:40!12; LUK 8:56!11)|εἰπών (LUK 22:8!6; LUK 5:13!7)|εἰπὲ (LUK 10:40!23; LUK 12:13!9; LUK 4:3!11; LUK 7:7!9)|εἰπὸν (LUK 22:67!7)|εἰπὼν (LUK 19:28!2; LUK 23:46!18; LUK 24:40!3; LUK 9:22!1)|εἰρήκει (LUK 22:13!5)|εἰρημένον (LUK 2:24!7)|εἴπατέ (LUK 20:3!11)|εἴπατε (LUK 10:10!16; LUK 12:3!7; LUK 13:32!5)|εἴπητε (LUK 12:11!22; LUK 13:35!17)|εἴπω (LUK 22:67!14)|εἴπωμεν (LUK 20:5!9; LUK 20:6!3; LUK 9:54!11)|εἴπωσιν (LUK 6:26!5)|εἴπῃ (LUK 11:5!16; LUK 11:7!4; LUK 12:45!3)|εἶπέν (LUK 11:1!13; LUK 9:57!7)|εἶπαν (LUK 17:5!2; LUK 19:25!2; LUK 19:33!6; LUK 19:34!3; LUK 19:39!8; LUK 1:61!2; LUK 20:16!14; LUK 20:2!2; LUK 20:24!11; LUK 20:39!6; LUK 22:35!18; LUK 22:38!3; LUK 22:49!8; LUK 22:70!1; LUK 22:71!3; LUK 22:9!3; LUK 24:19!7; LUK 24:32!2; LUK 24:5!12; LUK 3:12!7; LUK 5:33!3; LUK 6:2!5; LUK 7:20!7; LUK 9:12!10; LUK 9:13!11; LUK 9:19!4; LUK 9:54!8)|εἶπας (LUK 20:39!9)|εἶπεν (LUK 10:18!1; LUK 10:21!11; LUK 10:23!8; LUK 10:26!3; LUK 10:27!4; LUK 10:28!1; LUK 10:29!6; LUK 10:30!5; LUK 10:35!12; LUK 10:37!10; LUK 10:37!3; LUK 10:40!10; LUK 10:41!3; LUK 11:17!7; LUK 11:2!1; LUK 11:27!15; LUK 11:28!3; LUK 11:39!1; LUK 11:46!3; LUK 11:49!8; LUK 11:5!2; LUK 12:14!3; LUK 12:15!1; LUK 12:16!1; LUK 12:18!2; LUK 12:20!1; LUK 12:42!2; LUK 13:12!8; LUK 13:15!7; LUK 13:2!3; LUK 13:20!3; LUK 13:23!1; LUK 13:23!12; LUK 13:32!2; LUK 13:7!1; LUK 14:15!7; LUK 14:16!3; LUK 14:18!9; LUK 14:19!3; LUK 14:20!3; LUK 14:21!14; LUK 14:22!2; LUK 14:23!2; LUK 14:25!8; LUK 14:3!5; LUK 14:5!4; LUK 15:12!2; LUK 15:21!1; LUK 15:22!1; LUK 15:27!3; LUK 15:29!4; LUK 15:3!1; LUK 15:31!3; LUK 16:15!2; LUK 16:2!4; LUK 16:24!4; LUK 16:25!1; LUK 16:27!1; LUK 16:30!3; LUK 16:31!1; LUK 16:6!3; LUK 16:6!9; LUK 16:7!10; LUK 16:7!3; LUK 17:14!3; LUK 17:17!5; LUK 17:19!2; LUK 17:20!15; LUK 17:37!9; LUK 17:6!1; LUK 18:19!1; LUK 18:21!3; LUK 18:22!5; LUK 18:24!6; LUK 18:27!3; LUK 18:29!3; LUK 18:31!5; LUK 18:41!7; LUK 18:42!4; LUK 18:6!1; LUK 19:11!6; LUK 19:12!1; LUK 19:13!11; LUK 19:15!11; LUK 19:17!2; LUK 19:19!1; LUK 19:24!4; LUK 19:32!7; LUK 19:40!3; LUK 19:5!10; LUK 19:8!4; LUK 19:9!1; LUK 1:13!1; LUK 1:18!2; LUK 1:19!5; LUK 1:28!5; LUK 1:30!2; LUK 1:34!1; LUK 1:35!5; LUK 1:38!1; LUK 1:42!6; LUK 1:46!2; LUK 1:60!6; LUK 20:13!1; LUK 20:17!5; LUK 20:19!26; LUK 20:23!6; LUK 20:25!3; LUK 20:3!3; LUK 20:34!2; LUK 20:45!6; LUK 20:8!4; LUK 21:29!2; LUK 21:3!2; LUK 21:5!13; LUK 21:8!3; LUK 22:10!3; LUK 22:15!2; LUK 22:17!5; LUK 22:25!3; LUK 22:33!3; LUK 22:34!3; LUK 22:35!2; LUK 22:36!1; LUK 22:38!11; LUK 22:40!6; LUK 22:46!2; LUK 22:48!3; LUK 22:51!5; LUK 22:52!1; LUK 22:56!13; LUK 22:60!1; LUK 22:61!17; LUK 22:67!9; LUK 23:14!1; LUK 23:22!4; LUK 23:28!7; LUK 23:4!4; LUK 23:43!2; LUK 23:46!7; LUK 24:17!1; LUK 24:18!6; LUK 24:19!2; LUK 24:25!3; LUK 24:38!2; LUK 24:41!10; LUK 24:46!2; LUK 2:10!2; LUK 2:28!13; LUK 2:34!6; LUK 2:48!6; LUK 2:49!2; LUK 3:13!3; LUK 3:14!12; LUK 4:12!3; LUK 4:23!2; LUK 4:24!1; LUK 4:3!1; LUK 4:43!3; LUK 4:6!2; LUK 4:8!5; LUK 4:9!14; LUK 5:10!15; LUK 5:20!6; LUK 5:22!9; LUK 5:24!16; LUK 5:27!15; LUK 5:31!5; LUK 5:34!3; LUK 5:4!5; LUK 5:5!4; LUK 6:10!5; LUK 6:3!5; LUK 6:8!7; LUK 6:9!1; LUK 7:13!10; LUK 7:14!11; LUK 7:22!3; LUK 7:40!5; LUK 7:43!12; LUK 7:43!3; LUK 7:48!1; LUK 7:50!1; LUK 7:9!14; LUK 8:10!3; LUK 8:21!4; LUK 8:22!17; LUK 8:25!1; LUK 8:28!11; LUK 8:30!12; LUK 8:4!12; LUK 8:45!12; LUK 8:45!2; LUK 8:46!4; LUK 8:48!3; LUK 8:52!9; LUK 9:13!1; LUK 9:14!6; LUK 9:20!1; LUK 9:20!13; LUK 9:3!2; LUK 9:33!9; LUK 9:41!5; LUK 9:43!16; LUK 9:48!2; LUK 9:49!4; LUK 9:50!1; LUK 9:58!2; LUK 9:59!1; LUK 9:59!9; LUK 9:60!1; LUK 9:61!1; LUK 9:62!1; LUK 9:9!1)|εἶπον (LUK 11:15!5; LUK 24:24!17)|εὐαγγελίζεται (LUK 16:16!14)|εὐαγγελίζομαι (LUK 2:10!10)|εὐαγγελίζονται (LUK 7:22!23)|εὐαγγελίσασθαί (LUK 1:19!21; LUK 4:43!11)|εὐαγγελίσασθαι (LUK 4:18!9)|εὐαγγελιζομένου (LUK 20:1!15)|εὐαγγελιζόμενοι (LUK 9:6!7)|εὐαγγελιζόμενος (LUK 8:1!15)|εὐηγγελίζετο (LUK 3:18!7)|εὐλογεῖν (LUK 24:51!5)|εὐλογεῖτε (LUK 6:28!1)|εὐλογοῦντες (LUK 24:53!8)|εὐλογῶν (LUK 1:64!13)|εὐλόγησεν (LUK 24:30!12; LUK 24:50!12; LUK 2:28!9; LUK 2:34!2; LUK 9:16!14)|εὐχαριστήσας (LUK 22:17!4; LUK 22:19!4)|εὐχαριστῶ (LUK 18:11!10)|εὐχαριστῶν (LUK 17:16!9)|ζητηθήσεται (LUK 12:48!17)|κάλει (LUK 14:13!5)|κήρυγμα (LUK 11:32!18)|καλέσαι (LUK 5:32!3)|καλέσας (LUK 14:9!7; LUK 19:13!1; LUK 7:39!6)|καλέσεις (LUK 1:13!24; LUK 1:31!10)|καλεῖ (LUK 20:44!5)|καλεῖσθαι (LUK 1:62!10)|καλεῖται (LUK 1:61!13; LUK 2:4!18)|καλεῖτε (LUK 6:46!4)|καλουμένη (LUK 10:39!5; LUK 8:2!14)|καλουμένην (LUK 7:11!9; LUK 9:10!17)|καλουμένῃ (LUK 1:36!21)|καλούμενον (LUK 19:29!13; LUK 21:37!18; LUK 22:3!7; LUK 23:33!8; LUK 6:15!11)|καλούμενος (LUK 19:2!5)|καλοῦνται (LUK 22:25!16)|κατένευσαν (LUK 5:7!2)|καταρωμένους (LUK 6:28!3)|κατεγέλων (LUK 8:53!2)|κατηγορεῖν (LUK 23:2!3; LUK 6:7!15)|κατηγορεῖτε (LUK 23:14!27)|κατηγοροῦντες (LUK 23:10!9)|κατηχήθης (LUK 1:4!5)|κεκληκότι (LUK 14:12!5)|κεκληκώς (LUK 14:10!14)|κεκλημένοις (LUK 14:17!12)|κεκλημένος (LUK 14:8!16)|κεκλημένους (LUK 14:7!5)|κεκλημένων (LUK 14:24!10)|κεραίαν (LUK 16:17!14)|κηρυχθήσεται (LUK 12:3!21)|κηρυχθῆναι (LUK 24:47!2)|κηρύξαι (LUK 4:18!13; LUK 4:19!1)|κηρύσσειν (LUK 9:2!4)|κηρύσσων (LUK 3:3!8; LUK 4:44!3; LUK 8:1!13; LUK 8:39!19)|κληθήσεται (LUK 1:32!7; LUK 1:35!22; LUK 1:60!9; LUK 2:23!14)|κληθήσῃ (LUK 1:76!7)|κληθὲν (LUK 2:21!16)|κληθῆναι (LUK 15:19!4; LUK 15:21!17)|κληθῇς (LUK 14:10!3; LUK 14:8!2)|κράζει (LUK 9:39!8)|κράξουσιν (LUK 19:40!12)|κραυγάζοντα (LUK 4:41!7)|κραυγῇ (LUK 1:42!3)|κωφόν (LUK 11:14!5)|κωφός (LUK 11:14!13; LUK 1:22!22)|λέγει (LUK 11:24!18; LUK 11:45!6; LUK 13:8!4; LUK 16:29!1; LUK 16:7!14; LUK 18:6!11; LUK 19:22!1; LUK 20:37!13; LUK 20:42!4; LUK 5:39!7; LUK 7:32!12; LUK 9:33!36)|λέγειν (LUK 11:27!5; LUK 11:29!6; LUK 12:1!12; LUK 13:26!3; LUK 20:9!6; LUK 23:30!3; LUK 4:21!3; LUK 6:42!3; LUK 7:24!7; LUK 9:21!7)|λέγεις (LUK 12:41!11; LUK 18:19!8; LUK 20:21!9; LUK 22:60!9; LUK 23:3!19)|λέγεσθαι (LUK 9:7!13)|λέγετε (LUK 10:5!8; LUK 10:9!8; LUK 11:18!15; LUK 11:2!6; LUK 12:54!13; LUK 12:55!5; LUK 17:10!10; LUK 22:70!17; LUK 7:33!13; LUK 7:34!10; LUK 9:20!8)|λέγοντα (LUK 23:2!18; LUK 4:41!9)|λέγοντας (LUK 24:34!1)|λέγοντες (LUK 10:17!8; LUK 13:25!19; LUK 13:31!8; LUK 14:30!1; LUK 15:2!9; LUK 17:13!5; LUK 19:14!12; LUK 19:38!1; LUK 19:7!5; LUK 1:66!10; LUK 20:14!9; LUK 20:2!3; LUK 20:21!4; LUK 20:28!1; LUK 20:5!6; LUK 21:7!4; LUK 21:8!14; LUK 22:64!5; LUK 22:67!1; LUK 23:18!4; LUK 23:2!5; LUK 23:21!4; LUK 23:35!11; LUK 23:37!2; LUK 23:5!4; LUK 24:29!4; LUK 3:10!6; LUK 3:14!6; LUK 4:36!10; LUK 5:21!9; LUK 5:26!12; LUK 5:30!13; LUK 7:16!9; LUK 7:4!10; LUK 8:24!5; LUK 8:25!11)|λέγοντος (LUK 13:17!3; LUK 9:34!4)|λέγουσα (LUK 15:9!8; LUK 18:3!12; LUK 1:24!16; LUK 9:35!7)|λέγουσαι (LUK 24:23!8)|λέγουσιν (LUK 17:37!3; LUK 20:41!6; LUK 24:23!14; LUK 9:18!22)|λέγω (LUK 10:12!1; LUK 10:24!1; LUK 11:51!16; LUK 11:8!1; LUK 11:9!3; LUK 12:22!9; LUK 12:27!10; LUK 12:37!12; LUK 12:44!2; LUK 12:5!18; LUK 12:51!10; LUK 12:59!1; LUK 13:24!9; LUK 13:3!2; LUK 13:35!7; LUK 13:5!2; LUK 14:24!1; LUK 15:10!2; LUK 15:7!1; LUK 16:9!4; LUK 17:34!1; LUK 18:14!1; LUK 18:17!2; LUK 18:29!6; LUK 18:8!1; LUK 19:26!1; LUK 20:8!8; LUK 21:3!4; LUK 21:32!2; LUK 22:16!1; LUK 22:18!1; LUK 22:37!1; LUK 23:43!6; LUK 3:8!17; LUK 4:24!4; LUK 4:25!4; LUK 5:24!20; LUK 6:27!3; LUK 6:46!11; LUK 7:14!14; LUK 7:26!7; LUK 7:28!1; LUK 7:47!3; LUK 7:8!14; LUK 9:27!1)|λέγων (LUK 10:25!8; LUK 11:45!10; LUK 12:16!6; LUK 12:17!5; LUK 13:27!3; LUK 14:3!11; LUK 14:7!12; LUK 15:3!8; LUK 15:6!12; LUK 17:4!14; LUK 18:13!20; LUK 18:16!6; LUK 18:18!6; LUK 18:2!1; LUK 18:38!3; LUK 19:16!5; LUK 19:18!5; LUK 19:20!5; LUK 19:30!1; LUK 19:42!1; LUK 19:46!1; LUK 1:63!5; LUK 1:67!11; LUK 22:19!9; LUK 22:20!8; LUK 22:42!1; LUK 22:57!4; LUK 22:59!9; LUK 23:3!6; LUK 23:39!8; LUK 23:47!10; LUK 24:7!1; LUK 3:16!2; LUK 4:35!6; LUK 5:12!25; LUK 5:8!9; LUK 7:19!5; LUK 7:20!15; LUK 7:39!11; LUK 7:6!20; LUK 8:38!17; LUK 8:49!9; LUK 8:54!8; LUK 8:8!15; LUK 9:18!17; LUK 9:38!8)|λαλεῖ (LUK 5:21!14; LUK 6:45!27)|λαλεῖν (LUK 4:41!22; LUK 7:15!7)|λαληθέντος (LUK 2:17!8)|λαληθέντων (LUK 2:18!8)|λαλουμένοις (LUK 2:33!12)|λαλούντων (LUK 24:36!4)|λαλοῦντος (LUK 22:47!3; LUK 22:60!13; LUK 8:49!3)|λαλῆσαι (LUK 11:37!4; LUK 1:19!17; LUK 1:20!8; LUK 1:22!5)|λαλῶν (LUK 5:4!4)|λεγομένη (LUK 22:1!8)|λεγόμενα (LUK 18:34!18)|λεγόμενος (LUK 22:47!8)|λεγόντων (LUK 21:5!3; LUK 2:13!14)|λελαλημένοις (LUK 1:45!9)|λόγοι (LUK 21:33!9; LUK 24:17!7; LUK 24:44!7)|λόγοις (LUK 1:20!19; LUK 23:9!5; LUK 4:22!9)|λόγον (LUK 10:39!17; LUK 11:28!9; LUK 12:10!5; LUK 20:3!9; LUK 5:1!12; LUK 8:12!16; LUK 8:13!13; LUK 8:15!17; LUK 8:21!16)|λόγος (LUK 4:32!12; LUK 4:36!13; LUK 5:15!5; LUK 7:17!4; LUK 8:11!10)|λόγου (LUK 1:2!12; LUK 20:20!12; LUK 22:61!13)|λόγους (LUK 9:26!9; LUK 9:28!5; LUK 9:44!8)|λόγων (LUK 1:4!6; LUK 3:4!5; LUK 6:47!10)|λόγῳ (LUK 1:29!5; LUK 24:19!22; LUK 7:7!10)|λῆρος (LUK 24:11!6)|μάρτυρές (LUK 11:48!2)|μάρτυρες (LUK 24:48!3)|μαρτυρίας (LUK 22:71!7)|μαρτύριον (LUK 21:13!4; LUK 5:14!23; LUK 9:5!20)|νομικοὶ (LUK 7:30!6)|νομικοὺς (LUK 14:3!8)|νομικοῖς (LUK 11:46!7; LUK 11:52!4)|νομικός (LUK 10:25!3)|νομικῶν (LUK 11:45!5)|νομοδιδάσκαλοι (LUK 5:17!16)|νόμον (LUK 2:22!11; LUK 2:39!8)|νόμος (LUK 16:16!2)|νόμου (LUK 16:17!12; LUK 2:27!25)|νόμῳ (LUK 10:26!8; LUK 24:44!25; LUK 2:23!4; LUK 2:24!10)|οὖς (LUK 12:3!16)|παρέδοσαν (LUK 1:2!2)|παρήγγειλεν (LUK 5:14!3; LUK 8:56!8; LUK 9:21!5)|παρήγγελλεν (LUK 8:29!1)|παραβολή (LUK 8:11!5; LUK 8:9!11)|παραβολήν (LUK 13:6!5; LUK 14:7!6)|παραβολαῖς (LUK 8:10!17)|παραβολὴν (LUK 12:16!3; LUK 12:41!9; LUK 15:3!6; LUK 18:1!3; LUK 18:9!18; LUK 19:11!7; LUK 20:19!28; LUK 20:9!8; LUK 21:29!3; LUK 4:23!9; LUK 5:36!4; LUK 6:39!4)|παραβολῆς (LUK 8:4!14)|παραιτεῖσθαι (LUK 14:18!6)|παρεβιάσαντο (LUK 24:29!2)|παρεκάλει (LUK 15:28!12; LUK 8:41!21)|παρεκάλεσαν (LUK 8:32!12)|παρεκάλουν (LUK 7:4!7; LUK 8:31!2)|παρῃτημένον (LUK 14:18!23; LUK 14:19!16)|πεισθήσονται (LUK 16:31!17)|πεπεισμένος (LUK 20:6!11)|προσέταξεν (LUK 5:14!20)|προσεκαλέσατο (LUK 18:16!4)|προσευχομένου (LUK 3:21!13)|προσευχόμενον (LUK 11:1!10; LUK 1:10!8; LUK 9:18!7)|προσευχόμενος (LUK 5:16!9)|προσευχῆς (LUK 19:46!10; LUK 22:45!5)|προσευχῇ (LUK 6:12!18)|προσεφώνησεν (LUK 13:12!6; LUK 23:20!5; LUK 6:13!5)|προσεύξασθαι (LUK 18:10!7; LUK 6:12!12; LUK 9:28!21)|προσεύχεσθαι (LUK 11:1!23; LUK 18:1!9; LUK 9:29!5)|προσεύχεσθε (LUK 22:46!7; LUK 6:28!5)|προσεύχησθε (LUK 11:2!5)|προσεύχονται (LUK 20:47!10)|προσηύχετο (LUK 18:11!7; LUK 22:41!13; LUK 22:44!6)|προσκαλεσάμενος (LUK 15:26!2; LUK 16:5!2; LUK 7:18!11)|προσφωνοῦσιν (LUK 7:32!9)|πρὸς (LUK 12:3!14)|σημεῖα (LUK 21:11!14; LUK 21:25!3)|σημεῖον (LUK 11:16!4; LUK 11:29!13; LUK 11:29!16; LUK 11:29!23; LUK 11:30!7; LUK 21:7!13; LUK 23:8!25; LUK 2:12!5; LUK 2:34!25)|σιγήσῃ (LUK 18:39!7)|σιωπήσουσιν (LUK 19:40!9)|σιωπῶν (LUK 1:20!4)|στόμα (LUK 1:64!4; LUK 21:15!5)|στόματος (LUK 11:54!7; LUK 1:70!4; LUK 22:71!14; LUK 4:22!16)|στόματός (LUK 19:22!5)|συγκαλεσάμενος (LUK 23:13!3)|συγκαλεῖ (LUK 15:6!6; LUK 15:9!3)|συζητεῖν (LUK 22:23!4; LUK 24:15!8)|συκοφαντήσητε (LUK 3:14!17)|συνελάλησεν (LUK 22:4!3)|συνελάλουν (LUK 4:36!7; LUK 9:30!5)|συνελογίσαντο (LUK 20:5!3)|τόπον (LUK 4:17!14)|φήμη (LUK 4:14!14)|φησίν (LUK 7:40!17)|φιλονεικία (LUK 22:24!4)|φωνήσας (LUK 16:2!2; LUK 16:24!3; LUK 23:46!2)|φωναὶ (LUK 23:23!12)|φωναῖς (LUK 23:23!4)|φωνηθῆναι (LUK 19:15!12)|φωνὴ (LUK 9:35!2)|φωνὴν (LUK 11:27!10; LUK 17:13!4; LUK 3:22!14; LUK 9:36!6)|φωνῆς (LUK 17:15!10)|φωνῇ (LUK 19:37!22; LUK 23:46!3; LUK 4:33!13; LUK 8:28!9)|φώνει (LUK 14:12!13)|χάριν (LUK 17:9!3)|ψαλμοῖς (LUK 24:44!30)|ψαλμῶν (LUK 20:42!7)|ψευδομαρτυρήσῃς (LUK 18:20!11)|ἀγγέλους (LUK 9:52!3)|ἀγγέλων (LUK 7:24!4)|ἀκούειν (LUK 23:8!19)|ἀκούσαντες (LUK 1:66!5; LUK 2:18!4)|ἀκούσας (LUK 6:49!3; LUK 7:3!1)|ἀκούσητε (LUK 21:9!3)|ἀκούω (LUK 16:2!8; LUK 9:9!14)|ἀνέγνωτε (LUK 6:3!10)|ἀνέκραξεν (LUK 4:33!12)|ἀναγινώσκεις (LUK 10:26!12)|ἀναγνῶναι (LUK 4:16!24)|ἀνακράξας (LUK 8:28!5)|ἀνεφώνησεν (LUK 1:42!2)|ἀνεῴχθη (LUK 1:64!1)|ἀνθωμολογεῖτο (LUK 2:38!6)|ἀνταποκριθῆναι (LUK 14:6!4)|ἀντειπεῖν (LUK 21:15!13)|ἀντιβάλλετε (LUK 24:17!10)|ἀντικαλέσωσίν (LUK 14:12!31)|ἀντιλέγοντες (LUK 20:27!7)|ἀντιλεγόμενον (LUK 2:34!26)|ἀπήγγειλαν (LUK 18:37!1; LUK 24:9!6; LUK 7:18!2; LUK 8:34!9; LUK 8:36!1; LUK 9:36!15)|ἀπήγγειλεν (LUK 14:21!5; LUK 8:47!18)|ἀπαίτει (LUK 6:30!12)|ἀπαγγέλλοντες (LUK 13:1!8)|ἀπαγγείλατε (LUK 7:22!6)|ἀπαιτοῦσιν (LUK 12:20!13)|ἀπαρνήσῃ (LUK 22:34!14; LUK 22:61!24)|ἀπεκρίθη (LUK 13:15!1; LUK 17:20!12; LUK 4:4!2; LUK 8:50!5)|ἀπεκρίθης (LUK 10:28!5)|ἀπεκρίθησαν (LUK 20:7!2)|ἀπεκρίνατο (LUK 23:9!10; LUK 3:16!1)|ἀπηγγέλη (LUK 8:20!1)|ἀπογράφεσθαι (LUK 2:1!12; LUK 2:3!4)|ἀπογράψασθαι (LUK 2:5!1)|ἀπογραφὴ (LUK 2:2!2)|ἀποκρίσει (LUK 20:26!14)|ἀποκρίσεσιν (LUK 2:47!12)|ἀποκριθέντες (LUK 17:37!2; LUK 20:24!9; LUK 20:39!1; LUK 9:19!3)|ἀποκριθεὶς (LUK 10:27!3; LUK 10:41!1; LUK 11:7!3; LUK 13:14!1; LUK 13:2!2; LUK 13:25!24; LUK 13:8!3; LUK 14:3!2; LUK 15:29!3; LUK 17:17!1; LUK 19:40!2; LUK 1:19!2; LUK 1:35!2; LUK 20:3!1; LUK 22:51!1; LUK 23:3!15; LUK 23:40!1; LUK 24:18!1; LUK 3:11!1; LUK 4:12!2; LUK 4:8!2; LUK 5:22!8; LUK 5:31!2; LUK 5:5!2; LUK 6:3!2; LUK 7:22!2; LUK 7:40!2; LUK 7:43!1; LUK 8:21!3; LUK 9:20!12; LUK 9:41!1)|ἀποκριθεῖσα (LUK 1:60!2)|ἀποκριθῆτε (LUK 22:68!6)|ἀπολογήσησθε (LUK 12:11!19)|ἀπολογηθῆναι (LUK 21:14!9)|ἀποστοματίζειν (LUK 11:53!13)|ἀποστόλους (LUK 11:49!14)|ἀποτάξασθαι (LUK 9:61!12)|ἀρνουμένων (LUK 8:45!9)|ἀσπάσησθε (LUK 10:4!13)|ἀσπασμοὺς (LUK 11:43!14; LUK 20:46!12)|ἀσπασμοῦ (LUK 1:44!8)|ἀσπασμὸν (LUK 1:41!6)|ἀσπασμὸς (LUK 1:29!12)|ἀχαρίστους (LUK 6:35!28)|ἀχρεῖοί (LUK 17:10!13)|ἄγγελόν (LUK 7:27!9)|Ἀνέκραγον (LUK 23:18!1)|Ἀποκριθεὶς (LUK 11:45!1; LUK 9:49!1)|Ἄφες (LUK 9:60!4)|ἐβλασφήμει (LUK 23:39!6)|ἐβόησεν (LUK 18:38!2; LUK 9:38!7)|ἐγγέγραπται (LUK 10:20!17)|ἐγόγγυζον (LUK 5:30!2)|ἐδίδαξας (LUK 13:26!14)|ἐδίδαξεν (LUK 11:1!27)|ἐδίδασκεν (LUK 4:15!3; LUK 5:3!22)|ἐδεήθη (LUK 5:12!23)|ἐδεήθην (LUK 22:32!3; LUK 9:40!2)|ἐδεῖτο (LUK 8:38!1)|ἐδόξαζεν (LUK 13:13!10; LUK 23:47!7)|ἐδόξαζον (LUK 5:26!6; LUK 7:16!6)|ἐθρηνήσαμεν (LUK 7:32!18)|ἐκάλεσεν (LUK 14:16!11)|ἐκάλουν (LUK 1:59!13)|ἐκέλευσεν (LUK 18:40!5)|ἐκβάλωσιν (LUK 6:22!15)|ἐκλήθη (LUK 2:21!10)|ἐλάλει (LUK 1:64!12; LUK 24:32!14; LUK 2:38!10; LUK 9:11!10)|ἐλάλησα (LUK 24:44!10)|ἐλάλησαν (LUK 24:25!17)|ἐλάλησεν (LUK 11:14!11; LUK 1:55!2; LUK 1:70!2; LUK 24:6!8; LUK 2:50!8)|ἐλάλουν (LUK 2:15!14)|ἐλέγετε (LUK 17:6!11)|ἐλαλήθη (LUK 2:20!17)|ἐλαλήσατε (LUK 12:3!17)|ἐλεγχόμενος (LUK 3:19!6)|ἐμήνυσεν (LUK 20:37!8)|ἐμαρτύρουν (LUK 4:22!3)|ἐμπαίζειν (LUK 14:29!15)|ἐμπαίξας (LUK 23:11!12)|ἐμπαιχθήσεται (LUK 18:32!6)|ἐνένευον (LUK 1:62!1)|ἐνέπαιζον (LUK 22:63!7)|ἐνέπαιξαν (LUK 23:36!1)|ἐντελεῖται (LUK 4:10!7)|ἐντολήν (LUK 15:29!15; LUK 23:56!14)|ἐντολαῖς (LUK 1:6!12)|ἐντολὰς (LUK 18:20!2)|ἐξεμυκτήριζον (LUK 16:14!10; LUK 23:35!6)|ἐξηγοῦντο (LUK 24:35!3)|ἐξωμολόγησεν (LUK 22:6!2)|ἐξῃτήσατο (LUK 22:31!6)|ἐπάρασά (LUK 11:27!8)|ἐπέταξας (LUK 14:22!8)|ἐπαγγελίαν (LUK 24:49!6)|ἐπαιτεῖν (LUK 16:3!21)|ἐπαιτῶν (LUK 18:35!15)|ἐπερωτᾶν (LUK 20:40!4)|ἐπερωτῶντα (LUK 2:46!20)|ἐπετίμησεν (LUK 4:35!2; LUK 4:39!5; LUK 8:24!12; LUK 9:42!11; LUK 9:55!3)|ἐπετίμων (LUK 18:15!14; LUK 18:39!4)|ἐπεφώνουν (LUK 23:21!3)|ἐπηρώτησέν (LUK 18:18!2)|ἐπηρώτησαν (LUK 20:21!2; LUK 20:27!11)|ἐπηρώτησεν (LUK 18:40!13; LUK 23:6!4; LUK 8:30!1; LUK 9:18!15)|ἐπηρώτων (LUK 22:64!4; LUK 3:10!2; LUK 3:14!1)|ἐπιγραφήν (LUK 20:24!8)|ἐπιγραφὴ (LUK 23:38!4)|ἐπιτάξῃ (LUK 8:31!6)|ἐπιτάσσει (LUK 4:36!20; LUK 8:25!22)|ἐπιτίμησον (LUK 17:3!8; LUK 19:39!12)|ἐπιτιμήσας (LUK 9:21!3)|ἐπιτιμῶν (LUK 23:40!5; LUK 4:41!18)|ἐπροφήτευσεν (LUK 1:67!10)|ἐπυνθάνετο (LUK 15:26!6; LUK 18:36!5)|ἐπῄνεσεν (LUK 16:8!2)|ἐρεῖ (LUK 12:10!4; LUK 13:25!25; LUK 13:27!2; LUK 14:10!16; LUK 14:9!8; LUK 17:7!15; LUK 17:8!3; LUK 20:5!12)|ἐρεῖτέ (LUK 4:23!6)|ἐρεῖτε (LUK 19:31!10; LUK 22:11!2)|ἐροῦσιν (LUK 17:21!2; LUK 17:23!2; LUK 23:29!7)|ἐρωτήσω (LUK 22:68!3)|ἐρωτᾷ (LUK 11:37!5; LUK 14:32!10; LUK 19:31!5)|ἐρωτῆσαι (LUK 9:45!18)|ἐρωτῶ (LUK 14:18!19; LUK 14:19!12)|ἐρωτῶν (LUK 7:3!12)|ἐρῶ (LUK 12:19!2; LUK 15:18!8)|ἐσίγησαν (LUK 20:26!16; LUK 9:36!12)|ἐσυκοφάντησα (LUK 19:8!22)|ἐφώνει (LUK 8:8!16)|ἐφώνησεν (LUK 8:54!7)|ἔγραψεν (LUK 1:63!4; LUK 20:28!4)|ἔκραζεν (LUK 18:39!12)|ἔλεγεν (LUK 10:2!1; LUK 13:14!12; LUK 16:5!10; LUK 21:10!2; LUK 23:34!4; LUK 23:42!2; LUK 3:11!3; LUK 5:36!1; LUK 6:20!11; LUK 6:5!2)|ἔλεγον (LUK 22:65!5; LUK 24:10!17; LUK 4:22!19; LUK 9:31!5)|ἔφη (LUK 15:17!5; LUK 22:58!16; LUK 22:58!7; LUK 22:70!15; LUK 23:3!17; LUK 23:40!7; LUK 7:44!8)|Ἐξομολογοῦμαί (LUK 10:21!12)|Ἐπερωτηθεὶς (LUK 17:20!1)|Ἐπερωτῶ (LUK 6:9!7)|Ἐπηρώτησαν (LUK 21:7!1)|Ἐπηρώτων (LUK 8:9!1)|Ἐρωτήσω (LUK 20:3!6)|Ἐρωτῶ (LUK 16:27!3)|Ἔλεγεν (LUK 12:54!1; LUK 13:18!1; LUK 13:6!1; LUK 14:12!1; LUK 14:7!1; LUK 16:1!1; LUK 18:1!1; LUK 3:7!1; LUK 9:23!1)|ἠκούσαμεν (LUK 4:23!15)|ἠρνήσατο (LUK 22:57!3)|ἠρώτησαν (LUK 4:38!20)|ἠρώτησεν (LUK 23:3!4; LUK 5:3!10; LUK 8:37!2)|ἠσπάσατο (LUK 1:40!8)|ἡσύχασαν (LUK 14:4!3)|ἤκουσαν (LUK 1:58!2)|ἦχος (LUK 4:37!3)|Ἠρώτα (LUK 7:36!1)|Ἤκουσεν (LUK 9:7!1)|ὀνειδίσωσιν (LUK 6:22!13)|ὀνόματί (LUK 10:17!17; LUK 21:8!12; LUK 9:48!12; LUK 9:49!10)|ὀνόματα (LUK 10:20!15)|ὀνόματι (LUK 10:38!14; LUK 13:35!22; LUK 16:20!4; LUK 19:2!4; LUK 19:38!7; LUK 1:5!11; LUK 1:59!17; LUK 1:61!15; LUK 23:50!4; LUK 24:18!4; LUK 24:47!5; LUK 5:27!8)|ὀνόματός (LUK 21:12!26)|ὀπτασίαν (LUK 1:22!10; LUK 24:23!10)|ὁμιλεῖν (LUK 24:15!5)|ὁμολογήσει (LUK 12:8!18)|ὁμολογήσῃ (LUK 12:8!7)|ὄνομά (LUK 11:2!10; LUK 21:17!8; LUK 8:30!8)|ὄνομα (LUK 1:13!26; LUK 1:26!19; LUK 1:27!13; LUK 1:27!6; LUK 1:31!12; LUK 1:49!10; LUK 1:5!25; LUK 1:63!8; LUK 24:13!20; LUK 2:21!12; LUK 2:25!8; LUK 6:22!17; LUK 8:41!6)|ὅρκον (LUK 1:73!1)|ὑβρίζεις (LUK 11:45!13)|ὑβρισθήσεται (LUK 18:32!8)|ὑποδείξω (LUK 6:47!14)|ὑπολαβὼν (LUK 10:30!1)|ὠνόμασεν (LUK 6:13!17; LUK 6:14!4)|ὡμίλουν (LUK 24:14!3)|ὤμοσεν (LUK 1:73!3)|ᾐτήσατο (LUK 23:52!5)|ᾐτοῦντο (LUK 23:25!12)|ῥήματί (LUK 5:5!15)|ῥήματα (LUK 24:11!8; LUK 7:1!5)|ῥήματος (LUK 20:26!6; LUK 2:17!6; LUK 9:45!22)|ῥημάτων (LUK 24:8!4)|ῥῆμά (LUK 1:38!12; LUK 2:29!9)|ῥῆμα (LUK 18:34!9; LUK 2:50!6; LUK 3:2!7; LUK 9:45!5)
3.5.1.3,True,5,8,12,"72.1, 72.12, 72.13, 72.19, 72.6",καλῶς (LUK 20:39!8)|ἀκριβῶς (LUK 1:3!6)|ἀληθινὸν (LUK 16:11!11)|ἀμὴν (LUK 12:37!11; LUK 18:17!1; LUK 21:32!1)|Ἀμήν (LUK 23:43!4)|Ἀμὴν (LUK 18:29!5; LUK 4:24!3)|ὀρθῶς (LUK 20:21!8)|Ὀρθῶς (LUK 10:28!4; LUK 7:43!14)
3.5.1.3.5,Real,3,5,8,"70.2, 70.3, 70.4",ἀληθείας (LUK 20:21!18; LUK 22:59!11; LUK 4:25!2)|ἀληθῶς (LUK 12:44!1; LUK 9:27!4)|Ἀληθῶς (LUK 21:3!3)|ὄντως (LUK 24:34!3)|Ὄντως (LUK 23:47!11)
4,Relationships,26,64,79,"34.10, 34.11, 34.12, 34.17, 34.22, 34.24, 34.26, 34.3, 34.36, 34.44, 34.48, 34.49, 34.50, 34.51, 34.53, 34.54, 34.6, 34.61, 34.62, 34.64, 34.66, 34.68, 34.72, 34.74, 34.78, 34.8",Φίλε (LUK 11:5!18; LUK 14:10!18)|γάμους (LUK 14:8!6)|γάμων (LUK 12:36!13)|γαμίζονται (LUK 20:35!17)|γαμίσκονται (LUK 20:34!13)|γαμοῦσιν (LUK 20:34!11; LUK 20:35!15)|γαμῶν (LUK 16:18!16; LUK 16:18!8)|γνωστοὶ (LUK 23:49!5)|γνωστοῖς (LUK 2:44!19)|δέξηται (LUK 9:48!20; LUK 9:48!6)|δέξωνταί (LUK 16:4!10)|δέξωνται (LUK 16:9!16)|δέχεται (LUK 9:48!15; LUK 9:48!21)|δέχωνται (LUK 10:10!9; LUK 10:8!8; LUK 9:5!5)|δεκτόν (LUK 4:19!4)|δεκτός (LUK 4:24!9)|διαθήκη (LUK 22:20!14)|διαθήκης (LUK 1:72!9)|διαμεμενηκότες (LUK 22:28!5)|καταλύσωσιν (LUK 9:12!23)|καταλῦσαι (LUK 19:7!11)|καταφιλοῦσά (LUK 7:45!12)|κατεφίλει (LUK 7:38!24)|κατεφίλησεν (LUK 15:20!28)|κοινωνοὶ (LUK 5:10!11)|μετόχοις (LUK 5:7!4)|προσδέχεται (LUK 15:2!13)|συνανακείμενοι (LUK 7:49!4)|συνανακειμένων (LUK 14:10!28; LUK 14:15!5)|φίλας (LUK 15:9!5)|φίλημά (LUK 7:45!1)|φίλοι (LUK 23:12!3)|φίλοις (LUK 12:4!5)|φίλον (LUK 11:5!9; LUK 11:8!12)|φίλος (LUK 11:6!2; LUK 7:34!16)|φίλους (LUK 14:12!15; LUK 15:6!8; LUK 16:9!7; LUK 7:6!17)|φίλων (LUK 15:29!26; LUK 21:16!11)|φιλήματι (LUK 22:48!6)|φιλῆσαι (LUK 22:47!19)|ἀνθέξεται (LUK 16:13!18)|ἀπέλαβεν (LUK 15:27!22)|ἀπαρνηθήσεται (LUK 12:9!8)|ἀπεδέξατο (LUK 8:40!7)|ἀποδεξάμενος (LUK 9:11!8)|ἀπολελυμένην (LUK 16:18!13)|ἀπολύων (LUK 16:18!3)|ἀρνησάμενός (LUK 12:9!3)|ἀφίστανται (LUK 8:13!27)|ἀφορίσωσιν (LUK 6:22!10)|ἐγάμουν (LUK 17:27!3)|ἐγαμίζοντο (LUK 17:27!4)|ἐδέξαντο (LUK 9:53!3)|ἐδέξατο (LUK 2:28!3)|ἐκολλήθη (LUK 15:15!3)|ἐμνηστευμένην (LUK 1:27!3)|ἐμνηστευμένῃ (LUK 2:5!5)|ἐπέπεσεν (LUK 15:20!22)|ἐπεσκέψατο (LUK 1:68!8)|ἐπισκέψεται (LUK 1:78!8)|ἐπισκοπῆς (LUK 19:44!25)|ἔγημα (LUK 14:20!5)|Ἐπεσκέψατο (LUK 7:16!18)|ἰδεῖν (LUK 8:20!13)|ὑπεδέξατο (LUK 10:38!16; LUK 19:6!5)
4.1,Social behavior,26,64,79,"34.10, 34.11, 34.12, 34.17, 34.22, 34.24, 34.26, 34.3, 34.36, 34.44, 34.48, 34.49, 34.50, 34.51, 34.53, 34.54, 34.6, 34.61, 34.62, 34.64, 34.66, 34.68, 34.72, 34.74, 34.78, 34.8",Φίλε (LUK 11:5!18; LUK 14:10!18)|γάμους (LUK 14:8!6)|γάμων (LUK 12:36!13)|γαμίζονται (LUK 20:35!17)|γαμίσκονται (LUK 20:34!13)|γαμοῦσιν (LUK 20:34!11; LUK 20:35!15)|γαμῶν (LUK 16:18!16; LUK 16:18!8)|γνωστοὶ (LUK 23:49!5)|γνωστοῖς (LUK 2:44!19)|δέξηται (LUK 9:48!20; LUK 9:48!6)|δέξωνταί (LUK 16:4!10)|δέξωνται (LUK 16:9!16)|δέχεται (LUK 9:48!15; LUK 9:48!21)|δέχωνται (LUK 10:10!9; LUK 10:8!8; LUK 9:5!5)|δεκτόν (LUK 4:19!4)|δεκτός (LUK 4:24!9)|διαθήκη (LUK 22:20!14)|διαθήκης (LUK 1:72!9)|διαμεμενηκότες (LUK 22:28!5)|καταλύσωσιν (LUK 9:12!23)|καταλῦσαι (LUK 19:7!11)|καταφιλοῦσά (LUK 7:45!12)|κατεφίλει (LUK 7:38!24)|κατεφίλησεν (LUK 15:20!28)|κοινωνοὶ (LUK 5:10!11)|μετόχοις (LUK 5:7!4)|προσδέχεται (LUK 15:2!13)|συνανακείμενοι (LUK 7:49!4)|συνανακειμένων (LUK 14:10!28; LUK 14:15!5)|φίλας (LUK 15:9!5)|φίλημά (LUK 7:45!1)|φίλοι (LUK 23:12!3)|φίλοις (LUK 12:4!5)|φίλον (LUK 11:5!9; LUK 11:8!12)|φίλος (LUK 11:6!2; LUK 7:34!16)|φίλους (LUK 14:12!15; LUK 15:6!8; LUK 16:9!7; LUK 7:6!17)|φίλων (LUK 15:29!26; LUK 21:16!11)|φιλήματι (LUK 22:48!6)|φιλῆσαι (LUK 22:47!19)|ἀνθέξεται (LUK 16:13!18)|ἀπέλαβεν (LUK 15:27!22)|ἀπαρνηθήσεται (LUK 12:9!8)|ἀπεδέξατο (LUK 8:40!7)|ἀποδεξάμενος (LUK 9:11!8)|ἀπολελυμένην (LUK 16:18!13)|ἀπολύων (LUK 16:18!3)|ἀρνησάμενός (LUK 12:9!3)|ἀφίστανται (LUK 8:13!27)|ἀφορίσωσιν (LUK 6:22!10)|ἐγάμουν (LUK 17:27!3)|ἐγαμίζοντο (LUK 17:27!4)|ἐδέξαντο (LUK 9:53!3)|ἐδέξατο (LUK 2:28!3)|ἐκολλήθη (LUK 15:15!3)|ἐμνηστευμένην (LUK 1:27!3)|ἐμνηστευμένῃ (LUK 2:5!5)|ἐπέπεσεν (LUK 15:20!22)|ἐπεσκέψατο (LUK 1:68!8)|ἐπισκέψεται (LUK 1:78!8)|ἐπισκοπῆς (LUK 19:44!25)|ἔγημα (LUK 14:20!5)|Ἐπεσκέψατο (LUK 7:16!18)|ἰδεῖν (LUK 8:20!13)|ὑπεδέξατο (LUK 10:38!16; LUK 19:6!5)
4.1.9,Kinship,31,87,199,"10.14, 10.16, 10.18, 10.2, 10.20, 10.24, 10.28, 10.29, 10.30, 10.31, 10.36, 10.37, 10.38, 10.4, 10.41, 10.42, 10.43, 10.45, 10.46, 10.49, 10.5, 10.50, 10.53, 10.54, 10.56, 10.59, 10.6, 10.60, 10.61, 10.7, 10.8",Γυναῖκα (LUK 14:20!4)|Μήτηρ (LUK 8:21!7)|Πάτερ (LUK 15:12!8; LUK 15:18!10; LUK 15:21!6; LUK 16:24!5)|Πατέρα (LUK 3:8!13)|Τέκνον (LUK 15:31!5; LUK 16:25!4; LUK 2:48!12)|Υἱὲ (LUK 18:39!13)|γενεαί (LUK 1:48!18)|γενεὰ (LUK 21:32!9)|γενεὰν (LUK 16:8!26)|γονέων (LUK 21:16!5)|γονεῖς (LUK 18:29!19; LUK 2:27!14; LUK 2:41!4; LUK 2:43!19; LUK 8:56!4)|γυνή (LUK 1:13!17; LUK 1:18!17; LUK 20:33!10)|γυναικὸς (LUK 17:32!3; LUK 3:19!12)|γυναῖκα (LUK 14:26!17; LUK 16:18!5; LUK 18:29!15; LUK 20:28!11; LUK 20:28!22; LUK 20:29!9; LUK 20:33!16; LUK 4:26!14)|γυνὴ (LUK 1:24!9; LUK 1:5!17; LUK 20:32!4; LUK 8:3!3)|θυγάτηρ (LUK 12:53!13; LUK 2:36!5; LUK 8:42!2; LUK 8:49!13)|θυγατέρα (LUK 12:53!11; LUK 13:16!3)|θυγατέρων (LUK 1:5!21)|καρπὸς (LUK 1:42!14)|μήτηρ (LUK 12:53!9; LUK 1:43!8; LUK 1:60!4; LUK 2:33!8; LUK 2:48!10; LUK 2:51!15; LUK 8:19!6; LUK 8:20!5)|μητέρα (LUK 12:53!16; LUK 14:26!14; LUK 18:20!18; LUK 2:34!10; LUK 8:51!26)|μητρὶ (LUK 7:12!15; LUK 7:15!12)|μητρὸς (LUK 1:15!21)|νυμφίος (LUK 5:34!15; LUK 5:35!10)|νύμφη (LUK 12:53!23)|νύμφην (LUK 12:53!20)|οἴκου (LUK 1:27!9; LUK 2:4!25)|οἴκῳ (LUK 10:5!11; LUK 12:52!9; LUK 19:9!11; LUK 1:69!7)|οἶκον (LUK 11:17!18; LUK 16:27!12; LUK 1:33!5)|οἶκος (LUK 11:17!16)|πάτερ (LUK 16:27!6; LUK 16:30!5)|παιδία (LUK 11:7!15)|παιδὸς (LUK 1:54!3; LUK 1:69!9; LUK 8:51!23)|πατέρα (LUK 11:11!6; LUK 14:26!10; LUK 15:18!5; LUK 15:20!6; LUK 18:20!14; LUK 1:73!7; LUK 8:51!21; LUK 9:59!17)|πατέρας (LUK 1:55!5)|πατέρες (LUK 11:47!11; LUK 6:23!25; LUK 6:26!17)|πατέρων (LUK 11:48!9; LUK 1:17!13; LUK 1:72!5)|πατήρ (LUK 15:27!13; LUK 2:48!19)|πατρί (LUK 12:53!8; LUK 15:12!7)|πατριᾶς (LUK 2:4!27)|πατρός (LUK 15:17!9; LUK 16:27!14)|πατρὶ (LUK 15:29!6; LUK 1:62!4; LUK 9:42!27)|πατρὸς (LUK 1:32!18; LUK 1:59!19)|πατὴρ (LUK 12:53!2; LUK 15:20!16; LUK 15:22!4; LUK 15:28!9; LUK 1:67!4; LUK 2:33!4)|παῖς (LUK 2:43!12)|πενθεράν (LUK 12:53!26)|πενθερὰ (LUK 12:53!17; LUK 4:38!11)|πρωτότοκον (LUK 2:7!7)|σπέρματι (LUK 1:55!11)|συγγενίς (LUK 1:36!5)|συγγενείας (LUK 1:61!10)|συγγενεῖς (LUK 14:12!23; LUK 1:58!7)|συγγενεῦσιν (LUK 2:44!16)|συγγενῶν (LUK 21:16!9)|τέκνα (LUK 14:26!20; LUK 18:29!21; LUK 1:17!15; LUK 20:31!13; LUK 23:28!21; LUK 3:8!29)|τέκνοις (LUK 11:13!11)|τέκνον (LUK 1:7!5)|υἱούς (LUK 15:11!7)|υἱοὺς (LUK 5:10!7)|υἱόν (LUK 1:13!21; LUK 1:31!8; LUK 1:57!12; LUK 20:13!11; LUK 20:41!11; LUK 9:38!15; LUK 9:41!22)|υἱός (LUK 15:19!5; LUK 15:21!18; LUK 15:24!4; LUK 15:30!4; LUK 20:44!9; LUK 3:23!10; LUK 4:22!21)|υἱὲ (LUK 18:38!5)|υἱὸν (LUK 1:36!10; LUK 2:7!4; LUK 3:2!13)|υἱὸς (LUK 11:11!9; LUK 12:53!6; LUK 14:5!7; LUK 15:13!10; LUK 15:21!4; LUK 15:25!4; LUK 19:9!17; LUK 7:12!13)|υἱῷ (LUK 12:53!4)|φυλὰς (LUK 22:30!19)|φυλῆς (LUK 2:36!8)|χήρα (LUK 18:3!1; LUK 21:3!8; LUK 2:37!3; LUK 7:12!20)|χήραν (LUK 18:5!8; LUK 21:2!4; LUK 4:26!15)|χηρῶν (LUK 20:47!6)|χῆραι (LUK 4:25!7)|ἀδελφάς (LUK 14:26!26)|ἀδελφή (LUK 10:40!17)|ἀδελφοί (LUK 8:20!9)|ἀδελφούς (LUK 14:12!19; LUK 16:28!4)|ἀδελφοὶ (LUK 20:29!3; LUK 8:19!9)|ἀδελφοὺς (LUK 14:26!23; LUK 18:29!17)|ἀδελφοῦ (LUK 3:1!22; LUK 3:19!14)|ἀδελφός (LUK 15:27!7; LUK 15:32!8)|ἀδελφὴ (LUK 10:39!4)|ἀδελφὸν (LUK 6:14!9)|ἀδελφὸς (LUK 20:28!19; LUK 20:28!8)|ἀδελφῶν (LUK 21:16!7)|ἀδελφῷ (LUK 12:13!11; LUK 20:28!27)|ἀνδρὸς (LUK 16:18!15; LUK 2:36!17)|ἄρσεν (LUK 2:23!8)|ἄτεκνος (LUK 20:28!14; LUK 20:29!11)
4.2.1.7,"Crowd, group",25,57,163,"11.1, 11.12, 11.14, 11.16, 11.23, 11.31, 11.37, 11.4, 11.47, 11.48, 11.49, 11.5, 11.55, 11.58, 11.61, 11.63, 11.65, 11.68, 11.7, 11.76, 11.80, 11.83, 11.85, 11.88, 11.89",Ζηλωτὴν (LUK 6:15!12)|Θυγατέρες (LUK 23:28!8)|Σαδδουκαίων (LUK 20:27!5)|Φαρισαίοις (LUK 11:42!5; LUK 11:43!4)|Φαρισαίου (LUK 7:36!17; LUK 7:37!18)|Φαρισαίους (LUK 14:3!10)|Φαρισαίων (LUK 12:1!27; LUK 14:1!13; LUK 17:20!5; LUK 19:39!4; LUK 5:33!18; LUK 6:2!4; LUK 7:36!6)|Φαρισαῖοι (LUK 11:39!10; LUK 11:53!9; LUK 13:31!7; LUK 15:2!5; LUK 16:14!6; LUK 5:17!14; LUK 5:21!8; LUK 5:30!4; LUK 6:7!7; LUK 7:30!3)|Φαρισαῖος (LUK 11:37!7; LUK 11:38!3; LUK 18:10!10; LUK 18:11!2; LUK 7:39!4)|αἰῶνος (LUK 16:8!16; LUK 20:34!9)|βουλευτὴς (LUK 23:50!6)|γείτονας (LUK 14:12!26; LUK 15:6!11; LUK 15:9!7)|γενεὰ (LUK 11:29!10; LUK 11:29!8; LUK 21:32!9; LUK 9:41!7)|γενεᾶς (LUK 11:31!11; LUK 11:32!9; LUK 11:50!15; LUK 11:51!21; LUK 17:25!11; LUK 7:31!7)|γενεᾷ (LUK 11:30!16)|κλισίας (LUK 9:14!14)|λαοῦ (LUK 19:47!23; LUK 1:10!7; LUK 20:45!5; LUK 22:66!9; LUK 23:27!7; LUK 24:19!29; LUK 2:32!7; LUK 3:15!4; LUK 6:17!18; LUK 7:1!11; LUK 8:47!22)|λαόν (LUK 3:18!9)|λαὸν (LUK 1:17!23; LUK 20:1!10; LUK 3:21!8; LUK 7:16!22; LUK 9:13!30)|λαὸς (LUK 18:43!13; LUK 19:48!8; LUK 1:21!4; LUK 21:38!4; LUK 23:35!4)|λαῶν (LUK 2:31!7)|λαῷ (LUK 1:68!13; LUK 1:77!6; LUK 21:23!23; LUK 2:10!18)|περίοικοι (LUK 1:58!4)|πλησίον (LUK 10:27!35; LUK 10:29!14; LUK 10:36!5)|πλῆθος (LUK 19:37!15; LUK 1:10!4; LUK 23:1!5; LUK 23:27!5; LUK 2:13!7; LUK 6:17!15; LUK 8:37!6)|ποίμνιον (LUK 12:32!5)|πολιτῶν (LUK 15:15!6)|πολῖται (LUK 19:14!3)|πρεσβυτέριον (LUK 22:66!7)|πόλεσιν (LUK 4:43!10)|πόλιν (LUK 8:34!12)|συνέδριον (LUK 22:66!19)|τέκνα (LUK 13:34!17; LUK 19:44!6)|υἱοὶ (LUK 16:8!14; LUK 20:34!7)|υἱοὺς (LUK 16:8!21; LUK 5:34!9)|υἱῶν (LUK 1:16!4)|φωτὸς (LUK 16:8!23)|ἀδελφοί (LUK 8:21!10)|ἀδελφούς (LUK 22:32!18)|ἀδελφοῦ (LUK 6:41!11; LUK 6:42!45)|ἀδελφός (LUK 17:3!6)|ἀδελφῷ (LUK 6:42!5)|ἀλλογενὴς (LUK 17:18!11)|Ἀδελφέ (LUK 6:42!7)|ἐθνῶν (LUK 21:24!16; LUK 21:24!21; LUK 21:25!15; LUK 22:25!8; LUK 2:32!4)|ἐφημερίας (LUK 1:5!14; LUK 1:8!11)|ἔθνεσιν (LUK 18:32!4)|ἔθνη (LUK 12:30!5; LUK 21:24!9; LUK 24:47!14)|ἔθνος (LUK 21:10!5; LUK 21:10!7; LUK 23:2!10; LUK 7:5!4)|ὄχλοι (LUK 11:14!17; LUK 14:25!4; LUK 23:48!5; LUK 3:10!5; LUK 4:42!11; LUK 5:15!10; LUK 8:42!18; LUK 8:45!17; LUK 9:11!3; LUK 9:18!21)|ὄχλοις (LUK 12:54!5; LUK 3:7!5)|ὄχλον (LUK 5:1!6; LUK 5:19!9; LUK 8:19!18; LUK 9:12!14)|ὄχλος (LUK 13:17!13; LUK 22:47!5; LUK 5:29!13; LUK 6:17!10; LUK 6:19!4; LUK 7:11!18; LUK 7:12!22; LUK 8:40!10; LUK 9:37!13)|ὄχλου (LUK 11:27!14; LUK 12:1!7; LUK 12:13!6; LUK 18:36!3; LUK 19:3!13; LUK 19:39!7; LUK 22:6!10; LUK 8:4!3; LUK 9:38!6)|ὄχλους (LUK 5:3!24; LUK 7:24!10)|ὄχλων (LUK 11:29!3)|ὄχλῳ (LUK 7:9!13; LUK 9:16!24)
4.2.2,Celebrate,4,11,13,"51.2, 51.3, 51.6, 51.7",Πάσχα (LUK 22:1!9)|εὐφραίνεσθαι (LUK 15:24!16)|εὐφραίνου (LUK 12:19!17)|εὐφραινόμενος (LUK 16:19!11)|εὐφρανθῆναι (LUK 15:32!1)|εὐφρανθῶ (LUK 15:29!28)|εὐφρανθῶμεν (LUK 15:23!10)|πάσχα (LUK 22:13!10; LUK 22:8!11; LUK 2:41!13)|ἑορτὴ (LUK 22:1!4)|ἑορτῆς (LUK 2:42!12)|ἑορτῇ (LUK 2:41!11)
4.2.2.1,Ceremony,4,11,13,"51.2, 51.3, 51.6, 51.7",Πάσχα (LUK 22:1!9)|εὐφραίνεσθαι (LUK 15:24!16)|εὐφραίνου (LUK 12:19!17)|εὐφραινόμενος (LUK 16:19!11)|εὐφρανθῆναι (LUK 15:32!1)|εὐφρανθῶ (LUK 15:29!28)|εὐφρανθῶμεν (LUK 15:23!10)|πάσχα (LUK 22:13!10; LUK 22:8!11; LUK 2:41!13)|ἑορτὴ (LUK 22:1!4)|ἑορτῆς (LUK 2:42!12)|ἑορτῇ (LUK 2:41!11)
4.2.2.2,"Festival, show",4,11,13,"51.2, 51.3, 51.6, 51.7",Πάσχα (LUK 22:1!9)|εὐφραίνεσθαι (LUK 15:24!16)|εὐφραίνου (LUK 12:19!17)|εὐφραινόμενος (LUK 16:19!11)|εὐφρανθῆναι (LUK 15:32!1)|εὐφρανθῶ (LUK 15:29!28)|εὐφρανθῶμεν (LUK 15:23!10)|πάσχα (LUK 22:13!10; LUK 22:8!11; LUK 2:41!13)|ἑορτὴ (LUK 22:1!4)|ἑορτῆς (LUK 2:42!12)|ἑορτῇ (LUK 2:41!11)
4.2.2.3,Social event,4,11,13,"51.2, 51.3, 51.6, 51.7",Πάσχα (LUK 22:1!9)|εὐφραίνεσθαι (LUK 15:24!16)|εὐφραίνου (LUK 12:19!17)|εὐφραινόμενος (LUK 16:19!11)|εὐφρανθῆναι (LUK 15:32!1)|εὐφρανθῶ (LUK 15:29!28)|εὐφρανθῶμεν (LUK 15:23!10)|πάσχα (LUK 22:13!10; LUK 22:8!11; LUK 2:41!13)|ἑορτὴ (LUK 22:1!4)|ἑορτῆς (LUK 2:42!12)|ἑορτῇ (LUK 2:41!11)
4.3,Behavior,83,171,236,"41.11, 41.16, 41.17, 41.18, 41.19, 41.2, 41.20, 41.21, 41.25, 41.26, 41.49, 41.51, 41.52, 41.7, 88.1, 88.106, 88.108, 88.110, 88.111, 88.112, 88.114, 88.12, 88.120, 88.123, 88.127, 88.129, 88.13, 88.138, 88.140, 88.145, 88.146, 88.15, 88.16, 88.174, 88.178, 88.183, 88.187, 88.191, 88.192, 88.195, 88.198, 88.20, 88.208, 88.21, 88.214, 88.227, 88.228, 88.230, 88.237, 88.238, 88.24, 88.25, 88.253, 88.255, 88.264, 88.27, 88.270, 88.275, 88.276, 88.277, 88.283, 88.285, 88.286, 88.288, 88.289, 88.295, 88.298, 88.3, 88.300, 88.304, 88.306, 88.308, 88.310, 88.315, 88.317, 88.4, 88.66, 88.68, 88.69, 88.75, 88.76, 88.81, 88.97",Εὐλογημένη (LUK 1:42!7)|Μετανοῶ (LUK 17:4!15)|αἴτιον (LUK 23:4!13)|αὐστηρός (LUK 19:22!15)|αὐστηρὸς (LUK 19:21!6)|βίου (LUK 8:14!19)|βιωτικαῖς (LUK 21:34!15)|δίκαιοι (LUK 18:9!12; LUK 1:6!3)|δίκαιος (LUK 23:47!15; LUK 23:50!11; LUK 2:25!14)|δεδικαιωμένος (LUK 18:14!5)|διαστρέφοντα (LUK 23:2!8)|διεστραμμένη (LUK 9:41!10)|δικαίοις (LUK 15:7!18)|δικαίους (LUK 20:20!7; LUK 5:32!4)|δικαίων (LUK 14:14!16; LUK 1:17!20)|δικαίως (LUK 23:41!4)|δικαιοσύνῃ (LUK 1:75!4)|δικαιοῦντες (LUK 16:15!7)|δικαιῶσαι (LUK 10:29!4)|εἰθισμένον (LUK 2:27!23)|εἰωθὸς (LUK 4:16!12)|εὐλογημένος (LUK 1:42!12)|ζύμης (LUK 12:1!22)|ζῶν (LUK 15:13!21)|θυμοῦ (LUK 4:28!4)|κακοποιῆσαι (LUK 6:9!15)|κακούργους (LUK 23:33!15)|κακούργων (LUK 23:39!5)|κακοῦργοι (LUK 23:32!5)|κακὸν (LUK 23:22!9)|καλῇ (LUK 8:15!12)|καλῶς (LUK 6:27!10)|καταφρονήσει (LUK 16:13!22)|κατεσθίουσιν (LUK 20:47!2)|κατευθῦναι (LUK 1:79!10)|κεχαριτωμένη (LUK 1:28!7)|κραιπάλῃ (LUK 21:34!10)|λαμβάνει (LUK 9:39!4)|λαμβάνεις (LUK 20:21!14)|λαμπρῶς (LUK 16:19!14)|μέθῃ (LUK 21:34!12)|μεθύσκεσθαι (LUK 12:45!29)|μετάνοιαν (LUK 24:47!7; LUK 5:32!8)|μετανοήσουσιν (LUK 16:30!15)|μετανοήσῃ (LUK 17:3!12)|μετανοίας (LUK 15:7!23; LUK 3:3!10; LUK 3:8!6)|μετανοοῦντι (LUK 15:10!14; LUK 15:7!13)|μετανοῆτε (LUK 13:3!7; LUK 13:5!7)|μετενόησαν (LUK 10:13!27; LUK 11:32!15)|μισήσει (LUK 16:13!11)|μισήσωσιν (LUK 6:22!4)|μισεῖ (LUK 14:26!8)|μισούμενοι (LUK 21:17!3)|μισούντων (LUK 1:71!10)|μισοῦσιν (LUK 6:27!13)|μοιχεύει (LUK 16:18!10; LUK 16:18!17)|μοιχεύσῃς (LUK 18:20!5)|μοιχοί (LUK 18:11!22)|οἰκτίρμονες (LUK 6:36!2)|οἰκτίρμων (LUK 6:36!7)|οἰνοπότης (LUK 7:34!15)|πανουργίαν (LUK 20:23!5)|πειραζόμενος (LUK 4:2!3)|πειρασμοῖς (LUK 22:28!10)|πειρασμοῦ (LUK 8:13!26)|πειρασμόν (LUK 11:4!19; LUK 22:40!12; LUK 22:46!12)|πειρασμὸν (LUK 4:13!4)|ποιήσει (LUK 20:15!10)|ποιήσω (LUK 18:41!4)|ποιεῖτε (LUK 6:31!9)|ποιῆσαι (LUK 1:72!1)|ποιῶσιν (LUK 6:31!5)|πονηρά (LUK 11:29!11)|πονηρίας (LUK 11:39!26)|πονηρούς (LUK 6:35!30)|πονηροὶ (LUK 11:13!4)|πονηροῦ (LUK 6:45!19)|πονηρόν (LUK 6:45!22)|πονηρότερα (LUK 11:26!7)|πονηρὲ (LUK 19:22!9)|πονηρὸν (LUK 6:22!20)|πονηρὸς (LUK 11:34!24; LUK 6:45!16)|πονηρῶν (LUK 3:19!21; LUK 7:21!13; LUK 8:2!9)|πορευόμενοι (LUK 1:6!8)|πορνῶν (LUK 15:30!13)|προσεποιήσατο (LUK 24:28!10)|προφάσει (LUK 20:47!8)|πρόσωπον (LUK 20:21!15)|σκάνδαλα (LUK 17:1!11)|σκανδαλίσῃ (LUK 17:2!18)|τρυφῇ (LUK 7:25!16)|χάριν (LUK 1:30!11)|χάρις (LUK 2:40!10)|χάριτος (LUK 4:22!11)|χρηστός (LUK 6:35!24)|ἀγαθέ (LUK 18:18!8)|ἀγαθοποιεῖτε (LUK 6:35!7)|ἀγαθοποιοῦντας (LUK 6:33!5)|ἀγαθοποιῆσαι (LUK 6:9!13)|ἀγαθοποιῆτε (LUK 6:33!3)|ἀγαθοῦ (LUK 6:45!6)|ἀγαθόν (LUK 18:19!9; LUK 6:45!13)|ἀγαθὴν (LUK 10:42!10)|ἀγαθὸς (LUK 18:19!11; LUK 6:45!2)|ἀγαθῇ (LUK 8:15!14)|ἀγανακτῶν (LUK 13:14!5)|ἀδίκῳ (LUK 16:11!5)|ἀδικίας (LUK 13:27!14; LUK 16:8!8; LUK 16:9!12; LUK 18:6!10)|ἀλώπεκι (LUK 13:32!7)|ἀνοίας (LUK 6:11!4)|ἀνόμων (LUK 22:37!15)|ἀποστρέφοντα (LUK 23:14!10)|ἀσώτως (LUK 15:13!22)|ἀτιμάσαντες (LUK 20:11!11)|ἁγίου (LUK 1:15!16; LUK 1:41!21; LUK 1:67!8; LUK 2:26!9; LUK 4:1!5)|ἁγίων (LUK 9:26!27)|ἁγίῳ (LUK 10:21!9; LUK 3:16!31)|ἁγιασθήτω (LUK 11:2!8)|ἁμάρτῃ (LUK 17:3!4)|ἁμαρτήσῃ (LUK 17:4!6)|ἁμαρτίαι (LUK 5:20!11; LUK 5:23!8; LUK 7:47!7; LUK 7:48!7)|ἁμαρτίας (LUK 11:4!5; LUK 5:21!18; LUK 5:24!15; LUK 7:49!13)|ἁμαρτιῶν (LUK 1:77!10; LUK 24:47!10; LUK 3:3!13)|ἁμαρτωλοὶ (LUK 13:2!10; LUK 15:1!10; LUK 6:32!14; LUK 6:33!13; LUK 6:34!13)|ἁμαρτωλοὺς (LUK 15:2!12; LUK 5:32!6)|ἁμαρτωλοῖς (LUK 6:34!14)|ἁμαρτωλός (LUK 5:8!15; LUK 7:37!9; LUK 7:39!27)|ἁμαρτωλῶν (LUK 24:7!12; LUK 5:30!20; LUK 7:34!19)|ἁμαρτωλῷ (LUK 15:10!13; LUK 15:7!12; LUK 18:13!26; LUK 19:7!8)|ἄδικοι (LUK 18:11!21)|ἄδικος (LUK 16:10!14)|ἄδικός (LUK 16:10!18)|ἄμεμπτοι (LUK 1:6!17)|ἄτοπον (LUK 23:41!13)|ἅγιον (LUK 11:13!22; LUK 12:10!17; LUK 12:12!3; LUK 1:35!21; LUK 1:35!8; LUK 2:25!24; LUK 3:22!6)|ἅγιος (LUK 4:34!16)|ἐδικαιώθη (LUK 7:35!2)|ἐκπειράζων (LUK 10:25!6)|ἐλέησον (LUK 17:13!8)|ἐλέησόν (LUK 16:24!7; LUK 18:38!7; LUK 18:39!15)|ἐλέους (LUK 1:54!6; LUK 1:78!3)|ἐμίσουν (LUK 19:14!5)|ἐξουθενήσας (LUK 23:11!1)|ἐξουθενοῦντας (LUK 18:9!14)|ἐπηρεαζόντων (LUK 6:28!8)|ἐπιστρέψας (LUK 22:32!15)|ἐποίησέν (LUK 1:49!2)|ἐποίησας (LUK 2:48!14)|ἐποίησεν (LUK 8:39!10; LUK 8:39!21)|ἐποίουν (LUK 6:23!21; LUK 6:26!13)|ἐργάται (LUK 13:27!13)|ἐργασίαν (LUK 12:58!14)|ἐχιδνῶν (LUK 3:7!10)|ἔθος (LUK 1:9!3; LUK 22:39!6; LUK 2:42!10)|ἔλεος (LUK 10:37!7; LUK 1:50!3; LUK 1:58!13; LUK 1:72!2)|Ἔα (LUK 4:34!1)|ἥμαρτον (LUK 15:18!11; LUK 15:21!7)|ἱλάσθητί (LUK 18:13!23)|ὀργισθεὶς (LUK 14:21!11)|ὀφείλοντι (LUK 11:4!12)|ὀφειλέται (LUK 13:4!19)|ὁδὸν (LUK 1:79!15; LUK 20:21!20)|ὁσιότητι (LUK 1:75!2)|ὑπερηφάνους (LUK 1:51!7)|ὑποκρινομένους (LUK 20:20!5)|ὑποκριτά (LUK 6:42!26)|ὑποκριταί (LUK 12:56!1)|ὑπόκρισις (LUK 12:1!25)|ὑψηλὸν (LUK 16:15!23)|Ὑποκριταί (LUK 13:15!8)|ὠργίσθη (LUK 15:28!1)
4.3.4,Do good to,15,23,26,"35.1, 35.15, 35.17, 35.19, 35.2, 35.20, 35.27, 35.37, 35.44, 35.46, 35.47, 35.5, 35.50, 35.51, 35.8",διακονήσει (LUK 12:37!21)|διακονεῖν (LUK 10:40!22)|διακονῶν (LUK 22:26!19; LUK 22:27!20; LUK 22:27!8)|διακόνει (LUK 17:8!10)|διηκόνουν (LUK 8:3!13)|δουλεύειν (LUK 16:13!26; LUK 16:13!6)|δουλεύω (LUK 15:29!11)|εὐεργέται (LUK 22:25!15)|θάψαι (LUK 9:59!15)|κατέλειπεν (LUK 10:40!21)|παρέθεντο (LUK 12:48!22)|παρατίθεμαι (LUK 23:46!12)|πιστεύσει (LUK 16:11!14)|συλλαβέσθαι (LUK 5:7!11)|συναντιλάβηται (LUK 10:40!28)|τεθραμμένος (LUK 4:16!7)|ἀντελάβετο (LUK 1:54!1)|ἐπεμελήθη (LUK 10:34!23)|ἐπιβλέψαι (LUK 9:38!12)|Ἐπιμελήθητι (LUK 10:35!13)|ὑπηρέται (LUK 1:2!9)|ὑπηρέτῃ (LUK 4:20!7)|ὠφελεῖται (LUK 9:25!3)
4.4,"Prosperity, trouble",12,22,39,"22.1, 22.16, 22.17, 22.18, 22.22, 22.23, 22.32, 22.34, 22.39, 22.42, 22.7, 22.9",Εἰρήνη (LUK 10:5!9)|Εὐκοπώτερον (LUK 16:17!1)|Οὐαί (LUK 10:13!1)|Οὐαὶ (LUK 6:26!1)|βαρηθῶσιν (LUK 21:34!5)|δυσβάστακτα (LUK 11:46!14)|δυσκόλως (LUK 18:24!8)|εἰρήνη (LUK 10:6!11)|εἰρήνην (LUK 12:51!3; LUK 14:32!13; LUK 19:42!13; LUK 7:50!13; LUK 8:48!13)|εἰρήνης (LUK 10:6!6; LUK 1:79!16)|εἰρήνῃ (LUK 11:21!10)|εὐκοπώτερον (LUK 18:25!1; LUK 5:23!3)|κόπον (LUK 18:5!6)|κόπους (LUK 11:7!7)|οὐαί (LUK 10:13!4; LUK 11:46!8; LUK 6:25!8)|οὐαὶ (LUK 11:42!2; LUK 11:43!1; LUK 11:44!1; LUK 11:47!1; LUK 11:52!1; LUK 17:1!15; LUK 21:23!1; LUK 22:22!12; LUK 6:24!2; LUK 6:25!1)|σκύλλε (LUK 8:49!16)|σκύλλου (LUK 7:6!24)|συμπνίγονται (LUK 8:14!21)|τεθραυσμένους (LUK 4:18!20)|ἀνάγκη (LUK 21:23!15)|ἐνοχλούμενοι (LUK 6:18!13)
4.4.2.2,Danger,14,27,31,"21.14, 21.18, 21.2, 21.20, 21.21, 21.22, 21.23, 21.24, 21.26, 21.27, 21.28, 21.29, 21.31, 21.32",διαφυλάξαι (LUK 4:10!11)|κτήσασθε (LUK 21:19!5)|περιποιήσασθαι (LUK 17:33!7)|σέσωκέν (LUK 7:50!9)|σωθῆναι (LUK 18:26!8)|σωθῶσιν (LUK 8:12!24)|σωσάτω (LUK 23:35!14)|σωτήριον (LUK 3:6!6)|σωτήριόν (LUK 2:30!7)|σωτηρία (LUK 19:9!9)|σωτηρίαν (LUK 1:71!1)|σωτηρίας (LUK 1:69!4; LUK 1:77!4)|σωτὴρ (LUK 2:11!5)|σωτῆρί (LUK 1:47!10)|σώσει (LUK 9:24!21)|σῳζόμενοι (LUK 13:23!9)|σῶσαι (LUK 19:10!9; LUK 6:9!17; LUK 9:24!8)|σῶσον (LUK 23:37!10; LUK 23:39!14)|φυγεῖν (LUK 3:7!14)|ψυχὰς (LUK 21:19!7)|ψυχὴν (LUK 17:33!5)|ἀπολεῖσθε (LUK 13:5!10)|ἀπολωλός (LUK 19:10!11)|ἐκινδύνευον (LUK 8:23!15)|ἐκφυγεῖν (LUK 21:36!9)|ἔσωσεν (LUK 23:35!13)|ῥυσθέντας (LUK 1:74!5)
4.5.3.1,Lead,12,32,68,"36.1, 36.14, 36.15, 36.18, 36.19, 36.22, 36.24, 36.28, 36.31, 36.35, 36.38, 36.39",μαθητάς (LUK 16:1!6; LUK 17:22!5)|μαθητής (LUK 14:26!37; LUK 14:27!15; LUK 14:33!17)|μαθηταί (LUK 22:39!17; LUK 9:18!13)|μαθηταὶ (LUK 18:15!13; LUK 5:33!7; LUK 6:1!12; LUK 7:11!15; LUK 7:18!5; LUK 8:22!14; LUK 8:9!5; LUK 9:54!4)|μαθηταῖς (LUK 19:39!14; LUK 20:45!8; LUK 9:16!21)|μαθητὰς (LUK 10:23!5; LUK 11:1!29; LUK 12:1!15; LUK 12:22!5; LUK 17:1!5; LUK 22:45!9; LUK 5:30!11; LUK 6:13!7; LUK 6:20!9; LUK 9:14!10; LUK 9:43!19)|μαθητῶν (LUK 11:1!16; LUK 19:29!18; LUK 19:37!17; LUK 22:11!20; LUK 6:17!12; LUK 7:18!15; LUK 9:40!4)|παρέρχεσθε (LUK 11:42!17)|παρῆλθον (LUK 15:29!17)|υἱοὶ (LUK 11:19!10)|φυλάσσοντες (LUK 11:28!13)|ἀκολουθείτω (LUK 9:23!21)|ἀκολούθει (LUK 18:22!25)|ἀκουσάτωσαν (LUK 16:29!9)|ἀκούετε (LUK 9:35!16)|ἀκούοντες (LUK 11:28!7; LUK 8:21!19)|ἀκούουσιν (LUK 16:31!10)|ἀπειθεῖς (LUK 1:17!17)|Ἀκολουθήσω (LUK 9:57!11; LUK 9:61!5)|Ἀκολούθει (LUK 5:27!17; LUK 9:59!5)|ἐδικαίωσαν (LUK 7:29!9)|ἐφύλαξα (LUK 18:21!6)|ἠκολουθήσαμέν (LUK 18:28!10)|ἠκολούθει (LUK 5:28!5)|ἠκολούθησαν (LUK 5:11!10)|ἡγούμενος (LUK 22:26!16)|ἤγετο (LUK 4:1!11)|ἤκουεν (LUK 10:39!15)|ὀπίσω (LUK 14:27!9; LUK 19:14!10; LUK 21:8!23; LUK 9:23!8)|ὑπήκουσεν (LUK 17:6!23)|ὑπακούουσιν (LUK 8:25!27)|ὑποτάσσεται (LUK 10:17!13; LUK 10:20!10)
4.5.6,Status,30,69,123,"87.11, 87.14, 87.18, 87.20, 87.22, 87.23, 87.27, 87.29, 87.30, 87.34, 87.39, 87.4, 87.44, 87.45, 87.50, 87.53, 87.55, 87.58, 87.6, 87.60, 87.61, 87.63, 87.64, 87.66, 87.73, 87.75, 87.76, 87.77, 87.8, 87.83",Δοῦλοι (LUK 17:10!12)|Δόξα (LUK 2:14!1)|Κύριε (LUK 13:25!20; LUK 5:12!26; LUK 7:6!22; LUK 9:59!10)|Τίμα (LUK 18:20!12)|δούλη (LUK 1:38!6)|δούλης (LUK 1:48!7)|δούλου (LUK 12:46!5)|δούλους (LUK 15:22!7; LUK 19:13!4; LUK 19:15!15)|δούλῳ (LUK 14:21!16; LUK 17:9!5; LUK 7:8!26)|δοῦλε (LUK 19:17!6; LUK 19:22!10)|δοῦλοι (LUK 12:37!3)|δοῦλον (LUK 14:17!4; LUK 14:23!7; LUK 17:7!5; LUK 20:10!7; LUK 20:11!5; LUK 22:50!10; LUK 7:10!10; LUK 7:3!18)|δοῦλος (LUK 12:43!3; LUK 12:45!5; LUK 12:47!4; LUK 14:21!4; LUK 14:22!4; LUK 7:2!4)|δοῦλόν (LUK 2:29!4)|δόξα (LUK 14:10!24; LUK 19:38!13)|δόξαν (LUK 2:32!6)|δόξῃ (LUK 12:27!18)|εὐγενὴς (LUK 19:12!5)|κράτιστε (LUK 1:3!10)|λαοῦ (LUK 20:26!9)|λαόν (LUK 20:19!20; LUK 22:2!15; LUK 23:14!12)|λαὸν (LUK 20:9!5; LUK 23:13!11; LUK 23:5!8)|λαὸς (LUK 19:48!8; LUK 20:6!7; LUK 7:29!4)|μέγας (LUK 1:15!3; LUK 1:32!3; LUK 7:16!12; LUK 9:48!34)|μείζων (LUK 22:24!12; LUK 22:26!7; LUK 22:27!3; LUK 7:28!18; LUK 7:28!3; LUK 9:46!10)|μεγάλα (LUK 1:49!4)|μικρότερος (LUK 9:48!27)|μικρῶν (LUK 17:2!20)|παίδων (LUK 15:26!5)|παιδίσκας (LUK 12:45!23)|παιδίσκη (LUK 22:56!4)|παιδὸς (LUK 1:54!3; LUK 1:69!9)|παῖδας (LUK 12:45!20)|παῖς (LUK 7:7!14)|πρωτοκαθεδρίαν (LUK 11:43!8)|πρωτοκαθεδρίας (LUK 20:46!17)|πρωτοκλισίαν (LUK 14:8!11)|πρωτοκλισίας (LUK 14:7!10; LUK 20:46!22)|πρῶτοι (LUK 13:30!10; LUK 13:30!7; LUK 19:47!21)|πτῶσιν (LUK 2:34!16)|ταπείνωσιν (LUK 1:48!5)|ταπεινούς (LUK 1:52!7)|ταπεινωθήσεται (LUK 14:11!6; LUK 18:14!17; LUK 3:5!9)|ταπεινῶν (LUK 14:11!9; LUK 18:14!20)|φοβούμενος (LUK 18:2!11)|φοβοῦμαι (LUK 18:4!17)|φοβῇ (LUK 23:40!9)|ἀνάστασιν (LUK 2:34!18)|ἀνώτερον (LUK 14:10!20)|ἐκ (LUK 20:42!14; LUK 22:69!11)|ἐλαχίστῳ (LUK 16:10!13; LUK 16:10!4; LUK 19:17!9)|ἐντιμότερός (LUK 14:8!13)|ἐντρέπομαι (LUK 18:4!20)|ἐντραπήσονται (LUK 20:13!17)|ἐντρεπόμενος (LUK 18:2!15)|ἐπιστάτα (LUK 17:13!7; LUK 8:24!7)|ἔντιμος (LUK 7:2!12)|ἔσχατοι (LUK 13:30!13; LUK 13:30!4)|ἔσχατον (LUK 14:10!8; LUK 14:9!19)|Ἐπιστάτα (LUK 5:5!5; LUK 8:24!6; LUK 8:45!15; LUK 9:33!15; LUK 9:49!5)|ἰσχυρότερός (LUK 3:16!14)|ὄνειδός (LUK 1:25!11)|ὄχλους (LUK 23:4!10)|ὄχλῳ (LUK 13:14!14)|ὑπὲρ (LUK 6:40!4)|ὑψωθήσεται (LUK 14:11!11; LUK 18:14!22)|ὑψωθήσῃ (LUK 10:15!7)|ὑψῶν (LUK 14:11!4; LUK 18:14!15)|ὕψωσεν (LUK 1:52!6)
4.6,Government,54,109,188,"37.1, 37.104, 37.105, 37.107, 37.109, 37.11, 37.110, 37.111, 37.113, 37.119, 37.12, 37.120, 37.122, 37.125, 37.127, 37.128, 37.132, 37.14, 37.16, 37.17, 37.31, 37.33, 37.35, 37.36, 37.38, 37.48, 37.49, 37.50, 37.51, 37.56, 37.58, 37.59, 37.60, 37.62, 37.63, 37.64, 37.65, 37.67, 37.68, 37.7, 37.71, 37.72, 37.74, 37.78, 37.79, 37.8, 37.83, 37.86, 37.87, 37.9, 37.91, 37.92, 37.96, 37.98",Καίσαρι (LUK 23:2!15)|Καίσαρος (LUK 2:1!10; LUK 3:1!8)|Κύριός (LUK 6:5!4)|Συλλαβόντες (LUK 22:54!1)|βασίλισσα (LUK 11:31!1)|βασιλέα (LUK 23:2!21)|βασιλέως (LUK 1:5!6)|βασιλεία (LUK 10:11!22; LUK 10:9!14; LUK 11:18!12; LUK 11:2!14; LUK 11:20!14; LUK 13:18!7; LUK 16:16!11; LUK 17:20!19; LUK 17:20!9; LUK 17:21!10; LUK 18:16!22; LUK 19:11!21; LUK 21:31!13; LUK 22:18!18; LUK 6:20!19)|βασιλείαν (LUK 12:31!4; LUK 12:32!14; LUK 13:20!7; LUK 18:17!9; LUK 18:24!15; LUK 18:25!13; LUK 19:15!9; LUK 22:29!10; LUK 23:51!19; LUK 4:43!15; LUK 8:1!17; LUK 9:2!6; LUK 9:27!19; LUK 9:60!16)|βασιλείας (LUK 18:29!24; LUK 1:33!12; LUK 8:10!10; LUK 9:11!14)|βασιλείᾳ (LUK 13:28!23; LUK 13:29!16; LUK 14:15!15; LUK 22:16!14; LUK 22:30!11; LUK 7:28!15; LUK 9:62!19)|βασιλεύσει (LUK 1:33!2)|βασιλεὺς (LUK 14:31!3; LUK 19:38!5; LUK 23:3!10; LUK 23:37!7; LUK 23:38!8)|βασιλεῖ (LUK 14:31!6)|βασιλεῖς (LUK 10:24!8; LUK 21:12!21; LUK 22:25!6)|βασιλεῦσαι (LUK 19:14!16; LUK 19:27!10)|δέδωκα (LUK 10:19!2)|δέσποτα (LUK 2:29!6)|διέθετό (LUK 22:29!5)|διατίθεμαι (LUK 22:29!2)|δούς (LUK 20:2!17)|δυνάστας (LUK 1:52!2)|δώσει (LUK 1:32!9)|δώσω (LUK 4:6!7)|ζωγρῶν (LUK 5:10!28)|θρόνον (LUK 1:32!15)|θρόνων (LUK 1:52!4; LUK 22:30!16)|κατέκλεισεν (LUK 3:20!7)|κατέστησεν (LUK 12:14!8)|καταστήσει (LUK 12:42!14; LUK 12:44!10)|κατεῖχον (LUK 4:42!19)|κρίνοντες (LUK 22:30!20)|κυριεύουσιν (LUK 22:25!9)|λαβεῖν (LUK 19:12!10)|λαβόντα (LUK 19:15!7)|λυθῆναι (LUK 13:16!17)|λυτροῦσθαι (LUK 24:21!9)|λύτρωσιν (LUK 1:68!11; LUK 2:38!16)|παρέδωκαν (LUK 24:20!3)|παρέδωκεν (LUK 23:25!16)|παραδίδοσθαι (LUK 9:44!16)|παραδίδοται (LUK 22:22!18)|παραδίδως (LUK 22:48!11)|παραδιδόντες (LUK 21:12!13)|παραδιδόντος (LUK 22:21!6)|παραδοθήσεσθε (LUK 21:16!1)|παραδοθήσεται (LUK 18:32!1)|παραδοθῆναι (LUK 24:7!8)|παραδοῦναι (LUK 20:20!14; LUK 22:6!7)|παραδώσει (LUK 12:58!28)|παραδῷ (LUK 22:4!11)|περιέπεσεν (LUK 10:30!15)|ποδῶν (LUK 20:43!9)|πράκτορι (LUK 12:58!30)|πράκτωρ (LUK 12:58!33)|πρεσβείαν (LUK 14:32!8; LUK 19:14!9)|προδότης (LUK 6:16!9)|στρατηγοὺς (LUK 22:52!11)|στρατηγοῖς (LUK 22:4!7)|συνέλαβον (LUK 5:9!16)|συνέχοντες (LUK 22:63!5)|τετραάρχης (LUK 3:19!5; LUK 9:7!5)|τετρααρχοῦντος (LUK 3:1!15; LUK 3:1!24; LUK 3:1!34)|φυλάσσεσθε (LUK 12:15!7)|φυλάσσοντες (LUK 2:8!11)|φυλάσσῃ (LUK 11:21!5)|φυλακὰς (LUK 2:8!12)|φυλασσόμενος (LUK 8:29!21)|χεῖράς (LUK 23:46!10)|χεῖρας (LUK 20:19!12; LUK 21:12!9; LUK 22:53!13; LUK 24:7!10; LUK 9:44!18)|ἀνάγκασον (LUK 14:23!15)|ἀνέδειξεν (LUK 10:1!4)|ἀπέλυσεν (LUK 23:25!1)|ἀπολέλυσαι (LUK 13:12!11)|ἀπολύσω (LUK 23:16!4; LUK 23:22!21)|ἀπολύτρωσις (LUK 21:28!14)|ἀπολῦσαι (LUK 23:20!7)|ἀπόλυσον (LUK 23:18!7)|ἀρχόντων (LUK 14:1!11)|ἀρχὰς (LUK 12:11!10)|ἀρχῇ (LUK 20:20!17)|ἀφέσει (LUK 4:18!22)|ἄρχοντας (LUK 23:13!8)|ἄρχοντες (LUK 23:35!10; LUK 24:20!9)|ἄρχοντι (LUK 11:15!9)|ἄρχων (LUK 18:18!5; LUK 8:41!10)|ἄφεσιν (LUK 4:18!15)|ἐκρατοῦντο (LUK 24:16!5)|ἐξετείνατε (LUK 22:53!11)|ἐξουσίαν (LUK 10:19!5; LUK 12:5!12; LUK 19:17!13; LUK 20:2!20; LUK 4:6!9; LUK 5:24!9; LUK 7:8!7; LUK 9:1!9)|ἐξουσίας (LUK 12:11!13; LUK 23:7!6)|ἐξουσίᾳ (LUK 20:2!10; LUK 20:20!20; LUK 20:8!12; LUK 4:32!9; LUK 4:36!17)|ἐξουσιάζοντες (LUK 22:25!13)|ἐπ (LUK 19:27!11)|ἐπιβαλεῖν (LUK 20:19!8)|ἐπιβαλοῦσιν (LUK 21:12!5)|ἐπιτρόπου (LUK 8:3!5)|ἐπὶ (LUK 10:19!13; LUK 12:11!5; LUK 12:42!17; LUK 12:44!5; LUK 1:33!3; LUK 2:8!15; LUK 9:1!10)|ἐφ (LUK 12:14!12; LUK 19:14!17)|ἔδωκεν (LUK 9:1!5)|ἔχρισέν (LUK 4:18!7)|ἡγεμονίας (LUK 3:1!6)|ἡγεμονεύοντος (LUK 2:2!5; LUK 3:1!9)|ἡγεμόνας (LUK 21:12!23)|ἡγεμόνος (LUK 20:20!22)|ὑποπόδιον (LUK 20:43!7)|ὑποτασσόμενος (LUK 2:51!11)|ὑπὸ (LUK 7:8!6)|ὡρισμένον (LUK 22:22!9)
4.6.4,Rule,54,109,188,"37.1, 37.104, 37.105, 37.107, 37.109, 37.11, 37.110, 37.111, 37.113, 37.119, 37.12, 37.120, 37.122, 37.125, 37.127, 37.128, 37.132, 37.14, 37.16, 37.17, 37.31, 37.33, 37.35, 37.36, 37.38, 37.48, 37.49, 37.50, 37.51, 37.56, 37.58, 37.59, 37.60, 37.62, 37.63, 37.64, 37.65, 37.67, 37.68, 37.7, 37.71, 37.72, 37.74, 37.78, 37.79, 37.8, 37.83, 37.86, 37.87, 37.9, 37.91, 37.92, 37.96, 37.98",Καίσαρι (LUK 23:2!15)|Καίσαρος (LUK 2:1!10; LUK 3:1!8)|Κύριός (LUK 6:5!4)|Συλλαβόντες (LUK 22:54!1)|βασίλισσα (LUK 11:31!1)|βασιλέα (LUK 23:2!21)|βασιλέως (LUK 1:5!6)|βασιλεία (LUK 10:11!22; LUK 10:9!14; LUK 11:18!12; LUK 11:2!14; LUK 11:20!14; LUK 13:18!7; LUK 16:16!11; LUK 17:20!19; LUK 17:20!9; LUK 17:21!10; LUK 18:16!22; LUK 19:11!21; LUK 21:31!13; LUK 22:18!18; LUK 6:20!19)|βασιλείαν (LUK 12:31!4; LUK 12:32!14; LUK 13:20!7; LUK 18:17!9; LUK 18:24!15; LUK 18:25!13; LUK 19:15!9; LUK 22:29!10; LUK 23:51!19; LUK 4:43!15; LUK 8:1!17; LUK 9:2!6; LUK 9:27!19; LUK 9:60!16)|βασιλείας (LUK 18:29!24; LUK 1:33!12; LUK 8:10!10; LUK 9:11!14)|βασιλείᾳ (LUK 13:28!23; LUK 13:29!16; LUK 14:15!15; LUK 22:16!14; LUK 22:30!11; LUK 7:28!15; LUK 9:62!19)|βασιλεύσει (LUK 1:33!2)|βασιλεὺς (LUK 14:31!3; LUK 19:38!5; LUK 23:3!10; LUK 23:37!7; LUK 23:38!8)|βασιλεῖ (LUK 14:31!6)|βασιλεῖς (LUK 10:24!8; LUK 21:12!21; LUK 22:25!6)|βασιλεῦσαι (LUK 19:14!16; LUK 19:27!10)|δέδωκα (LUK 10:19!2)|δέσποτα (LUK 2:29!6)|διέθετό (LUK 22:29!5)|διατίθεμαι (LUK 22:29!2)|δούς (LUK 20:2!17)|δυνάστας (LUK 1:52!2)|δώσει (LUK 1:32!9)|δώσω (LUK 4:6!7)|ζωγρῶν (LUK 5:10!28)|θρόνον (LUK 1:32!15)|θρόνων (LUK 1:52!4; LUK 22:30!16)|κατέκλεισεν (LUK 3:20!7)|κατέστησεν (LUK 12:14!8)|καταστήσει (LUK 12:42!14; LUK 12:44!10)|κατεῖχον (LUK 4:42!19)|κρίνοντες (LUK 22:30!20)|κυριεύουσιν (LUK 22:25!9)|λαβεῖν (LUK 19:12!10)|λαβόντα (LUK 19:15!7)|λυθῆναι (LUK 13:16!17)|λυτροῦσθαι (LUK 24:21!9)|λύτρωσιν (LUK 1:68!11; LUK 2:38!16)|παρέδωκαν (LUK 24:20!3)|παρέδωκεν (LUK 23:25!16)|παραδίδοσθαι (LUK 9:44!16)|παραδίδοται (LUK 22:22!18)|παραδίδως (LUK 22:48!11)|παραδιδόντες (LUK 21:12!13)|παραδιδόντος (LUK 22:21!6)|παραδοθήσεσθε (LUK 21:16!1)|παραδοθήσεται (LUK 18:32!1)|παραδοθῆναι (LUK 24:7!8)|παραδοῦναι (LUK 20:20!14; LUK 22:6!7)|παραδώσει (LUK 12:58!28)|παραδῷ (LUK 22:4!11)|περιέπεσεν (LUK 10:30!15)|ποδῶν (LUK 20:43!9)|πράκτορι (LUK 12:58!30)|πράκτωρ (LUK 12:58!33)|πρεσβείαν (LUK 14:32!8; LUK 19:14!9)|προδότης (LUK 6:16!9)|στρατηγοὺς (LUK 22:52!11)|στρατηγοῖς (LUK 22:4!7)|συνέλαβον (LUK 5:9!16)|συνέχοντες (LUK 22:63!5)|τετραάρχης (LUK 3:19!5; LUK 9:7!5)|τετρααρχοῦντος (LUK 3:1!15; LUK 3:1!24; LUK 3:1!34)|φυλάσσεσθε (LUK 12:15!7)|φυλάσσοντες (LUK 2:8!11)|φυλάσσῃ (LUK 11:21!5)|φυλακὰς (LUK 2:8!12)|φυλασσόμενος (LUK 8:29!21)|χεῖράς (LUK 23:46!10)|χεῖρας (LUK 20:19!12; LUK 21:12!9; LUK 22:53!13; LUK 24:7!10; LUK 9:44!18)|ἀνάγκασον (LUK 14:23!15)|ἀνέδειξεν (LUK 10:1!4)|ἀπέλυσεν (LUK 23:25!1)|ἀπολέλυσαι (LUK 13:12!11)|ἀπολύσω (LUK 23:16!4; LUK 23:22!21)|ἀπολύτρωσις (LUK 21:28!14)|ἀπολῦσαι (LUK 23:20!7)|ἀπόλυσον (LUK 23:18!7)|ἀρχόντων (LUK 14:1!11)|ἀρχὰς (LUK 12:11!10)|ἀρχῇ (LUK 20:20!17)|ἀφέσει (LUK 4:18!22)|ἄρχοντας (LUK 23:13!8)|ἄρχοντες (LUK 23:35!10; LUK 24:20!9)|ἄρχοντι (LUK 11:15!9)|ἄρχων (LUK 18:18!5; LUK 8:41!10)|ἄφεσιν (LUK 4:18!15)|ἐκρατοῦντο (LUK 24:16!5)|ἐξετείνατε (LUK 22:53!11)|ἐξουσίαν (LUK 10:19!5; LUK 12:5!12; LUK 19:17!13; LUK 20:2!20; LUK 4:6!9; LUK 5:24!9; LUK 7:8!7; LUK 9:1!9)|ἐξουσίας (LUK 12:11!13; LUK 23:7!6)|ἐξουσίᾳ (LUK 20:2!10; LUK 20:20!20; LUK 20:8!12; LUK 4:32!9; LUK 4:36!17)|ἐξουσιάζοντες (LUK 22:25!13)|ἐπ (LUK 19:27!11)|ἐπιβαλεῖν (LUK 20:19!8)|ἐπιβαλοῦσιν (LUK 21:12!5)|ἐπιτρόπου (LUK 8:3!5)|ἐπὶ (LUK 10:19!13; LUK 12:11!5; LUK 12:42!17; LUK 12:44!5; LUK 1:33!3; LUK 2:8!15; LUK 9:1!10)|ἐφ (LUK 12:14!12; LUK 19:14!17)|ἔδωκεν (LUK 9:1!5)|ἔχρισέν (LUK 4:18!7)|ἡγεμονίας (LUK 3:1!6)|ἡγεμονεύοντος (LUK 2:2!5; LUK 3:1!9)|ἡγεμόνας (LUK 21:12!23)|ἡγεμόνος (LUK 20:20!22)|ὑποπόδιον (LUK 20:43!7)|ὑποτασσόμενος (LUK 2:51!11)|ὑπὸ (LUK 7:8!6)|ὡρισμένον (LUK 22:22!9)
4.7,Law,12,26,29,"56.11, 56.12, 56.14, 56.20, 56.25, 56.28, 56.29, 56.30, 56.31, 56.35, 56.38, 56.9",Κριτής (LUK 18:2!2)|καταδικάζετε (LUK 6:37!10)|καταδικασθῆτε (LUK 6:37!14)|κατακρινεῖ (LUK 11:31!14)|κατακρινοῦσιν (LUK 11:32!12)|κρίμα (LUK 20:47!14; LUK 24:20!12)|κρίματι (LUK 23:40!17)|κρίνετε (LUK 12:57!7; LUK 6:37!3)|κρίνω (LUK 19:22!7)|κρίσιν (LUK 11:42!19)|κριθῆτε (LUK 6:37!7)|κριτήν (LUK 12:58!23)|κριτής (LUK 12:58!26)|κριταὶ (LUK 11:19!19)|κριτὴν (LUK 12:14!9)|κριτὴς (LUK 18:6!8)|ἀνακρίνας (LUK 23:14!18)|ἀντιδίκου (LUK 12:58!6)|ἀπήγαγον (LUK 23:26!3)|ἄρχοντα (LUK 12:58!9)|ἐκδίκησιν (LUK 18:7!8; LUK 18:8!6)|ἐκδικήσω (LUK 18:5!10)|ἐκζητηθήσεται (LUK 11:51!18)|ἐκζητηθῇ (LUK 11:50!2)|ἐπηρώτα (LUK 23:9!1)|Ἐκδίκησόν (LUK 18:3!13)
4.7.7,Punish,6,8,10,"38.10, 38.12, 38.13, 38.14, 38.19, 38.4",βασανίσῃς (LUK 8:28!26)|διχοτομήσει (LUK 12:46!19)|μισθὸς (LUK 6:23!11; LUK 6:35!15)|παιδεύσας (LUK 23:16!1; LUK 23:22!18)|ἀνταποδοθήσεται (LUK 14:14!9)|ἀνταποδοῦναί (LUK 14:14!7)|ὀργὴ (LUK 21:23!21)|ὀργῆς (LUK 3:7!18)
4.8,Conflict,17,26,32,"39.1, 39.10, 39.11, 39.14, 39.15, 39.18, 39.33, 39.34, 39.36, 39.37, 39.4, 39.44, 39.45, 39.47, 39.54, 39.57, 39.9",Πῦρ (LUK 12:49!1)|βαλεῖν (LUK 12:49!3)|διαμεμερισμένοι (LUK 12:52!10)|διαμερισθήσονται (LUK 12:53!1)|διαμερισθεῖσα (LUK 11:17!13)|διαμερισμόν (LUK 12:51!14)|διεμερίσθη (LUK 11:18!8)|διώξουσιν (LUK 11:49!20; LUK 21:12!12)|λῃστὴν (LUK 22:52!18)|νικήσῃ (LUK 11:22!6)|πατουμένη (LUK 21:24!14)|στάσιν (LUK 23:19!4; LUK 23:25!5)|ἀκαταστασίας (LUK 21:9!6)|ἀντιδίκου (LUK 18:3!17)|ἀντικείμενοι (LUK 13:17!8; LUK 21:15!16)|ἀντιστῆναι (LUK 21:15!11)|Ἀνασείει (LUK 23:5!6)|ἐκδικήσεως (LUK 21:22!3)|ἐνέχειν (LUK 11:53!11)|ἐπελθὼν (LUK 11:22!5)|ἐχθροί (LUK 19:43!9)|ἐχθρούς (LUK 19:27!3; LUK 20:43!5)|ἐχθροὺς (LUK 6:27!8; LUK 6:35!4)|ἐχθροῦ (LUK 10:19!18)|ἐχθρῶν (LUK 1:71!3; LUK 1:74!4)|ἔχθρᾳ (LUK 23:12!19)
4.8.1,Hostility,17,26,32,"39.1, 39.10, 39.11, 39.14, 39.15, 39.18, 39.33, 39.34, 39.36, 39.37, 39.4, 39.44, 39.45, 39.47, 39.54, 39.57, 39.9",Πῦρ (LUK 12:49!1)|βαλεῖν (LUK 12:49!3)|διαμεμερισμένοι (LUK 12:52!10)|διαμερισθήσονται (LUK 12:53!1)|διαμερισθεῖσα (LUK 11:17!13)|διαμερισμόν (LUK 12:51!14)|διεμερίσθη (LUK 11:18!8)|διώξουσιν (LUK 11:49!20; LUK 21:12!12)|λῃστὴν (LUK 22:52!18)|νικήσῃ (LUK 11:22!6)|πατουμένη (LUK 21:24!14)|στάσιν (LUK 23:19!4; LUK 23:25!5)|ἀκαταστασίας (LUK 21:9!6)|ἀντιδίκου (LUK 18:3!17)|ἀντικείμενοι (LUK 13:17!8; LUK 21:15!16)|ἀντιστῆναι (LUK 21:15!11)|Ἀνασείει (LUK 23:5!6)|ἐκδικήσεως (LUK 21:22!3)|ἐνέχειν (LUK 11:53!11)|ἐπελθὼν (LUK 11:22!5)|ἐχθροί (LUK 19:43!9)|ἐχθρούς (LUK 19:27!3; LUK 20:43!5)|ἐχθροὺς (LUK 6:27!8; LUK 6:35!4)|ἐχθροῦ (LUK 10:19!18)|ἐχθρῶν (LUK 1:71!3; LUK 1:74!4)|ἔχθρᾳ (LUK 23:12!19)
4.8.1.1,Oppose,17,26,32,"39.1, 39.10, 39.11, 39.14, 39.15, 39.18, 39.33, 39.34, 39.36, 39.37, 39.4, 39.44, 39.45, 39.47, 39.54, 39.57, 39.9",Πῦρ (LUK 12:49!1)|βαλεῖν (LUK 12:49!3)|διαμεμερισμένοι (LUK 12:52!10)|διαμερισθήσονται (LUK 12:53!1)|διαμερισθεῖσα (LUK 11:17!13)|διαμερισμόν (LUK 12:51!14)|διεμερίσθη (LUK 11:18!8)|διώξουσιν (LUK 11:49!20; LUK 21:12!12)|λῃστὴν (LUK 22:52!18)|νικήσῃ (LUK 11:22!6)|πατουμένη (LUK 21:24!14)|στάσιν (LUK 23:19!4; LUK 23:25!5)|ἀκαταστασίας (LUK 21:9!6)|ἀντιδίκου (LUK 18:3!17)|ἀντικείμενοι (LUK 13:17!8; LUK 21:15!16)|ἀντιστῆναι (LUK 21:15!11)|Ἀνασείει (LUK 23:5!6)|ἐκδικήσεως (LUK 21:22!3)|ἐνέχειν (LUK 11:53!11)|ἐπελθὼν (LUK 11:22!5)|ἐχθροί (LUK 19:43!9)|ἐχθρούς (LUK 19:27!3; LUK 20:43!5)|ἐχθροὺς (LUK 6:27!8; LUK 6:35!4)|ἐχθροῦ (LUK 10:19!18)|ἐχθρῶν (LUK 1:71!3; LUK 1:74!4)|ἔχθρᾳ (LUK 23:12!19)
4.8.3,War,28,40,47,"39.1, 39.10, 39.11, 39.14, 39.15, 39.18, 39.33, 39.34, 39.36, 39.37, 39.4, 39.44, 39.45, 39.47, 39.54, 39.57, 39.9, 55.1, 55.10, 55.16, 55.17, 55.18, 55.2, 55.24, 55.25, 55.3, 55.5, 55.7",Πῦρ (LUK 12:49!1)|αἰχμαλωτισθήσονται (LUK 21:24!6)|αἰχμαλώτοις (LUK 4:18!14)|βαλεῖν (LUK 12:49!3)|διαμεμερισμένοι (LUK 12:52!10)|διαμερισθήσονται (LUK 12:53!1)|διαμερισθεῖσα (LUK 11:17!13)|διαμερισμόν (LUK 12:51!14)|διεμερίσθη (LUK 11:18!8)|διώξουσιν (LUK 11:49!20; LUK 21:12!12)|καθωπλισμένος (LUK 11:21!4)|λῃστὴν (LUK 22:52!18)|νικήσῃ (LUK 11:22!6)|πατουμένη (LUK 21:24!14)|πολέμους (LUK 21:9!4)|πόλεμον (LUK 14:31!9)|στάσιν (LUK 23:19!4; LUK 23:25!5)|στρατευόμενοι (LUK 3:14!5)|στρατεύμασιν (LUK 23:11!9)|στρατιώτας (LUK 7:8!12)|στρατιῶται (LUK 23:36!6)|στρατοπέδων (LUK 21:20!6)|ἀκαταστασίας (LUK 21:9!6)|ἀντιδίκου (LUK 18:3!17)|ἀντικείμενοι (LUK 13:17!8; LUK 21:15!16)|ἀντιστῆναι (LUK 21:15!11)|Ἀνασείει (LUK 23:5!6)|ἐκδικήσεως (LUK 21:22!3)|ἐνέχειν (LUK 11:53!11)|ἐπελθὼν (LUK 11:22!5)|ἐχθροί (LUK 19:43!9)|ἐχθρούς (LUK 19:27!3; LUK 20:43!5)|ἐχθροὺς (LUK 6:27!8; LUK 6:35!4)|ἐχθροῦ (LUK 10:19!18)|ἐχθρῶν (LUK 1:71!3; LUK 1:74!4)|ἑκατοντάρχης (LUK 23:47!4; LUK 7:6!19)|ἔχθρᾳ (LUK 23:12!19)|Ἐγερθήσεται (LUK 21:10!4)|Ἑκατοντάρχου (LUK 7:2!1)|ὑπαντῆσαι (LUK 14:31!20)
4.8.4.9,Reconcile,2,16,21,"40.3, 40.8",ἀπηλλάχθαι (LUK 12:58!15)|ἀπολυθήσεσθε (LUK 6:37!17)|ἀπολύετε (LUK 6:37!15)|ἀφέσει (LUK 1:77!9)|ἀφέωνταί (LUK 5:20!8)|ἀφέωνται (LUK 7:47!5)|ἀφήσεις (LUK 17:4!16)|ἀφίεται (LUK 7:47!17)|ἀφίησιν (LUK 7:49!14)|ἀφίομεν (LUK 11:4!10)|ἀφεθήσεται (LUK 12:10!11; LUK 12:10!21)|ἀφεῖναι (LUK 5:21!19)|ἀφιέναι (LUK 5:24!14)|ἄφες (LUK 11:4!2; LUK 17:3!13; LUK 23:34!6)|ἄφεσιν (LUK 24:47!9; LUK 3:3!12)|Ἀφέωνταί (LUK 5:23!5; LUK 7:48!4)
4.9,Religion,17,53,326,"12.1, 12.12, 12.15, 12.16, 12.18, 12.28, 12.29, 12.30, 12.34, 12.37, 12.38, 12.39, 12.4, 12.41, 12.42, 12.44, 12.9",Δαιμόνιον (LUK 7:33!14)|Κύριε (LUK 10:17!9; LUK 10:40!11; LUK 11:1!20; LUK 12:41!5; LUK 13:23!5; LUK 18:41!8; LUK 22:33!5; LUK 22:38!4; LUK 22:49!9; LUK 5:12!26; LUK 6:46!5; LUK 7:6!22; LUK 9:54!9)|Κύριον (LUK 4:8!8)|Πάτερ (LUK 11:2!7; LUK 22:42!2; LUK 23:34!5; LUK 23:46!8)|Πνεῦμα (LUK 1:35!7; LUK 4:18!1)|Σατανᾶν (LUK 10:18!6)|Σατανᾶς (LUK 11:18!5; LUK 13:16!9; LUK 22:3!3; LUK 22:31!5)|δαιμονίου (LUK 11:14!9; LUK 4:33!9; LUK 8:29!29)|δαιμονίων (LUK 11:15!11)|δαιμονισθείς (LUK 8:36!9)|δαιμόνια (LUK 10:17!12; LUK 11:15!14; LUK 11:18!21; LUK 11:19!8; LUK 11:20!8; LUK 13:32!11; LUK 4:41!4; LUK 8:2!18; LUK 8:27!14; LUK 8:30!16; LUK 8:33!4; LUK 8:35!19; LUK 8:38!10; LUK 9:1!13; LUK 9:49!13)|δαιμόνιον (LUK 11:14!4; LUK 4:35!16; LUK 9:42!8)|διάβολος (LUK 4:13!6; LUK 4:3!5; LUK 4:6!5; LUK 8:12!12)|διαβόλου (LUK 4:2!6)|δυνάμεις (LUK 21:26!13)|θεοῦ (LUK 10:11!24; LUK 10:9!16; LUK 11:20!16; LUK 11:20!5; LUK 11:28!11; LUK 11:42!24; LUK 11:49!7; LUK 12:6!16; LUK 12:8!25; LUK 12:9!13; LUK 13:18!9; LUK 13:20!9; LUK 13:28!25; LUK 13:29!18; LUK 14:15!17; LUK 15:10!10; LUK 16:15!27; LUK 16:16!13; LUK 17:20!11; LUK 17:20!21; LUK 17:21!12; LUK 18:16!24; LUK 18:17!11; LUK 18:24!17; LUK 18:25!15; LUK 18:29!26; LUK 19:11!23; LUK 1:19!14; LUK 1:26!13; LUK 1:35!24; LUK 1:37!6; LUK 1:6!7; LUK 1:78!4; LUK 1:8!15; LUK 20:21!22; LUK 20:25!14; LUK 20:36!12; LUK 21:31!15; LUK 22:16!16; LUK 22:18!20; LUK 22:69!16; LUK 22:70!10; LUK 23:35!22; LUK 23:51!21; LUK 24:19!25; LUK 2:40!11; LUK 3:2!8; LUK 3:38!8; LUK 3:6!8; LUK 4:3!10; LUK 4:34!18; LUK 4:41!16; LUK 4:43!17; LUK 4:9!20; LUK 5:1!14; LUK 6:12!20; LUK 6:20!21; LUK 6:4!7; LUK 7:28!17; LUK 7:30!10; LUK 8:1!19; LUK 8:10!12; LUK 8:11!12; LUK 8:21!18; LUK 8:28!19; LUK 9:11!16; LUK 9:2!8; LUK 9:20!17; LUK 9:27!21; LUK 9:43!8; LUK 9:60!18; LUK 9:62!21)|θεόν (LUK 10:27!8; LUK 13:13!12; LUK 17:15!14; LUK 18:43!9; LUK 1:64!15; LUK 23:40!12; LUK 24:53!10; LUK 4:12!13; LUK 4:8!10; LUK 5:25!17; LUK 5:26!8; LUK 7:29!11)|θεός (LUK 12:20!5; LUK 18:11!9; LUK 18:13!22; LUK 18:19!16; LUK 5:21!24; LUK 8:39!12)|θεὸν (LUK 12:21!8; LUK 18:2!9; LUK 18:4!15; LUK 19:37!21; LUK 1:16!10; LUK 20:37!16; LUK 20:37!19; LUK 20:37!22; LUK 23:47!9; LUK 2:13!12; LUK 2:20!9; LUK 2:28!11; LUK 7:16!8)|θεὸς (LUK 12:24!17; LUK 12:28!15; LUK 16:15!14; LUK 18:7!3; LUK 1:32!13; LUK 1:68!4; LUK 20:38!1; LUK 3:8!23; LUK 7:16!20)|θεῷ (LUK 16:13!25; LUK 17:18!7; LUK 18:27!11; LUK 18:43!18; LUK 1:30!14; LUK 1:47!8; LUK 20:25!16; LUK 2:14!4; LUK 2:38!8; LUK 2:52!10)|κυρίου (LUK 13:35!23; LUK 19:38!8; LUK 1:11!5; LUK 1:15!6; LUK 1:38!7; LUK 1:43!10; LUK 1:45!12; LUK 1:6!16; LUK 1:66!20; LUK 1:76!11; LUK 1:9!14; LUK 22:61!15; LUK 2:23!5; LUK 2:24!11; LUK 2:26!19; LUK 2:39!9; LUK 2:9!3; LUK 2:9!8; LUK 3:4!17; LUK 4:18!2; LUK 4:19!3; LUK 5:17!31)|κυρίῳ (LUK 17:5!6; LUK 1:17!22; LUK 20:42!11; LUK 2:22!19; LUK 2:23!13)|κύριε (LUK 10:21!15; LUK 17:37!6; LUK 19:8!14; LUK 5:8!17; LUK 6:46!6; LUK 9:61!7)|κύριον (LUK 10:27!6; LUK 19:8!7; LUK 1:16!8; LUK 1:46!9; LUK 20:37!14; LUK 20:44!4; LUK 4:12!11; LUK 7:19!4)|κύριος (LUK 10:1!6; LUK 10:41!6; LUK 11:39!4; LUK 12:42!4; LUK 13:15!5; LUK 17:6!4; LUK 18:6!4; LUK 19:31!13; LUK 19:34!6; LUK 1:25!5; LUK 1:28!9; LUK 1:32!11; LUK 1:58!11; LUK 1:68!2; LUK 20:42!9; LUK 22:61!4; LUK 24:34!6; LUK 2:11!9; LUK 2:15!30; LUK 7:13!5)|οὐρανίου (LUK 2:13!9)|οὐρανὸν (LUK 15:18!14; LUK 15:21!10)|πάτερ (LUK 10:21!14)|πατήρ (LUK 10:21!34; LUK 10:22!18; LUK 22:29!8)|πατρός (LUK 10:22!6; LUK 24:49!8; LUK 2:49!15)|πατρὸς (LUK 9:26!24)|πατὴρ (LUK 10:22!23; LUK 11:13!16; LUK 12:30!12; LUK 12:32!9; LUK 6:36!5)|πνευμάτων (LUK 6:18!15; LUK 7:21!12; LUK 8:2!8)|πνεύμασιν (LUK 4:36!23)|πνεύματα (LUK 10:20!8; LUK 11:26!6)|πνεύματι (LUK 10:21!7; LUK 1:17!7; LUK 1:80!7; LUK 2:27!5; LUK 3:16!30; LUK 4:1!14; LUK 8:29!4; LUK 9:42!16)|πνεύματος (LUK 1:15!15; LUK 1:41!20; LUK 1:67!7; LUK 2:26!7; LUK 4:1!4; LUK 4:14!9)|πνεῦμα (LUK 11:13!21; LUK 11:24!4; LUK 12:10!18; LUK 12:12!4; LUK 13:11!4; LUK 24:37!7; LUK 24:39!18; LUK 2:25!22; LUK 3:22!4; LUK 4:33!8; LUK 9:39!3)|στρατιᾶς (LUK 2:13!8)|υἱός (LUK 3:22!21; LUK 9:35!11)|υἱὲ (LUK 8:28!17)|υἱὸς (LUK 10:22!14; LUK 10:22!27; LUK 10:22!33; LUK 1:32!5; LUK 1:35!23; LUK 22:70!8; LUK 4:3!7; LUK 4:41!14; LUK 4:9!17)|ἀγγέλοις (LUK 4:10!5)|ἀγγέλου (LUK 2:21!19)|ἀγγέλων (LUK 12:8!23; LUK 12:9!11; LUK 15:10!8; LUK 16:22!11; LUK 24:23!11; LUK 9:26!28)|ἀγγέλῳ (LUK 2:13!6)|ἄγγελοι (LUK 2:15!11)|ἄγγελον (LUK 1:18!6; LUK 1:34!6)|ἄγγελος (LUK 1:11!4; LUK 1:13!6; LUK 1:19!4; LUK 1:26!9; LUK 1:30!4; LUK 1:35!4; LUK 1:38!19; LUK 22:43!4; LUK 2:10!5; LUK 2:9!2)|ἰσάγγελοι (LUK 20:36!6)|ὑψίστου (LUK 8:28!21)|Ὑψίστου (LUK 1:32!6; LUK 1:35!14; LUK 1:76!6; LUK 6:35!21)
4.9.2,Supernatural being,17,53,326,"12.1, 12.12, 12.15, 12.16, 12.18, 12.28, 12.29, 12.30, 12.34, 12.37, 12.38, 12.39, 12.4, 12.41, 12.42, 12.44, 12.9",Δαιμόνιον (LUK 7:33!14)|Κύριε (LUK 10:17!9; LUK 10:40!11; LUK 11:1!20; LUK 12:41!5; LUK 13:23!5; LUK 18:41!8; LUK 22:33!5; LUK 22:38!4; LUK 22:49!9; LUK 5:12!26; LUK 6:46!5; LUK 7:6!22; LUK 9:54!9)|Κύριον (LUK 4:8!8)|Πάτερ (LUK 11:2!7; LUK 22:42!2; LUK 23:34!5; LUK 23:46!8)|Πνεῦμα (LUK 1:35!7; LUK 4:18!1)|Σατανᾶν (LUK 10:18!6)|Σατανᾶς (LUK 11:18!5; LUK 13:16!9; LUK 22:3!3; LUK 22:31!5)|δαιμονίου (LUK 11:14!9; LUK 4:33!9; LUK 8:29!29)|δαιμονίων (LUK 11:15!11)|δαιμονισθείς (LUK 8:36!9)|δαιμόνια (LUK 10:17!12; LUK 11:15!14; LUK 11:18!21; LUK 11:19!8; LUK 11:20!8; LUK 13:32!11; LUK 4:41!4; LUK 8:2!18; LUK 8:27!14; LUK 8:30!16; LUK 8:33!4; LUK 8:35!19; LUK 8:38!10; LUK 9:1!13; LUK 9:49!13)|δαιμόνιον (LUK 11:14!4; LUK 4:35!16; LUK 9:42!8)|διάβολος (LUK 4:13!6; LUK 4:3!5; LUK 4:6!5; LUK 8:12!12)|διαβόλου (LUK 4:2!6)|δυνάμεις (LUK 21:26!13)|θεοῦ (LUK 10:11!24; LUK 10:9!16; LUK 11:20!16; LUK 11:20!5; LUK 11:28!11; LUK 11:42!24; LUK 11:49!7; LUK 12:6!16; LUK 12:8!25; LUK 12:9!13; LUK 13:18!9; LUK 13:20!9; LUK 13:28!25; LUK 13:29!18; LUK 14:15!17; LUK 15:10!10; LUK 16:15!27; LUK 16:16!13; LUK 17:20!11; LUK 17:20!21; LUK 17:21!12; LUK 18:16!24; LUK 18:17!11; LUK 18:24!17; LUK 18:25!15; LUK 18:29!26; LUK 19:11!23; LUK 1:19!14; LUK 1:26!13; LUK 1:35!24; LUK 1:37!6; LUK 1:6!7; LUK 1:78!4; LUK 1:8!15; LUK 20:21!22; LUK 20:25!14; LUK 20:36!12; LUK 21:31!15; LUK 22:16!16; LUK 22:18!20; LUK 22:69!16; LUK 22:70!10; LUK 23:35!22; LUK 23:51!21; LUK 24:19!25; LUK 2:40!11; LUK 3:2!8; LUK 3:38!8; LUK 3:6!8; LUK 4:3!10; LUK 4:34!18; LUK 4:41!16; LUK 4:43!17; LUK 4:9!20; LUK 5:1!14; LUK 6:12!20; LUK 6:20!21; LUK 6:4!7; LUK 7:28!17; LUK 7:30!10; LUK 8:1!19; LUK 8:10!12; LUK 8:11!12; LUK 8:21!18; LUK 8:28!19; LUK 9:11!16; LUK 9:2!8; LUK 9:20!17; LUK 9:27!21; LUK 9:43!8; LUK 9:60!18; LUK 9:62!21)|θεόν (LUK 10:27!8; LUK 13:13!12; LUK 17:15!14; LUK 18:43!9; LUK 1:64!15; LUK 23:40!12; LUK 24:53!10; LUK 4:12!13; LUK 4:8!10; LUK 5:25!17; LUK 5:26!8; LUK 7:29!11)|θεός (LUK 12:20!5; LUK 18:11!9; LUK 18:13!22; LUK 18:19!16; LUK 5:21!24; LUK 8:39!12)|θεὸν (LUK 12:21!8; LUK 18:2!9; LUK 18:4!15; LUK 19:37!21; LUK 1:16!10; LUK 20:37!16; LUK 20:37!19; LUK 20:37!22; LUK 23:47!9; LUK 2:13!12; LUK 2:20!9; LUK 2:28!11; LUK 7:16!8)|θεὸς (LUK 12:24!17; LUK 12:28!15; LUK 16:15!14; LUK 18:7!3; LUK 1:32!13; LUK 1:68!4; LUK 20:38!1; LUK 3:8!23; LUK 7:16!20)|θεῷ (LUK 16:13!25; LUK 17:18!7; LUK 18:27!11; LUK 18:43!18; LUK 1:30!14; LUK 1:47!8; LUK 20:25!16; LUK 2:14!4; LUK 2:38!8; LUK 2:52!10)|κυρίου (LUK 13:35!23; LUK 19:38!8; LUK 1:11!5; LUK 1:15!6; LUK 1:38!7; LUK 1:43!10; LUK 1:45!12; LUK 1:6!16; LUK 1:66!20; LUK 1:76!11; LUK 1:9!14; LUK 22:61!15; LUK 2:23!5; LUK 2:24!11; LUK 2:26!19; LUK 2:39!9; LUK 2:9!3; LUK 2:9!8; LUK 3:4!17; LUK 4:18!2; LUK 4:19!3; LUK 5:17!31)|κυρίῳ (LUK 17:5!6; LUK 1:17!22; LUK 20:42!11; LUK 2:22!19; LUK 2:23!13)|κύριε (LUK 10:21!15; LUK 17:37!6; LUK 19:8!14; LUK 5:8!17; LUK 6:46!6; LUK 9:61!7)|κύριον (LUK 10:27!6; LUK 19:8!7; LUK 1:16!8; LUK 1:46!9; LUK 20:37!14; LUK 20:44!4; LUK 4:12!11; LUK 7:19!4)|κύριος (LUK 10:1!6; LUK 10:41!6; LUK 11:39!4; LUK 12:42!4; LUK 13:15!5; LUK 17:6!4; LUK 18:6!4; LUK 19:31!13; LUK 19:34!6; LUK 1:25!5; LUK 1:28!9; LUK 1:32!11; LUK 1:58!11; LUK 1:68!2; LUK 20:42!9; LUK 22:61!4; LUK 24:34!6; LUK 2:11!9; LUK 2:15!30; LUK 7:13!5)|οὐρανίου (LUK 2:13!9)|οὐρανὸν (LUK 15:18!14; LUK 15:21!10)|πάτερ (LUK 10:21!14)|πατήρ (LUK 10:21!34; LUK 10:22!18; LUK 22:29!8)|πατρός (LUK 10:22!6; LUK 24:49!8; LUK 2:49!15)|πατρὸς (LUK 9:26!24)|πατὴρ (LUK 10:22!23; LUK 11:13!16; LUK 12:30!12; LUK 12:32!9; LUK 6:36!5)|πνευμάτων (LUK 6:18!15; LUK 7:21!12; LUK 8:2!8)|πνεύμασιν (LUK 4:36!23)|πνεύματα (LUK 10:20!8; LUK 11:26!6)|πνεύματι (LUK 10:21!7; LUK 1:17!7; LUK 1:80!7; LUK 2:27!5; LUK 3:16!30; LUK 4:1!14; LUK 8:29!4; LUK 9:42!16)|πνεύματος (LUK 1:15!15; LUK 1:41!20; LUK 1:67!7; LUK 2:26!7; LUK 4:1!4; LUK 4:14!9)|πνεῦμα (LUK 11:13!21; LUK 11:24!4; LUK 12:10!18; LUK 12:12!4; LUK 13:11!4; LUK 24:37!7; LUK 24:39!18; LUK 2:25!22; LUK 3:22!4; LUK 4:33!8; LUK 9:39!3)|στρατιᾶς (LUK 2:13!8)|υἱός (LUK 3:22!21; LUK 9:35!11)|υἱὲ (LUK 8:28!17)|υἱὸς (LUK 10:22!14; LUK 10:22!27; LUK 10:22!33; LUK 1:32!5; LUK 1:35!23; LUK 22:70!8; LUK 4:3!7; LUK 4:41!14; LUK 4:9!17)|ἀγγέλοις (LUK 4:10!5)|ἀγγέλου (LUK 2:21!19)|ἀγγέλων (LUK 12:8!23; LUK 12:9!11; LUK 15:10!8; LUK 16:22!11; LUK 24:23!11; LUK 9:26!28)|ἀγγέλῳ (LUK 2:13!6)|ἄγγελοι (LUK 2:15!11)|ἄγγελον (LUK 1:18!6; LUK 1:34!6)|ἄγγελος (LUK 1:11!4; LUK 1:13!6; LUK 1:19!4; LUK 1:26!9; LUK 1:30!4; LUK 1:35!4; LUK 1:38!19; LUK 22:43!4; LUK 2:10!5; LUK 2:9!2)|ἰσάγγελοι (LUK 20:36!6)|ὑψίστου (LUK 8:28!21)|Ὑψίστου (LUK 1:32!6; LUK 1:35!14; LUK 1:76!6; LUK 6:35!21)
4.9.5,Practice religion,35,82,154,"53.102, 53.13, 53.14, 53.18, 53.20, 53.25, 53.26, 53.28, 53.29, 53.31, 53.39, 53.41, 53.42, 53.45, 53.46, 53.49, 53.51, 53.56, 53.58, 53.65, 53.74, 53.77, 53.79, 53.8, 53.80, 53.81, 53.82, 53.85, 53.86, 53.87, 53.88, 53.89, 53.91, 53.93, 53.94",Λευίτης (LUK 10:32!4)|Προφήτης (LUK 7:16!11)|βάπτισμα (LUK 12:50!1; LUK 20:4!2; LUK 3:3!9; LUK 7:29!14)|βαπτίζω (LUK 3:16!9)|βαπτίσει (LUK 3:16!28)|βαπτισθέντες (LUK 7:29!12; LUK 7:30!15)|βαπτισθέντος (LUK 3:21!11)|βαπτισθῆναι (LUK 3:12!5; LUK 3:21!5; LUK 3:7!6)|βαπτιστήν (LUK 9:19!7)|βαπτιστὴς (LUK 7:20!10; LUK 7:33!5)|γραμματέων (LUK 20:39!5; LUK 20:46!4; LUK 9:22!18)|γραμματεῖς (LUK 11:53!6; LUK 15:2!8; LUK 19:47!15; LUK 20:1!21; LUK 20:19!4; LUK 22:2!7; LUK 22:66!13; LUK 23:10!7; LUK 5:21!5; LUK 5:30!7; LUK 6:7!4)|εὐλαβής (LUK 2:25!16)|θυμιάματος (LUK 1:10!13; LUK 1:11!12)|θυμιᾶσαι (LUK 1:9!8)|θυσίαν (LUK 2:24!4)|θυσιῶν (LUK 13:1!20)|καθαρισμοῦ (LUK 2:22!7; LUK 5:14!17)|καθαρὰ (LUK 11:41!9)|λατρεύειν (LUK 1:74!6)|λατρεύουσα (LUK 2:37!16)|λατρεύσεις (LUK 4:8!16)|λειτουργίας (LUK 1:23!8)|νηστείαις (LUK 2:37!13)|νηστεύουσιν (LUK 5:33!9)|νηστεύσουσιν (LUK 5:35!12)|νηστεύω (LUK 18:12!1)|νηστεῦσαι (LUK 5:34!20)|περιτεμεῖν (LUK 1:59!9; LUK 2:21!7)|πρεσβυτέροις (LUK 20:1!24)|πρεσβυτέρους (LUK 22:52!15; LUK 7:3!9)|πρεσβυτέρων (LUK 9:22!14)|προθέσεως (LUK 6:4!12)|προσκυνήσαντες (LUK 24:52!3)|προσκυνήσεις (LUK 4:8!12)|προσκυνήσῃς (LUK 4:7!4)|προφήταις (LUK 24:44!28; LUK 6:23!23)|προφήτας (LUK 11:49!12; LUK 13:28!20; LUK 13:34!6; LUK 16:29!8)|προφήτην (LUK 13:33!14; LUK 20:6!15; LUK 7:26!5)|προφήτης (LUK 1:76!5; LUK 24:19!17; LUK 4:24!8; LUK 7:39!15; LUK 9:19!14; LUK 9:8!10)|προφήτου (LUK 3:4!8; LUK 4:17!6; LUK 4:27!11; LUK 7:26!11)|προφητῶν (LUK 11:47!8; LUK 11:50!7; LUK 16:31!8; LUK 18:31!19; LUK 1:70!9; LUK 24:27!9)|προφῆται (LUK 10:24!6; LUK 16:16!5; LUK 24:25!19)|προφῆτις (LUK 2:36!4)|φοβουμένοις (LUK 1:50!10)|χριστός (LUK 22:67!6; LUK 23:39!13; LUK 3:15!19)|χριστὸν (LUK 20:41!8; LUK 23:2!20; LUK 24:26!6; LUK 24:46!9; LUK 2:26!18; LUK 4:41!26; LUK 9:20!15)|χριστὸς (LUK 23:35!20; LUK 2:11!8)|ψευδοπροφήταις (LUK 6:26!15)|ἀκάθαρτον (LUK 11:24!3)|ἀκαθάρτοις (LUK 4:36!22)|ἀκαθάρτου (LUK 4:33!10)|ἀκαθάρτων (LUK 6:18!16)|ἀκαθάρτῳ (LUK 8:29!6; LUK 9:42!18)|ἀναθήμασιν (LUK 21:5!11)|ἀποστόλους (LUK 24:10!20; LUK 6:13!16)|ἀπόστολοι (LUK 17:5!4; LUK 22:14!9; LUK 9:10!4)|ἀρχιερέων (LUK 9:22!16)|ἀρχιερέως (LUK 22:50!8; LUK 22:54!11; LUK 3:2!2)|ἀρχιερεῖς (LUK 19:47!12; LUK 20:1!18; LUK 20:19!7; LUK 22:2!4; LUK 22:52!9; LUK 22:66!10; LUK 23:10!4; LUK 23:13!5; LUK 23:4!7; LUK 24:20!6)|ἀρχιερεῦσιν (LUK 22:4!5)|ἀρχισυνάγωγος (LUK 13:14!4)|ἀρχισυναγώγου (LUK 8:49!8)|ἁγίας (LUK 1:72!10)|ἁγίων (LUK 1:70!6)|ἄρτους (LUK 6:4!10)|ἅγιον (LUK 1:49!8; LUK 2:23!11)|ἐβαπτίσθη (LUK 11:38!9)|ἐκβάλλει (LUK 11:15!12)|ἐκβάλλειν (LUK 11:18!18)|ἐκβάλλοντα (LUK 9:49!12)|ἐκβάλλουσιν (LUK 11:19!14)|ἐκβάλλω (LUK 11:19!6; LUK 11:20!6; LUK 13:32!10)|ἐκβάλλων (LUK 11:14!3)|ἐκβάλωσιν (LUK 9:40!7)|ἱερατείας (LUK 1:9!5)|ἱερατεύειν (LUK 1:8!5)|ἱερεύς (LUK 10:31!4; LUK 1:5!9)|ἱερεῖ (LUK 5:14!12)|ἱερεῖς (LUK 6:4!28)|ἱερεῦσιν (LUK 17:14!9)|ὁσιότητι (LUK 1:75!2)
5,Daily life,11,16,19,"46.1, 46.13, 46.14, 46.15, 46.16, 46.18, 46.19, 46.4, 46.5, 46.6, 46.9",διακονίαν (LUK 10:40!7)|διηκόνει (LUK 4:39!14)|θεραπείας (LUK 12:42!19)|οἰκέτης (LUK 16:13!2)|οἰκονομίαν (LUK 16:3!15)|οἰκονομίας (LUK 16:2!15; LUK 16:4!9)|οἰκονομεῖν (LUK 16:2!21)|οἰκονόμον (LUK 16:1!13; LUK 16:8!6)|οἰκονόμος (LUK 12:42!10; LUK 16:3!6)|σαροῖ (LUK 15:8!15)|σεσαρωμένον (LUK 11:25!4)|σινιάσαι (LUK 22:31!9)|ἀλήθουσαι (LUK 17:35!3)|ἀρτυθήσεται (LUK 14:34!13)|ἐστρωμένον (LUK 22:12!6)|ὀπτοῦ (LUK 24:42!6)
5.2,Food,11,19,29,"5.1, 5.11, 5.12, 5.13, 5.18, 5.21, 5.25, 5.3, 5.5, 5.8, 5.9",βρώματα (LUK 3:11!16; LUK 9:13!32)|ζύμῃ (LUK 13:21!3)|μέρος (LUK 24:42!7)|πιπτόντων (LUK 16:21!6)|σιτομέτριον (LUK 12:42!26)|τροφῆς (LUK 12:23!7)|ἀζύμων (LUK 22:1!6; LUK 22:7!6)|ἀλεύρου (LUK 13:21!9)|ἄρτοι (LUK 9:13!17)|ἄρτον (LUK 11:3!2; LUK 14:1!16; LUK 14:15!12; LUK 22:19!3; LUK 24:30!11; LUK 7:33!8; LUK 9:3!15)|ἄρτος (LUK 4:3!17)|ἄρτου (LUK 24:35!16)|ἄρτους (LUK 11:5!22; LUK 9:16!5)|ἄρτων (LUK 15:17!12)|ἄρτῳ (LUK 4:4!11)|ἅλας (LUK 14:34!4; LUK 14:34!9)|ἐζυμώθη (LUK 13:21!14)|ἐπισιτισμόν (LUK 9:12!26)|ᾠόν (LUK 11:12!4)
5.3.7,Adornment,6,14,15,"49.1, 49.15, 49.18, 49.3, 49.5, 49.6",περιβαλὼν (LUK 23:11!13)|περιεβάλετο (LUK 12:27!20)|περιζωσάμενος (LUK 17:8!9)|περιζώσεται (LUK 12:37!15)|ἀμφιέζει (LUK 12:28!17)|ἐκδύσαντες (LUK 10:30!18)|ἐνδύσατε (LUK 15:22!15)|ἐνδύσησθε (LUK 12:22!21; LUK 24:49!20)|ἐνεδιδύσκετο (LUK 16:19!7)|ἐνεδύσατο (LUK 8:27!19)|ἐσπαργάνωσεν (LUK 2:7!9)|ἐσπαργανωμένον (LUK 2:12!8)|ἠμφιεσμένον (LUK 7:25!9)|ἱματισμένον (LUK 8:35!21)
5.4,Wear clothing,6,14,15,"49.1, 49.15, 49.18, 49.3, 49.5, 49.6",περιβαλὼν (LUK 23:11!13)|περιεβάλετο (LUK 12:27!20)|περιζωσάμενος (LUK 17:8!9)|περιζώσεται (LUK 12:37!15)|ἀμφιέζει (LUK 12:28!17)|ἐκδύσαντες (LUK 10:30!18)|ἐνδύσατε (LUK 15:22!15)|ἐνδύσησθε (LUK 12:22!21; LUK 24:49!20)|ἐνεδιδύσκετο (LUK 16:19!7)|ἐνεδύσατο (LUK 8:27!19)|ἐσπαργάνωσεν (LUK 2:7!9)|ἐσπαργανωμένον (LUK 2:12!8)|ἠμφιεσμένον (LUK 7:25!9)|ἱματισμένον (LUK 8:35!21)
6.1.2.3,Work well,2,3,3,"75.2, 75.5",κατηρτισμένος (LUK 6:40!7)|ἱκανός (LUK 7:6!27)|ἱκανὸς (LUK 3:16!19)
6.1.2.3.4,"Power, force",10,19,28,"76.1, 76.10, 76.12, 76.13, 76.16, 76.2, 76.24, 76.26, 76.3, 76.7",βραχίονι (LUK 1:51!4)|δακτύλῳ (LUK 11:20!4)|δυνάμει (LUK 1:17!9; LUK 4:14!7; LUK 4:36!19)|δυνάμεις (LUK 10:13!15)|δυνάμεων (LUK 19:37!28)|δυνάμεως (LUK 21:27!12; LUK 22:69!14)|δόξης (LUK 21:27!14)|δύναμιν (LUK 10:19!16; LUK 24:49!23; LUK 8:46!11; LUK 9:1!7)|δύναμις (LUK 1:35!13; LUK 5:17!30; LUK 6:19!9)|κέρας (LUK 1:69!3)|καταργεῖ (LUK 13:7!27)|κράτος (LUK 1:51!2)|μεγαλειότητι (LUK 9:43!6)|χειρὸς (LUK 1:71!7; LUK 1:74!3)|χεὶρ (LUK 1:66!19)|ἐκραταιοῦτο (LUK 1:80!6)|ἐξουσία (LUK 22:53!24)|ἐξουσίαν (LUK 4:6!9)|ἠθέτησαν (LUK 7:30!11)
6.1.2.6,Prepare,5,16,22,"77.2, 77.3, 77.5, 77.6, 77.7",κατασκευάσει (LUK 7:27!15)|κατεσκευασμένον (LUK 1:17!24)|περιεζωσμέναι (LUK 12:35!5)|ἑτοιμάσαι (LUK 1:17!21; LUK 1:76!12; LUK 9:52!14)|ἑτοιμάσας (LUK 12:47!14)|ἑτοιμάσατε (LUK 22:12!8; LUK 22:8!8)|ἑτοιμάσωμεν (LUK 22:9!7)|ἕτοιμά (LUK 14:17!16)|ἕτοιμοι (LUK 12:40!4)|ἕτοιμός (LUK 22:33!8)|Ἑτοίμασον (LUK 17:8!5)|Ἑτοιμάσατε (LUK 3:4!14)|ἡτοίμασαν (LUK 22:13!8; LUK 23:56!3; LUK 24:1!14)|ἡτοίμασας (LUK 12:20!18; LUK 2:31!2)|ὀσφύες (LUK 12:35!4)|ὁδόν (LUK 7:27!17)
6.2,Agriculture,11,28,30,"43.11, 43.14, 43.15, 43.18, 43.2, 43.21, 43.3, 43.4, 43.5, 43.6, 43.7",γεωργοὶ (LUK 20:10!18; LUK 20:14!5)|γεωργοὺς (LUK 20:10!6; LUK 20:16!5)|γεωργοῖς (LUK 20:9!16)|θερίζεις (LUK 19:21!13)|θερίζουσιν (LUK 12:24!8)|θερίζων (LUK 19:22!22)|θερισμοῦ (LUK 10:2!18)|θερισμὸν (LUK 10:2!24)|θερισμὸς (LUK 10:2!7)|καρπούς (LUK 12:17!14)|καρποῦ (LUK 20:10!11)|πεφυτευμένην (LUK 13:6!9)|σκάπτειν (LUK 16:3!18)|σκάψω (LUK 13:8!15)|σπείρειν (LUK 8:5!12)|σπείρουσιν (LUK 12:24!6)|σπείρων (LUK 8:5!3)|σπεῖραι (LUK 8:5!5)|σπορίμων (LUK 6:1!8)|τρυγῶσιν (LUK 6:44!19)|φυτεύθητι (LUK 17:6!18)|ἀμπελουργόν (LUK 13:7!5)|ἀροτριῶντα (LUK 17:7!7)|ἐφύτευον (LUK 17:28!12)|ἐφύτευσεν (LUK 20:9!11)|ἔσπειρα (LUK 19:22!25)|ἔσπειρας (LUK 19:21!16)|Ἐκριζώθητι (LUK 17:6!16)
6.3,Animal husbandry,6,9,12,"44.1, 44.10, 44.2, 44.3, 44.4, 44.9",βόσκειν (LUK 15:15!17)|βόσκοντες (LUK 8:34!4)|ποιμένες (LUK 2:15!13; LUK 2:20!4; LUK 2:8!2)|ποιμένων (LUK 2:18!11)|ποιμαίνοντα (LUK 17:7!9)|σιτευτόν (LUK 15:23!6; LUK 15:27!18)|σιτευτὸν (LUK 15:30!18)|συνέκλεισαν (LUK 5:6!4)|ἁλιεῖς (LUK 5:2!11)
6.4,Hunt and fish,6,9,12,"44.1, 44.10, 44.2, 44.3, 44.4, 44.9",βόσκειν (LUK 15:15!17)|βόσκοντες (LUK 8:34!4)|ποιμένες (LUK 2:15!13; LUK 2:20!4; LUK 2:8!2)|ποιμένων (LUK 2:18!11)|ποιμαίνοντα (LUK 17:7!9)|σιτευτόν (LUK 15:23!6; LUK 15:27!18)|σιτευτὸν (LUK 15:30!18)|συνέκλεισαν (LUK 5:6!4)|ἁλιεῖς (LUK 5:2!11)
6.5,Working with buildings,35,84,154,"45.1, 7.11, 7.12, 7.15, 7.16, 7.2, 7.20, 7.23, 7.24, 7.25, 7.27, 7.28, 7.3, 7.30, 7.32, 7.34, 7.41, 7.44, 7.48, 7.49, 7.5, 7.50, 7.51, 7.53, 7.57, 7.6, 7.60, 7.64, 7.65, 7.70, 7.74, 7.75, 7.76, 7.78, 7.9",αὐλήν (LUK 11:21!8)|αὐλῆς (LUK 22:55!7)|βασιλείοις (LUK 7:25!20)|δοκὸν (LUK 6:41!15; LUK 6:42!23; LUK 6:42!30)|δωμάτων (LUK 12:3!24)|δώματος (LUK 17:31!9)|δῶμα (LUK 5:19!13)|θεμέλιον (LUK 14:29!5; LUK 6:48!12)|θεμελίου (LUK 6:49!16)|θησαυροῦ (LUK 6:45!7)|θύρα (LUK 11:7!11)|θύραν (LUK 13:25!10; LUK 13:25!18)|θύρας (LUK 13:24!6)|κατάλυμα (LUK 22:11!14)|καταλύματι (LUK 2:7!23)|κεφαλὴν (LUK 20:17!20)|κλίβανον (LUK 12:28!12)|μνήμασιν (LUK 8:27!29)|μνήματι (LUK 23:53!10)|μνημείου (LUK 24:2!8; LUK 24:9!5)|μνημεῖα (LUK 11:44!7; LUK 11:47!6)|μνημεῖον (LUK 23:55!14; LUK 24:12!8; LUK 24:22!13; LUK 24:24!9)|μνῆμα (LUK 24:1!10)|μυλικὸς (LUK 17:2!5)|ναοῦ (LUK 23:45!9)|ναὸν (LUK 1:9!12)|ναῷ (LUK 1:21!15; LUK 1:22!14)|νυμφῶνος (LUK 5:34!11)|οἰκίαν (LUK 10:5!6; LUK 10:7!25; LUK 15:8!17; LUK 18:29!13; LUK 22:10!21; LUK 22:54!9; LUK 4:38!9; LUK 6:48!5; LUK 6:49!11; LUK 7:44!17; LUK 8:51!5; LUK 9:4!5)|οἰκίας (LUK 10:7!23; LUK 20:47!4; LUK 22:11!6; LUK 6:49!29; LUK 7:6!15)|οἰκίᾳ (LUK 10:7!5; LUK 15:25!15; LUK 17:31!16; LUK 5:29!9; LUK 6:48!23; LUK 7:37!16; LUK 8:27!23)|οἰκοδομήσαντι (LUK 6:49!10)|οἰκοδομήσω (LUK 12:18!11)|οἰκοδομεῖν (LUK 14:30!7)|οἰκοδομεῖτε (LUK 11:47!4; LUK 11:48!18)|οἰκοδομοῦντες (LUK 20:17!16)|οἰκοδομοῦντι (LUK 6:48!4)|οἰκοδομῆσαι (LUK 14:28!7)|οἰκοδομῆσθαι (LUK 6:48!33)|οἴκου (LUK 11:51!14)|οἴκους (LUK 16:4!14)|οἴκῳ (LUK 19:5!20)|οἶκον (LUK 11:17!18; LUK 12:39!19; LUK 15:6!5; LUK 18:14!8; LUK 1:23!13; LUK 1:40!5; LUK 1:56!13; LUK 5:25!13; LUK 6:4!5; LUK 7:10!5; LUK 7:36!15; LUK 8:41!26)|οἶκος (LUK 11:17!16; LUK 13:35!5; LUK 14:23!21; LUK 19:46!9)|οἶκόν (LUK 11:24!22; LUK 14:1!8; LUK 5:24!30; LUK 8:39!4; LUK 9:61!16)|οἶκός (LUK 19:46!7)|πανδοχεῖ (LUK 10:35!10)|πανδοχεῖον (LUK 10:34!21)|πτερύγιον (LUK 4:9!10)|πυλῶνα (LUK 16:20!9)|πύλῃ (LUK 7:12!5)|πύργον (LUK 14:28!6)|πύργος (LUK 13:4!9)|σκηνάς (LUK 16:9!21)|σκηνὰς (LUK 9:33!23)|στέγην (LUK 7:6!32)|συναγωγήν (LUK 4:16!21)|συναγωγαῖς (LUK 11:43!11; LUK 20:46!20; LUK 4:15!6)|συναγωγὰς (LUK 12:11!7; LUK 21:12!16; LUK 4:44!6)|συναγωγὴν (LUK 6:6!10; LUK 7:5!8)|συναγωγῆς (LUK 4:38!5; LUK 8:41!12)|συναγωγῇ (LUK 4:20!15; LUK 4:28!7; LUK 4:33!4)|συναγωγῶν (LUK 13:10!7)|ταμείοις (LUK 12:3!20)|ταμεῖον (LUK 12:24!12)|φάτνης (LUK 13:15!23)|φρέαρ (LUK 14:5!11)|φυλακάς (LUK 21:12!18)|φυλακήν (LUK 12:58!37)|φυλακὴν (LUK 22:33!12; LUK 23:25!10)|φυλακῇ (LUK 23:19!15; LUK 3:20!11)|χάρακά (LUK 19:43!11)|ἀνάγαιον (LUK 22:12!4)|ἀποθήκας (LUK 12:18!8)|ἀποθήκη (LUK 12:24!14)|ἀποθήκην (LUK 3:17!18)|ἅλωνα (LUK 3:17!10)|ἱεροῦ (LUK 21:5!6; LUK 22:52!13; LUK 2:37!12; LUK 4:9!12)|ἱερόν (LUK 2:27!8)|ἱερὸν (LUK 18:10!6; LUK 19:45!5)|ἱερῷ (LUK 19:47!9; LUK 20:1!13; LUK 21:37!7; LUK 21:38!10; LUK 22:53!9; LUK 24:53!7; LUK 2:46!10)|ᾠκοδόμησεν (LUK 7:5!10)|ᾠκοδόμητο (LUK 4:29!19)|ᾠκοδόμουν (LUK 17:28!13)
6.6.1,Working with cloth,2,1,1,"48.2, 48.3",νήθει (LUK 12:27!9)
6.7,Tool,78,116,169,"6.104, 6.105, 6.106, 6.107, 6.108, 6.109, 6.11, 6.113, 6.114, 6.117, 6.118, 6.121, 6.128, 6.131, 6.132, 6.134, 6.137, 6.14, 6.141, 6.142, 6.144, 6.145, 6.146, 6.147, 6.150, 6.151, 6.154, 6.155, 6.157, 6.159, 6.16, 6.160, 6.162, 6.164, 6.166, 6.169, 6.17, 6.172, 6.174, 6.176, 6.180, 6.181, 6.182, 6.190, 6.197, 6.198, 6.20, 6.200, 6.201, 6.202, 6.205, 6.207, 6.215, 6.216, 6.217, 6.218, 6.219, 6.224, 6.23, 6.27, 6.30, 6.31, 6.32, 6.33, 6.4, 6.41, 6.44, 6.6, 6.60, 6.64, 6.73, 6.75, 6.76, 6.77, 6.79, 6.81, 6.87, 6.96",Ηὐλήσαμεν (LUK 7:32!13)|βίβλῳ (LUK 3:4!4)|βαλλάντια (LUK 12:33!10)|βαλλάντιον (LUK 10:4!3; LUK 22:36!8)|βαλλαντίου (LUK 22:35!8)|βελόνης (LUK 18:25!7)|βιβλίον (LUK 4:17!11; LUK 4:17!4; LUK 4:20!4)|βύσσον (LUK 16:19!10)|γαζοφυλάκιον (LUK 21:1!8)|δίκτυα (LUK 5:2!17; LUK 5:4!16; LUK 5:5!19; LUK 5:6!11)|δακτύλιον (LUK 15:22!19)|δεσμὰ (LUK 8:29!25)|δηνάρια (LUK 10:35!7; LUK 7:41!9)|δηνάριον (LUK 20:24!3)|δραχμὰς (LUK 15:8!4)|δραχμὴν (LUK 15:8!9; LUK 15:9!14)|δῶρα (LUK 21:4!11)|εἰκόνα (LUK 20:24!6)|θυσιαστηρίου (LUK 11:51!11; LUK 1:11!10)|καταπέτασμα (LUK 23:45!7)|κατασκηνώσεις (LUK 9:58!15)|κατεσκήνωσεν (LUK 13:19!23)|κεράμιον (LUK 22:10!14)|κεράμων (LUK 5:19!16)|κιβωτόν (LUK 17:27!12)|κλήρους (LUK 23:34!19)|κλίνης (LUK 17:34!9; LUK 5:18!6; LUK 8:16!10)|κλινίδιόν (LUK 5:24!25)|κλινιδίῳ (LUK 5:19!21)|κοίτην (LUK 11:7!21)|κρασπέδου (LUK 8:44!5)|κόλπον (LUK 6:38!13)|κόφινοι (LUK 9:17!12)|λεπτὰ (LUK 21:2!8)|λεπτὸν (LUK 12:59!11)|λυχνίαν (LUK 11:33!14)|λυχνίας (LUK 8:16!14)|λύχνοι (LUK 12:35!8)|λύχνον (LUK 11:33!2; LUK 15:8!13; LUK 8:16!3)|λύχνος (LUK 11:34!2; LUK 11:36!19)|μάχαιραι (LUK 22:38!6)|μάχαιραν (LUK 22:36!23)|μαχαίρης (LUK 21:24!4)|μαχαίρῃ (LUK 22:49!13)|μαχαιρῶν (LUK 22:52!21)|μνᾶ (LUK 19:16!8; LUK 19:18!7; LUK 19:20!9)|μνᾶν (LUK 19:24!9)|μνᾶς (LUK 19:13!9; LUK 19:16!12; LUK 19:18!12; LUK 19:24!15; LUK 19:25!7)|μόδιον (LUK 11:33!10)|μύρα (LUK 23:56!6)|μύρου (LUK 7:37!21)|μύρῳ (LUK 7:38!31; LUK 7:46!9)|ξύλων (LUK 22:52!23)|οἶνον (LUK 10:34!10; LUK 1:15!8; LUK 5:37!4; LUK 5:38!2; LUK 7:33!11)|οἶνος (LUK 5:37!14)|πέδαις (LUK 8:29!20)|πήραν (LUK 10:4!5; LUK 22:36!12; LUK 9:3!13)|πήρας (LUK 22:35!10)|πίνακος (LUK 11:39!17)|παγίς (LUK 21:35!2)|πανοπλίαν (LUK 11:22!9)|πινακίδιον (LUK 1:63!3)|πλοίου (LUK 5:3!21)|πλοίων (LUK 5:3!6)|πλοίῳ (LUK 5:7!8)|πλοῖα (LUK 5:11!4; LUK 5:2!4; LUK 5:7!19)|πλοῖον (LUK 8:22!11; LUK 8:37!22)|πορφύραν (LUK 16:19!8)|ποτήριον (LUK 22:17!3; LUK 22:20!11; LUK 22:20!3)|ποτηρίου (LUK 11:39!14)|πτύον (LUK 3:17!3)|σάκκῳ (LUK 10:13!23)|σίκερα (LUK 1:15!10)|σινδόνι (LUK 23:53!5)|σκεύει (LUK 8:16!7)|σοροῦ (LUK 7:14!5)|σουδαρίῳ (LUK 19:20!15)|σταυρὸν (LUK 14:27!5; LUK 23:26!15; LUK 9:23!16)|στολαῖς (LUK 20:46!9)|στολὴν (LUK 15:22!11)|τρήματος (LUK 18:25!6)|τραπέζης (LUK 16:21!9; LUK 22:21!12; LUK 22:30!7)|φάτνῃ (LUK 2:12!12; LUK 2:16!18; LUK 2:7!15)|χιτῶνα (LUK 6:29!20)|χιτῶνας (LUK 3:11!8; LUK 9:3!21)|ἀλάβαστρον (LUK 7:37!20)|ἀξίνη (LUK 3:9!5)|ἀργύριον (LUK 19:15!20; LUK 19:23!8; LUK 22:5!6; LUK 9:3!17)|ἀρώματα (LUK 23:56!4; LUK 24:1!15)|ἀσκούς (LUK 5:37!18)|ἀσκοὶ (LUK 5:37!24)|ἀσκοὺς (LUK 5:37!7; LUK 5:38!5)|ἀσσαρίων (LUK 12:6!5)|ἁλύσεσιν (LUK 8:29!18)|ἄροτρον (LUK 9:62!10)|ἐλαίου (LUK 16:6!6)|ἐλαίῳ (LUK 7:46!1)|ἐνδύματος (LUK 12:23!12)|ἐπίβλημα (LUK 5:36!31; LUK 5:36!9)|ἐσθῆτα (LUK 23:11!14)|ἐσθῆτι (LUK 24:4!16)|ἔλαιον (LUK 10:34!8)|ἱμάντα (LUK 3:16!22)|ἱμάτια (LUK 19:35!11; LUK 19:36!6; LUK 23:34!16)|ἱμάτιον (LUK 22:36!19; LUK 5:36!16; LUK 6:29!17; LUK 8:27!20)|ἱματίοις (LUK 7:25!8)|ἱματίου (LUK 5:36!11; LUK 8:44!7)|ἱματισμὸς (LUK 9:29!15)|ἱματισμῷ (LUK 7:25!13)|ὀθόνια (LUK 24:12!13)|ὄξος (LUK 23:36!8)|ὑποδήματα (LUK 10:4!7; LUK 15:22!25)|ὑποδημάτων (LUK 22:35!12; LUK 3:16!24)|ὑποπόδιον (LUK 20:43!7)|ῥάβδον (LUK 9:3!11)|ῥομφαία (LUK 2:35!8)
6.8,Finance,102,222,337,"57.1, 57.102, 57.107, 57.108, 57.112, 57.114, 57.116, 57.12, 57.125, 57.128, 57.131, 57.136, 57.139, 57.14, 57.140, 57.144, 57.146, 57.147, 57.148, 57.150, 57.151, 57.152, 57.153, 57.154, 57.155, 57.16, 57.160, 57.166, 57.173, 57.174, 57.177, 57.18, 57.182, 57.183, 57.184, 57.185, 57.186, 57.188, 57.189, 57.19, 57.191, 57.195, 57.197, 57.20, 57.207, 57.209, 57.211, 57.212, 57.214, 57.215, 57.217, 57.218, 57.219, 57.222, 57.223, 57.228, 57.232, 57.233, 57.239, 57.24, 57.240, 57.243, 57.245, 57.25, 57.26, 57.28, 57.3, 57.30, 57.31, 57.33, 57.34, 57.37, 57.38, 57.39, 57.4, 57.40, 57.42, 57.44, 57.46, 57.49, 57.53, 57.55, 57.58, 57.63, 57.65, 57.68, 57.69, 57.70, 57.71, 57.73, 57.75, 57.77, 57.78, 57.80, 57.81, 57.84, 57.89, 57.91, 57.92, 57.93, 57.94, 57.96",Δότε (LUK 9:13!5)|Κύριε (LUK 13:8!6; LUK 14:22!5; LUK 19:16!6; LUK 19:20!6; LUK 19:25!4)|Πραγματεύσασθε (LUK 19:13!14)|αἴρεις (LUK 19:21!8)|αἴρων (LUK 19:22!17)|βίον (LUK 15:12!21; LUK 15:30!11; LUK 21:4!20; LUK 8:43!15)|δίδοτε (LUK 6:38!1)|δίδου (LUK 11:3!6; LUK 6:30!4)|δίδωμι (LUK 19:8!17; LUK 4:6!23)|δανίζετε (LUK 6:35!9)|δανίζουσιν (LUK 6:34!15)|δανίσητε (LUK 6:34!3)|δανιστῇ (LUK 7:41!4)|δαπάνην (LUK 14:28!13)|δαπανήσαντος (LUK 15:14!1)|δεδώκει (LUK 19:15!18)|διάδος (LUK 18:22!16)|διαδίδωσιν (LUK 11:22!19)|διαμερίσατε (LUK 22:17!9)|διαμεριζόμενοι (LUK 23:34!13)|διασείσητε (LUK 3:14!15)|διασκορπίζων (LUK 16:1!19)|διδόμενον (LUK 22:19!18)|διδόναι (LUK 11:13!9; LUK 12:42!22; LUK 23:2!16)|διεπραγματεύσαντο (LUK 19:15!24)|διεσκόρπισεν (LUK 15:13!17)|διεῖλεν (LUK 15:12!18)|δοθήσεται (LUK 11:9!6; LUK 19:26!7; LUK 6:38!3; LUK 8:18!9)|δοθῆναι (LUK 8:55!12)|δοῦναί (LUK 11:7!26)|δοῦναι (LUK 20:22!5; LUK 22:5!7; LUK 2:24!3)|δόματα (LUK 11:13!7)|δός (LUK 15:12!9)|δότε (LUK 11:41!4; LUK 12:33!6; LUK 19:24!11)|δώσει (LUK 11:13!20; LUK 11:8!20; LUK 11:8!6; LUK 16:12!12; LUK 20:16!8)|δώσουσιν (LUK 20:10!14; LUK 6:38!10)|δῶρα (LUK 21:1!10; LUK 21:4!11)|εἶχέν (LUK 13:6!7)|εἶχεν (LUK 15:11!5; LUK 16:1!12; LUK 21:4!22)|εἶχον (LUK 19:20!12)|ζημιωθείς (LUK 9:25!13)|καταφαγών (LUK 15:30!8)|κενούς (LUK 1:53!7)|κενόν (LUK 20:10!22; LUK 20:11!13)|κερδήσας (LUK 9:25!5)|κλέπτης (LUK 12:33!19; LUK 12:39!12)|κλέψῃς (LUK 18:20!9)|κλεῖδα (LUK 11:52!8)|κληρονομήσω (LUK 10:25!14; LUK 18:18!13)|κληρονομία (LUK 20:14!20)|κληρονομίαν (LUK 12:13!17)|κληρονόμος (LUK 20:14!13)|κτῶμαι (LUK 18:12!8)|κυρίοις (LUK 16:13!5)|κυρίου (LUK 10:2!16; LUK 12:47!10; LUK 16:5!8)|κυρίῳ (LUK 14:21!7; LUK 16:5!16)|κύριε (LUK 19:18!9)|κύριοι (LUK 19:33!8)|κύριον (LUK 12:36!7)|κύριος (LUK 12:37!8; LUK 12:42!16; LUK 12:43!8; LUK 12:46!3; LUK 14:23!4; LUK 16:8!4; LUK 20:13!4; LUK 20:15!13)|κύριός (LUK 12:45!13; LUK 16:3!11)|λάβῃ (LUK 20:28!17)|λαβεῖν (LUK 6:34!7)|λαβὼν (LUK 20:29!8)|λαμβάνει (LUK 11:10!5)|λείπει (LUK 18:22!10)|λόγον (LUK 16:2!13)|λῃστάς (LUK 10:36!13)|λῃσταῖς (LUK 10:30!14)|λῃστῶν (LUK 19:46!16)|μίσθιοι (LUK 15:17!7)|μαμωνᾶ (LUK 16:9!10)|μαμωνᾷ (LUK 16:11!6; LUK 16:13!28)|μεταδότω (LUK 3:11!9)|μετρεῖτε (LUK 6:38!18)|μισθίων (LUK 15:19!12)|μισθοῦ (LUK 10:7!18)|οἰκοδεσπότης (LUK 12:39!8; LUK 13:25!6; LUK 14:21!13)|οἰκοδεσπότῃ (LUK 22:11!4)|οὐσίαν (LUK 15:13!19)|οὐσίας (LUK 15:12!15)|παραδέδοται (LUK 4:6!18)|παραθήσω (LUK 11:6!13)|παραθεῖναι (LUK 9:16!22)|παραστῆσαι (LUK 2:22!17)|παρατιθέμενα (LUK 10:8!12)|παρεδόθη (LUK 10:22!3)|πενιχρὰν (LUK 21:2!5)|περισσεύονται (LUK 15:17!11)|περισσεῦσαν (LUK 9:17!9)|πλουσίοις (LUK 6:24!5)|πλουσίου (LUK 12:16!9; LUK 16:21!11)|πλουσίους (LUK 14:12!27; LUK 21:1!12)|πλουτοῦντας (LUK 1:53!5)|πλουτῶν (LUK 12:21!9)|πλούσιον (LUK 18:25!10)|πλούσιος (LUK 16:1!10; LUK 16:19!5; LUK 16:22!20; LUK 18:23!9; LUK 19:2!13)|πλούτου (LUK 8:14!15)|πονηρὸς (LUK 11:34!24)|πράσσετε (LUK 3:13!12)|προσένεγκε (LUK 5:14!14)|προσαναλώσασα (LUK 8:43!12)|προσδαπανήσῃς (LUK 10:35!19)|προσηργάσατο (LUK 19:16!11)|προστεθήσεται (LUK 12:31!8)|πτωχοί (LUK 6:20!14)|πτωχούς (LUK 14:13!6)|πτωχοὶ (LUK 7:22!22)|πτωχοὺς (LUK 14:21!29)|πτωχοῖς (LUK 18:22!17; LUK 19:8!16; LUK 4:18!10)|πτωχὴ (LUK 21:3!10)|πτωχὸν (LUK 16:22!5)|πτωχὸς (LUK 16:20!1)|πωλήσατε (LUK 12:33!1)|πωλησάτω (LUK 22:36!17)|πωλοῦνται (LUK 12:6!4)|πωλοῦντας (LUK 19:45!9)|πώλησον (LUK 18:22!14)|σκεύη (LUK 17:31!12)|σκῦλα (LUK 11:22!17)|συναγαγὼν (LUK 15:13!6)|τελωνῶν (LUK 5:29!15; LUK 5:30!18; LUK 7:34!17)|τελώνην (LUK 5:27!7)|τελώνης (LUK 18:10!14; LUK 18:11!28; LUK 18:13!3)|τελώνιον (LUK 5:27!13)|τελῶναι (LUK 15:1!7; LUK 3:12!4; LUK 7:29!8)|τράπεζαν (LUK 19:23!10)|τόκῳ (LUK 19:23!14)|φόρον (LUK 20:22!4)|φόρους (LUK 23:2!14)|χρήματα (LUK 18:24!11)|χρεία (LUK 10:42!4)|χρείαν (LUK 15:7!21; LUK 19:31!15; LUK 19:34!8; LUK 22:71!8; LUK 5:31!9; LUK 9:11!19)|χρεοφειλέται (LUK 7:41!2)|χρεοφειλετῶν (LUK 16:5!6)|χρῄζει (LUK 11:8!23)|χρῄζετε (LUK 12:30!15)|χρῆσόν (LUK 11:5!19)|ἀγαθά (LUK 12:18!20)|ἀγαθὰ (LUK 12:19!9)|ἀγοράσωμεν (LUK 9:13!26)|ἀγορασάτω (LUK 22:36!22)|ἀγοραῖς (LUK 11:43!17; LUK 20:46!15)|ἀγορᾷ (LUK 7:32!6)|ἀνταποδοθήσεται (LUK 14:14!9)|ἀνταποδοῦναί (LUK 14:14!7)|ἀνταπόδομά (LUK 14:12!35)|ἀντιμετρηθήσεται (LUK 6:38!19)|ἀπέλαβεν (LUK 15:27!22)|ἀπέλαβες (LUK 16:25!7)|ἀποδίδωμι (LUK 19:8!23)|ἀποδεκατοῦτε (LUK 11:42!7)|ἀποδεκατῶ (LUK 18:12!5)|ἀποδοῦναι (LUK 7:42!4)|ἀποδώσω (LUK 10:35!25)|ἀποδῷς (LUK 12:59!12)|ἀπολάβωσιν (LUK 6:34!17)|ἀπολάβῃ (LUK 18:30!4)|ἀπολέσας (LUK 15:4!9; LUK 9:25!11)|ἀπολέσει (LUK 17:33!8)|ἀπολέσῃ (LUK 15:8!8; LUK 17:33!13)|ἀπολωλὼς (LUK 15:24!11; LUK 15:32!16)|ἀποτάσσεται (LUK 14:33!8)|ἀπόδοτε (LUK 20:25!7)|ἀπώλεσα (LUK 15:9!16)|ἀρχιτελώνης (LUK 19:2!10)|ἁπλοῦς (LUK 11:34!13)|ἅρπαγες (LUK 18:11!20)|ἐδίδου (LUK 15:16!16; LUK 9:16!19)|ἐδόθη (LUK 12:48!14)|ἐκλίπῃ (LUK 16:9!15)|ἐλεημοσύνην (LUK 11:41!5; LUK 12:33!7)|ἐξέδετο (LUK 20:9!14)|ἐπέδωκαν (LUK 24:42!3)|ἐπεδίδου (LUK 24:30!15)|ἐπεδόθη (LUK 4:17!2)|ἐπιβάλλον (LUK 15:12!12)|ἐπιδώσει (LUK 11:11!16; LUK 11:12!5)|ἐποίησεν (LUK 19:18!10)|ἐπώλουν (LUK 17:28!11)|ἐχαρίσατο (LUK 7:21!17; LUK 7:42!6; LUK 7:43!9)|ἐχόντων (LUK 7:42!2)|ἔδωκάς (LUK 19:23!5)|ἔδωκας (LUK 15:29!21; LUK 7:44!23)|ἔδωκεν (LUK 10:35!8; LUK 19:13!6; LUK 22:19!7; LUK 6:4!16; LUK 7:15!9)|ἔθηκα (LUK 19:22!20)|ἔθηκας (LUK 19:21!11)|ἔλαβεν (LUK 20:31!4)|ἔπραξα (LUK 19:23!17)|ἔσχον (LUK 20:33!14)|ἔχει (LUK 14:28!15; LUK 19:25!5; LUK 19:26!15; LUK 19:31!16; LUK 19:34!9; LUK 24:39!23; LUK 5:24!10; LUK 9:58!22)|ἔχειν (LUK 8:18!19; LUK 8:6!13; LUK 9:3!22)|ἔχεις (LUK 12:19!7; LUK 18:22!13)|ἔχομεν (LUK 22:71!6; LUK 3:8!14)|ἔχοντα (LUK 12:5!11; LUK 24:39!27)|ἔχοντας (LUK 9:11!20)|ἔχοντες (LUK 18:24!12)|ἔχοντι (LUK 19:24!16; LUK 19:26!6; LUK 3:11!12)|ἔχοντος (LUK 19:26!12)|ἔχουσα (LUK 15:8!5)|ἔχουσιν (LUK 15:7!22; LUK 5:31!10; LUK 8:13!18; LUK 9:58!9)|ἔχω (LUK 11:6!11; LUK 12:17!10; LUK 12:50!3; LUK 16:28!1; LUK 7:40!9)|ἔχων (LUK 14:35!13; LUK 15:4!5; LUK 17:7!6; LUK 19:17!14; LUK 20:28!10; LUK 22:36!16; LUK 22:36!7; LUK 3:11!15; LUK 3:11!6; LUK 7:8!9; LUK 8:8!18)|ἔχῃ (LUK 8:18!15; LUK 8:18!8)|ἕξει (LUK 11:5!8)|ἕξεις (LUK 18:22!19)|Ἔχετέ (LUK 24:41!12)|Ἔχουσι (LUK 16:29!4)|ἠγόραζον (LUK 17:28!10)|ἠγόρασα (LUK 14:18!12; LUK 14:19!6)|ἰδίῳ (LUK 6:41!19)|ἴδια (LUK 18:28!9)|ἴδιον (LUK 10:34!16)|ὀφείλεις (LUK 16:5!14; LUK 16:7!7)|ὀψωνίοις (LUK 3:14!21)|ὑπάρχοντα (LUK 11:21!13; LUK 12:33!3; LUK 16:1!21)|ὑπάρχουσιν (LUK 12:44!8; LUK 14:33!12)|ὑπαρχόντων (LUK 12:15!23; LUK 19:8!13; LUK 8:3!17)|ὑστερήματος (LUK 21:4!16)|ὑστερήσατε (LUK 22:35!15)|ὑστερεῖσθαι (LUK 15:14!15)|ὤφειλεν (LUK 7:41!8)
7,Physical actions,21,64,89,"17.1, 17.12, 17.13, 17.14, 17.16, 17.19, 17.2, 17.21, 17.22, 17.23, 17.24, 17.26, 17.27, 17.28, 17.3, 17.31, 17.32, 17.33, 17.5, 17.6, 17.9",Κάθου (LUK 20:42!13)|Κατακλίνατε (LUK 9:14!12)|γόνατα (LUK 22:41!12)|εἱστήκει (LUK 23:35!2)|εἱστήκεισαν (LUK 23:10!1)|θεὶς (LUK 22:41!10)|καθήμενοι (LUK 10:13!26; LUK 5:17!13)|καθήμενον (LUK 22:56!6; LUK 5:27!10; LUK 8:35!13)|καθήμενος (LUK 22:69!10)|καθήσεσθε (LUK 22:30!14)|καθίσας (LUK 14:28!10; LUK 14:31!11; LUK 16:6!16; LUK 5:3!17)|καθεζόμενον (LUK 2:46!11)|καθημένοις (LUK 7:32!7)|κατέκειτο (LUK 5:25!9)|κατέκλιναν (LUK 9:15!5)|κατακλιθῆναι (LUK 24:30!5)|κατακλιθῇς (LUK 14:8!8)|κατεκλίθη (LUK 7:36!18)|κείμενον (LUK 2:12!10; LUK 2:16!15)|κείμενος (LUK 23:53!17)|κλινουσῶν (LUK 24:5!6)|παρακαθεσθεῖσα (LUK 10:39!9)|παρακύψας (LUK 24:12!10)|παρεστηκὼς (LUK 1:19!11)|παρεστῶσιν (LUK 19:24!3)|πεσὼν (LUK 5:12!20; LUK 8:41!15)|προσέπεσεν (LUK 5:8!5; LUK 8:28!6)|προσπεσοῦσα (LUK 8:47!11)|σταθεὶς (LUK 18:11!3; LUK 18:40!1; LUK 19:8!1)|σταθῆναι (LUK 21:36!16)|στᾶσα (LUK 7:38!2)|στῆθι (LUK 6:8!18)|συγκαθισάντων (LUK 22:55!9)|συγκύπτουσα (LUK 13:11!11)|συνεστῶτας (LUK 9:32!22)|ἀνάπεσε (LUK 14:10!5; LUK 17:7!19)|ἀνέκλινεν (LUK 2:7!12)|ἀνέπεσεν (LUK 11:37!14; LUK 22:14!6)|ἀνέστη (LUK 10:25!5; LUK 4:16!23; LUK 8:55!7)|ἀνακείμενος (LUK 22:27!11; LUK 22:27!5)|ἀνακλιθήσονται (LUK 13:29!13)|ἀνακλινεῖ (LUK 12:37!17)|ἀνακύψαι (LUK 13:11!15)|ἀνακύψατε (LUK 21:28!5)|ἀναστάντες (LUK 22:46!6)|ἀναστήσονται (LUK 11:32!3)|ἀναστὰς (LUK 11:7!25; LUK 11:8!8; LUK 5:25!3)|ἀναστᾶσα (LUK 4:39!13)|ἀνεκάθισεν (LUK 7:15!2)|ἀνωρθώθη (LUK 13:13!8)|ἐγερθήσεται (LUK 11:31!3)|ἐγερθεὶς (LUK 11:8!19)|ἐγερθῇ (LUK 13:25!4)|ἐκάθητο (LUK 18:35!11; LUK 22:55!10)|ἐκάθισεν (LUK 19:30!18; LUK 4:20!8)|ἐπέστησαν (LUK 20:1!16; LUK 24:4!13)|ἐπιστὰς (LUK 4:39!2)|ἐπιστᾶσα (LUK 10:40!8)|ἐστάθησαν (LUK 24:17!15)|ἔγειρε (LUK 5:24!21)|ἔπεσεν (LUK 17:16!2)|ἔστη (LUK 24:36!6; LUK 6:17!5; LUK 6:8!24)|ἔστησαν (LUK 17:12!12; LUK 7:14!9)|Ἔγειρε (LUK 5:23!12; LUK 6:8!16)
7.1,Posture,21,64,89,"17.1, 17.12, 17.13, 17.14, 17.16, 17.19, 17.2, 17.21, 17.22, 17.23, 17.24, 17.26, 17.27, 17.28, 17.3, 17.31, 17.32, 17.33, 17.5, 17.6, 17.9",Κάθου (LUK 20:42!13)|Κατακλίνατε (LUK 9:14!12)|γόνατα (LUK 22:41!12)|εἱστήκει (LUK 23:35!2)|εἱστήκεισαν (LUK 23:10!1)|θεὶς (LUK 22:41!10)|καθήμενοι (LUK 10:13!26; LUK 5:17!13)|καθήμενον (LUK 22:56!6; LUK 5:27!10; LUK 8:35!13)|καθήμενος (LUK 22:69!10)|καθήσεσθε (LUK 22:30!14)|καθίσας (LUK 14:28!10; LUK 14:31!11; LUK 16:6!16; LUK 5:3!17)|καθεζόμενον (LUK 2:46!11)|καθημένοις (LUK 7:32!7)|κατέκειτο (LUK 5:25!9)|κατέκλιναν (LUK 9:15!5)|κατακλιθῆναι (LUK 24:30!5)|κατακλιθῇς (LUK 14:8!8)|κατεκλίθη (LUK 7:36!18)|κείμενον (LUK 2:12!10; LUK 2:16!15)|κείμενος (LUK 23:53!17)|κλινουσῶν (LUK 24:5!6)|παρακαθεσθεῖσα (LUK 10:39!9)|παρακύψας (LUK 24:12!10)|παρεστηκὼς (LUK 1:19!11)|παρεστῶσιν (LUK 19:24!3)|πεσὼν (LUK 5:12!20; LUK 8:41!15)|προσέπεσεν (LUK 5:8!5; LUK 8:28!6)|προσπεσοῦσα (LUK 8:47!11)|σταθεὶς (LUK 18:11!3; LUK 18:40!1; LUK 19:8!1)|σταθῆναι (LUK 21:36!16)|στᾶσα (LUK 7:38!2)|στῆθι (LUK 6:8!18)|συγκαθισάντων (LUK 22:55!9)|συγκύπτουσα (LUK 13:11!11)|συνεστῶτας (LUK 9:32!22)|ἀνάπεσε (LUK 14:10!5; LUK 17:7!19)|ἀνέκλινεν (LUK 2:7!12)|ἀνέπεσεν (LUK 11:37!14; LUK 22:14!6)|ἀνέστη (LUK 10:25!5; LUK 4:16!23; LUK 8:55!7)|ἀνακείμενος (LUK 22:27!11; LUK 22:27!5)|ἀνακλιθήσονται (LUK 13:29!13)|ἀνακλινεῖ (LUK 12:37!17)|ἀνακύψαι (LUK 13:11!15)|ἀνακύψατε (LUK 21:28!5)|ἀναστάντες (LUK 22:46!6)|ἀναστήσονται (LUK 11:32!3)|ἀναστὰς (LUK 11:7!25; LUK 11:8!8; LUK 5:25!3)|ἀναστᾶσα (LUK 4:39!13)|ἀνεκάθισεν (LUK 7:15!2)|ἀνωρθώθη (LUK 13:13!8)|ἐγερθήσεται (LUK 11:31!3)|ἐγερθεὶς (LUK 11:8!19)|ἐγερθῇ (LUK 13:25!4)|ἐκάθητο (LUK 18:35!11; LUK 22:55!10)|ἐκάθισεν (LUK 19:30!18; LUK 4:20!8)|ἐπέστησαν (LUK 20:1!16; LUK 24:4!13)|ἐπιστὰς (LUK 4:39!2)|ἐπιστᾶσα (LUK 10:40!8)|ἐστάθησαν (LUK 24:17!15)|ἔγειρε (LUK 5:24!21)|ἔπεσεν (LUK 17:16!2)|ἔστη (LUK 24:36!6; LUK 6:17!5; LUK 6:8!24)|ἔστησαν (LUK 17:12!12; LUK 7:14!9)|Ἔγειρε (LUK 5:23!12; LUK 6:8!16)
7.2,Move,133,411,646,"15.1, 15.10, 15.101, 15.103, 15.104, 15.105, 15.106, 15.107, 15.108, 15.109, 15.111, 15.113, 15.115, 15.118, 15.119, 15.121, 15.123, 15.124, 15.125, 15.126, 15.129, 15.132, 15.135, 15.136, 15.141, 15.143, 15.144, 15.145, 15.147, 15.148, 15.15, 15.150, 15.156, 15.157, 15.158, 15.161, 15.165, 15.166, 15.168, 15.17, 15.172, 15.173, 15.174, 15.176, 15.177, 15.179, 15.18, 15.180, 15.181, 15.182, 15.187, 15.188, 15.19, 15.191, 15.192, 15.194, 15.197, 15.198, 15.199, 15.2, 15.202, 15.203, 15.206, 15.207, 15.208, 15.21, 15.210, 15.213, 15.215, 15.216, 15.217, 15.219, 15.22, 15.220, 15.221, 15.222, 15.226, 15.227, 15.230, 15.235, 15.243, 15.244, 15.248, 15.28, 15.30, 15.31, 15.32, 15.34, 15.35, 15.36, 15.37, 15.39, 15.40, 15.41, 15.43, 15.44, 15.47, 15.48, 15.50, 15.51, 15.53, 15.54, 15.57, 15.61, 15.66, 15.68, 15.7, 15.70, 15.71, 15.75, 15.76, 15.77, 15.78, 15.79, 15.81, 15.83, 15.84, 15.86, 15.88, 15.89, 15.90, 15.91, 15.92, 15.93, 15.95, 15.98, 16.13, 16.19, 16.23, 16.6, 16.7, 16.8, 16.9",Διέλθωμεν (LUK 2:15!17; LUK 8:22!20)|Δύνοντος (LUK 4:40!1)|Εἰσῆλθεν (LUK 22:3!1)|Πέσετε (LUK 23:30!6)|Παραλαβὼν (LUK 18:31!1)|Παρεγένετο (LUK 8:19!1)|Πορευθέντες (LUK 13:32!4; LUK 17:14!5; LUK 22:8!7; LUK 7:22!5)|Πορεύθητι (LUK 7:8!16)|Πορεύου (LUK 10:37!15)|Προσέφερον (LUK 18:15!1)|Προσελθόντες (LUK 20:27!1)|Προσηνέγκατέ (LUK 23:14!4)|Συνεπορεύοντο (LUK 14:25!1)|Συνιόντος (LUK 8:4!1)|αἴρει (LUK 11:22!11; LUK 8:12!14)|αἴρετε (LUK 9:3!6)|αἴροντος (LUK 6:30!8)|αἴροντός (LUK 6:29!14)|βάλε (LUK 4:9!21)|βάλλεται (LUK 3:9!23)|βάλλουσαν (LUK 21:2!6)|βάλλουσιν (LUK 14:35!10)|βαλεῖ (LUK 12:58!35)|βαλλόμενον (LUK 12:28!13)|βαστάζετε (LUK 10:4!2)|βαστάζοντες (LUK 7:14!8)|βαστάζων (LUK 22:10!16)|βεβλημένον (LUK 23:25!8)|βληθεὶς (LUK 23:19!12)|βολήν (LUK 22:41!8)|βυθίζεσθαι (LUK 5:7!21)|γενέσθαι (LUK 3:22!17; LUK 9:36!4)|διέρχεσθαι (LUK 19:4!15)|διέρχεται (LUK 11:24!9)|διέστη (LUK 24:51!8)|διήρχετο (LUK 17:11!10; LUK 19:1!3; LUK 5:15!1)|διήρχοντο (LUK 9:6!3)|διαβῆναι (LUK 16:26!15)|διαπερῶσιν (LUK 16:26!25)|διαπορευομένου (LUK 18:36!4)|διαπορεύεσθαι (LUK 6:1!5)|διαχωρίζεσθαι (LUK 9:33!5)|διελεύσεται (LUK 2:35!7)|διελθὼν (LUK 4:30!3)|διεπορεύετο (LUK 13:22!2)|διεσκόρπισεν (LUK 1:51!6)|διώδευεν (LUK 8:1!8)|διώξητε (LUK 17:23!11)|δραμὼν (LUK 15:20!21)|εἰσάγαγε (LUK 14:21!36)|εἰσέλθητε (LUK 10:10!6; LUK 10:5!5; LUK 9:4!6)|εἰσέλθῃς (LUK 7:6!34)|εἰσέρχησθε (LUK 10:8!6)|εἰσήγαγον (LUK 22:54!6)|εἰσαγαγεῖν (LUK 2:27!12)|εἰσελθεῖν (LUK 14:23!16; LUK 15:28!6; LUK 6:6!6; LUK 8:32!19; LUK 8:41!23; LUK 8:51!8; LUK 9:34!14)|εἰσελθοῦσαι (LUK 24:3!1)|εἰσελθόντα (LUK 11:26!11)|εἰσελθόντι (LUK 17:7!11)|εἰσελθόντων (LUK 22:10!6)|εἰσελθὼν (LUK 11:37!12; LUK 19:1!2; LUK 19:45!2; LUK 1:28!2; LUK 1:9!9; LUK 7:36!12)|εἰσενέγκωσιν (LUK 5:19!5)|εἰσενεγκεῖν (LUK 5:18!14)|εἰσερχέσθωσαν (LUK 21:21!22)|εἰσερχομένου (LUK 17:12!2)|εἰσπορευόμενοι (LUK 11:33!17; LUK 19:30!9; LUK 8:16!18)|εἰσπορεύεται (LUK 22:10!24)|εἰσπορεύονται (LUK 18:24!18)|εἰσφέρωσιν (LUK 12:11!3)|εἰσῆλθεν (LUK 10:38!7; LUK 17:27!8; LUK 19:7!10; LUK 1:40!2; LUK 24:29!18; LUK 4:16!9; LUK 4:38!6; LUK 6:4!2; LUK 7:1!12; LUK 8:30!15)|εἰσῆλθον (LUK 7:45!9; LUK 8:33!8; LUK 9:52!9)|εἰσῆλθόν (LUK 7:44!13)|καθελὼν (LUK 23:53!2)|καθεῖλεν (LUK 1:52!1)|καθῆκαν (LUK 5:19!17)|κατάβηθι (LUK 19:5!15)|κατέβαινεν (LUK 10:30!8; LUK 10:31!6)|κατέβη (LUK 18:14!3; LUK 19:6!3; LUK 2:51!2; LUK 8:23!6)|κατέπεσεν (LUK 8:6!3)|καταβάσει (LUK 19:37!7)|καταβάτω (LUK 17:31!18)|καταβαίνοντες (LUK 22:44!15)|καταβιβασθήσῃ (LUK 10:15!11)|καταβὰς (LUK 6:17!2)|καταβῆναι (LUK 3:22!2; LUK 9:54!13)|κατακολουθήσασαι (LUK 23:55!1)|κατακρημνίσαι (LUK 4:29!22)|καταλείπει (LUK 15:4!14)|κατασύρῃ (LUK 12:58!19)|κατελθόντων (LUK 9:37!6)|κατῆλθεν (LUK 4:31!2)|κομίσασα (LUK 7:37!19)|κυκλουμένην (LUK 21:20!4)|μεταβαίνετε (LUK 10:7!21)|πέμψαι (LUK 20:11!4; LUK 20:12!4)|πέμψον (LUK 16:24!10)|πέμψω (LUK 20:13!9)|πέμψῃς (LUK 16:27!8)|πέσῃ (LUK 20:18!13)|πίπτει (LUK 11:17!19)|παρέρχεται (LUK 18:37!8)|παραγενομένους (LUK 22:52!6)|παραγενόμενοι (LUK 7:20!1; LUK 7:4!3)|παραγενόμενος (LUK 14:21!2)|παραλαβὼν (LUK 9:10!10; LUK 9:28!11)|παραλαμβάνει (LUK 11:26!4)|παραλημφθήσεται (LUK 17:34!13; LUK 17:35!9)|παρεγένετο (LUK 11:6!4; LUK 19:16!1)|παρελθὼν (LUK 12:37!20; LUK 17:7!18)|πατεῖν (LUK 10:19!7)|πεμφθέντες (LUK 7:10!7)|περικυκλώσουσίν (LUK 19:43!14)|περιπάτει (LUK 5:23!14)|περιπατεῖν (LUK 20:46!7)|περιπατοῦντες (LUK 11:44!14; LUK 24:17!13)|περιπατοῦσιν (LUK 7:22!15)|πεσεῖται (LUK 14:5!12)|πεσόν (LUK 8:14!6)|πεσόντα (LUK 10:18!12)|πεσὼν (LUK 20:18!3)|πιπτόντων (LUK 16:21!6)|πορείαν (LUK 13:22!9)|πορευθέντες (LUK 9:12!16; LUK 9:13!24; LUK 9:52!8)|πορευθεὶς (LUK 14:10!4; LUK 15:15!2)|πορευθῆτε (LUK 21:8!22)|πορευθῇ (LUK 16:30!12)|πορευομένου (LUK 19:36!1)|πορευομένων (LUK 9:57!2)|πορευόμενοι (LUK 24:13!11; LUK 8:14!20)|πορευόμενον (LUK 9:53!10)|πορευόμενος (LUK 14:31!4)|πορεύεσθαι (LUK 10:38!4; LUK 13:33!10; LUK 17:11!5; LUK 22:33!16; LUK 24:28!12; LUK 4:42!23; LUK 9:51!17)|πορεύεται (LUK 11:26!2; LUK 15:4!22; LUK 7:8!18)|πορεύομαι (LUK 14:19!9)|πορεύου (LUK 13:31!12; LUK 17:19!5; LUK 5:24!27; LUK 7:50!11; LUK 8:48!11)|πορεύσεται (LUK 11:5!11)|πορεύσομαι (LUK 15:18!2)|προάγοντες (LUK 18:39!3)|προήρχετο (LUK 22:47!13)|προδραμὼν (LUK 19:4!2)|προελεύσεται (LUK 1:17!3)|προπορεύσῃ (LUK 1:76!8)|προσάγαγε (LUK 9:41!19)|προσανάβηθι (LUK 14:10!19)|προσελθοῦσα (LUK 8:44!1)|προσελθόντες (LUK 8:24!1; LUK 9:12!6)|προσελθὼν (LUK 10:34!2; LUK 23:52!2; LUK 7:14!2)|προσερχομένου (LUK 9:42!3)|προσερχόμενοι (LUK 23:36!7)|προσφέροντες (LUK 23:36!9)|προσῆλθάν (LUK 13:31!5)|σαλευθήσονται (LUK 21:26!16)|σαλευόμενον (LUK 7:24!22)|σαλεῦσαι (LUK 6:48!28)|σεσαλευμένον (LUK 6:38!8)|σκιρτήσατε (LUK 6:23!7)|σκορπίζει (LUK 11:23!15)|στραφεὶς (LUK 10:23!2; LUK 14:25!7; LUK 22:61!2; LUK 23:28!1; LUK 7:44!2; LUK 7:9!9; LUK 9:55!1)|συμβαλεῖν (LUK 14:31!7)|συμπαραγενόμενοι (LUK 23:48!4)|συνάγων (LUK 11:23!12)|συνήρχοντο (LUK 5:15!9)|συνήχθη (LUK 22:66!5)|συναγαγεῖν (LUK 3:17!13)|συνακολουθοῦσαι (LUK 23:49!11)|συνεληλυθυῖαι (LUK 23:55!7)|συνεπορεύετο (LUK 24:15!13)|συνεπορεύοντο (LUK 7:11!12)|συνοδίᾳ (LUK 2:44!7)|συντυχεῖν (LUK 8:19!14)|τρέμουσα (LUK 8:47!8)|φέρειν (LUK 23:26!16)|φέρετε (LUK 15:23!2)|φέροντες (LUK 5:18!4)|φέρουσαι (LUK 24:1!12)|φευγέτωσαν (LUK 21:21!6)|φορτία (LUK 11:46!13)|φορτίζετε (LUK 11:46!10)|φορτίοις (LUK 11:46!24)|χαλάσατε (LUK 5:4!14)|χαλάσω (LUK 5:5!17)|χορῶν (LUK 15:25!19)|ἀγάγετε (LUK 19:27!13; LUK 19:30!22)|ἀκολουθήσατε (LUK 22:10!17)|ἀκολουθεῖ (LUK 9:49!19)|ἀκολουθοῦντι (LUK 7:9!11)|ἀνέβη (LUK 19:4!6; LUK 9:28!17)|ἀνέβησαν (LUK 18:10!3)|ἀνέπεμψεν (LUK 23:11!16; LUK 23:15!4; LUK 23:7!9)|ἀνήγαγον (LUK 2:22!13)|ἀναβάντες (LUK 5:19!10)|ἀναβαίνομεν (LUK 18:31!9)|ἀναβαίνων (LUK 19:28!6)|ἀναβαινόντων (LUK 2:42!6)|ἀναγαγὼν (LUK 4:5!2)|ἀνακάμψει (LUK 10:6!18)|ἀναλήμψεως (LUK 9:51!9)|ἀναλύσῃ (LUK 12:36!10)|ἀνασπάσει (LUK 14:5!16)|ἀναστάντες (LUK 24:33!2; LUK 4:29!2)|ἀναστὰν (LUK 23:1!2)|ἀναστὰς (LUK 15:18!1; LUK 15:20!2; LUK 22:45!2; LUK 24:12!4; LUK 5:28!4; LUK 6:8!23)|ἀνατέλλουσαν (LUK 12:54!9)|ἀνεφέρετο (LUK 24:51!12)|ἀντιπαρῆλθεν (LUK 10:31!14; LUK 10:32!11)|ἀπέλθητε (LUK 17:23!9)|ἀπέλυσεν (LUK 14:4!9; LUK 8:38!14)|ἀπέρχῃ (LUK 9:57!15)|ἀπέσταλκέν (LUK 4:18!11)|ἀπέστειλα (LUK 22:35!5)|ἀπέστειλαν (LUK 19:14!8; LUK 20:20!3)|ἀπέστειλεν (LUK 10:1!12; LUK 14:17!2; LUK 19:29!15; LUK 20:10!3; LUK 22:8!2; LUK 7:20!11; LUK 7:3!6; LUK 9:2!2; LUK 9:52!2)|ἀπέστη (LUK 4:13!7)|ἀπήγαγον (LUK 22:66!15)|ἀπήντησαν (LUK 17:12!7)|ἀπαγαγὼν (LUK 13:15!25)|ἀπαγομένους (LUK 21:12!19)|ἀπαρθῇ (LUK 5:35!6)|ἀπεδήμησεν (LUK 15:13!11; LUK 20:9!18)|ἀπελθεῖν (LUK 8:31!11; LUK 8:37!11)|ἀπελθόντες (LUK 19:32!1; LUK 22:13!1)|ἀπελθόντι (LUK 9:59!13)|ἀπελθὼν (LUK 22:4!2; LUK 5:14!8; LUK 9:60!13)|ἀπενεχθῆναι (LUK 16:22!7)|ἀπεσπάσθη (LUK 22:41!3)|ἀπεστάλη (LUK 1:26!7)|ἀπεστάλην (LUK 1:19!16; LUK 4:43!21)|ἀπεσταλμένοι (LUK 19:32!4)|ἀπεσταλμένους (LUK 13:34!10)|ἀποβάντες (LUK 5:2!14)|ἀποκεκυλισμένον (LUK 24:2!5)|ἀπολύεις (LUK 2:29!2)|ἀπομασσόμεθα (LUK 10:11!14)|ἀποστέλλω (LUK 10:3!3; LUK 7:27!7)|ἀποστείλαντά (LUK 10:16!18; LUK 9:48!23)|ἀποστείλας (LUK 14:32!9)|ἀποστεῖλαι (LUK 4:18!19)|ἀποτινάσσετε (LUK 9:5!18)|ἀποχωρεῖ (LUK 9:39!16)|ἀπόστητε (LUK 13:27!9)|ἀπῆλθεν (LUK 1:23!10; LUK 1:38!15; LUK 24:12!16; LUK 5:25!10; LUK 8:39!14)|ἀπῆλθον (LUK 10:30!23; LUK 2:15!4)|ἀπῆλθόν (LUK 24:24!2)|ἀράτω (LUK 22:36!9)|ἀρθήσεται (LUK 19:26!16; LUK 8:18!20)|ἀροῦσίν (LUK 4:11!5)|ἀφέντες (LUK 10:30!24)|ἀφίστατο (LUK 2:37!10)|ἀφεθήσεται (LUK 17:34!17; LUK 17:35!13)|ἀχθῆναι (LUK 18:40!7)|ἄρας (LUK 5:24!23; LUK 5:25!6)|ἆραι (LUK 17:31!19)|Ἀνέβη (LUK 2:4!1)|Ἀναστὰς (LUK 17:19!4; LUK 4:38!1)|Ἀναστᾶσα (LUK 1:39!1)|Ἀπελθόντων (LUK 7:24!1)|Ἀποστελῶ (LUK 11:49!9)|Ἀπόλυσον (LUK 9:12!12)|Ἄρατε (LUK 19:24!5)|ἐβέβλητο (LUK 16:20!6)|ἐγένετο (LUK 1:44!4; LUK 9:35!3)|ἐγγίζει (LUK 12:33!21)|ἐγγίζειν (LUK 18:35!5)|ἐγγίζοντες (LUK 15:1!4)|ἐγγίζοντος (LUK 19:37!1)|ἐγγίσαντος (LUK 18:40!10)|ἐγγίσας (LUK 24:15!12)|ἐκβάλλειν (LUK 19:45!7)|ἐκβάλω (LUK 6:42!9)|ἐκβάλῃ (LUK 10:2!21)|ἐκβαλεῖν (LUK 6:42!47)|ἐκβαλλομένους (LUK 13:28!28)|ἐκβαλόντες (LUK 20:15!2)|ἐκβαλὼν (LUK 10:35!5)|ἐκπορευομένοις (LUK 3:7!4; LUK 4:22!13)|ἐκτείνας (LUK 5:13!2)|ἐκχωρείτωσαν (LUK 21:21!15)|ἐλήλυθα (LUK 5:32!2)|ἐλήλυθεν (LUK 7:33!1; LUK 7:34!1)|ἐλεύσεται (LUK 20:16!1)|ἐλεύσονται (LUK 21:8!9)|ἐληλυθότες (LUK 5:17!19)|ἐλθεῖν (LUK 14:1!5; LUK 14:20!11; LUK 7:7!7)|ἐλθόντας (LUK 5:7!10)|ἐλθόντος (LUK 12:36!15)|ἐλθὸν (LUK 11:25!2)|ἐλθὼν (LUK 10:32!8; LUK 12:37!6; LUK 12:43!6; LUK 14:9!2; LUK 15:6!2; LUK 18:8!15; LUK 19:23!12; LUK 22:45!6; LUK 7:3!15; LUK 8:51!1)|ἐμβὰς (LUK 5:3!1; LUK 8:37!20)|ἐμπεσοῦνται (LUK 6:39!15)|ἐνέβη (LUK 8:22!9)|ἐξέβαλον (LUK 20:12!10; LUK 4:29!3)|ἐξέλθῃ (LUK 11:24!5)|ἐξέλθῃς (LUK 12:59!5)|ἐξέρχεσθε (LUK 9:4!11)|ἐξέρχονται (LUK 4:36!25)|ἐξήλθατε (LUK 22:52!19; LUK 7:24!14; LUK 7:25!3; LUK 7:26!3)|ἐξήρχετο (LUK 4:41!1; LUK 6:19!12)|ἐξαπέστειλαν (LUK 20:10!19; LUK 20:11!12)|ἐξαπέστειλεν (LUK 1:53!6)|ἐξαποστέλλω (LUK 24:49!4)|ἐξεκομίζετο (LUK 7:12!10)|ἐξεληλυθυῖαν (LUK 8:46!12)|ἐξεληλύθει (LUK 8:2!20; LUK 8:38!8)|ἐξελθεῖν (LUK 6:12!7; LUK 8:29!7)|ἐξελθόντα (LUK 8:33!1)|ἐξελθόντες (LUK 10:10!11)|ἐξελθόντι (LUK 8:27!1)|ἐξελθόντος (LUK 11:14!10; LUK 11:53!2)|ἐξελθὼν (LUK 14:18!16; LUK 15:28!11; LUK 1:22!1; LUK 22:39!2; LUK 22:62!2; LUK 4:42!4)|ἐξενέγκατε (LUK 15:22!10)|ἐξεπορεύετο (LUK 4:37!2)|ἐξερχόμενοι (LUK 9:5!7; LUK 9:6!1)|ἐξερχόμενος (LUK 21:37!12)|ἐξῆλθεν (LUK 17:29!4; LUK 2:1!7; LUK 4:14!15; LUK 4:35!20; LUK 5:27!4; LUK 7:17!2; LUK 8:35!20)|ἐξῆλθον (LUK 11:24!25; LUK 8:35!1)|ἐπάρας (LUK 24:50!8; LUK 6:20!3)|ἐπέμφθη (LUK 4:26!5)|ἐπέστρεψαν (LUK 2:39!10)|ἐπέστρεψεν (LUK 8:55!2)|ἐπαθροιζομένων (LUK 11:29!4)|ἐπανέρχεσθαί (LUK 10:35!23)|ἐπανελθεῖν (LUK 19:15!5)|ἐπεβίβασαν (LUK 19:35!15)|ἐπελεύσεται (LUK 1:35!9)|ἐπερχομένων (LUK 21:26!8)|ἐπιβιβάσας (LUK 10:34!11)|ἐπιπορευομένων (LUK 8:4!9)|ἐπιρίψαντες (LUK 19:35!8)|ἐπιστρέψῃ (LUK 17:4!11)|ἐπιστρεψάτω (LUK 17:31!27)|ἐπισυνάξαι (LUK 13:34!15)|ἐπισυναχθήσονται (LUK 17:37!18)|ἐπισυναχθεισῶν (LUK 12:1!3)|ἐπορεύετο (LUK 19:28!4; LUK 4:30!7; LUK 7:6!4)|ἐπορεύθη (LUK 19:12!6; LUK 1:39!8; LUK 22:39!3; LUK 4:42!5; LUK 7:11!6)|ἐπορεύθησαν (LUK 9:56!2)|ἐπορεύοντο (LUK 24:28!7; LUK 2:3!2; LUK 2:41!2)|ἐρχομένη (LUK 18:5!16)|ἐρχομένῳ (LUK 14:31!25)|ἐρχόμενοι (LUK 13:14!26; LUK 16:21!16)|ἐρχόμενον (LUK 21:27!8; LUK 23:26!9)|ἐρχόμενος (LUK 13:35!20; LUK 15:25!12; LUK 19:38!4; LUK 6:47!3; LUK 7:19!9; LUK 7:20!19)|ἐσκίρτησεν (LUK 1:41!11; LUK 1:44!14)|ἔβαλεν (LUK 13:19!8)|ἔβαλον (LUK 23:34!18)|ἔδραμεν (LUK 24:12!5)|ἔκβαλε (LUK 6:42!27)|ἔλθωσιν (LUK 16:28!12)|ἔλθῃ (LUK 12:38!10; LUK 14:10!12; LUK 1:43!6; LUK 9:26!17)|ἔλθῃς (LUK 23:42!7)|ἔξελθε (LUK 4:35!9)|ἔπεμψεν (LUK 15:15!11; LUK 7:19!1; LUK 7:6!16)|ἔπεσεν (LUK 13:4!7; LUK 8:5!16; LUK 8:7!3; LUK 8:8!3)|ἔρριπται (LUK 17:2!12)|ἔρχεσθαι (LUK 10:1!28; LUK 12:45!15; LUK 18:16!10; LUK 9:23!10)|ἔρχεταί (LUK 8:49!4)|ἔρχεται (LUK 12:39!13; LUK 12:40!14; LUK 12:54!16; LUK 14:26!3; LUK 14:27!8; LUK 3:16!11; LUK 7:8!23; LUK 8:12!10)|ἔρχομαι (LUK 13:7!11; LUK 19:13!17)|ἔφυγον (LUK 8:34!7)|Ἐξήγαγεν (LUK 24:50!1)|Ἐξῆλθεν (LUK 8:5!1)|Ἔκτεινον (LUK 6:10!7)|Ἔξελθε (LUK 13:31!10; LUK 14:21!18; LUK 14:23!8; LUK 5:8!10)|Ἔρχεσθε (LUK 14:17!13)|Ἔρχου (LUK 7:8!21)|ἠθροισμένους (LUK 24:33!11)|ἠκολούθει (LUK 18:43!5; LUK 22:54!15)|ἠκολούθησαν (LUK 22:39!12; LUK 9:11!5)|ἠλαύνετο (LUK 8:29!26)|ἤγαγεν (LUK 10:34!18)|ἤγαγον (LUK 19:35!2; LUK 22:54!4; LUK 23:1!7; LUK 4:29!9; LUK 4:40!11)|ἤγγικεν (LUK 21:8!20)|ἤγγισαν (LUK 24:28!2)|ἤγγισεν (LUK 15:25!13; LUK 19:29!4; LUK 19:41!3; LUK 22:47!16; LUK 7:12!3)|ἤρατε (LUK 11:52!6)|ἤρθη (LUK 9:17!7)|ἤρχετο (LUK 18:3!9)|ἥξουσιν (LUK 13:29!2)|ἦλθαν (LUK 2:16!2)|ἦλθεν (LUK 10:33!5; LUK 11:31!17; LUK 13:6!15; LUK 15:20!3; LUK 15:30!14; LUK 19:10!1; LUK 19:18!2; LUK 19:20!4; LUK 19:5!3; LUK 2:27!2; LUK 2:51!6; LUK 3:3!2; LUK 4:16!2; LUK 8:41!3; LUK 8:47!9)|ἦλθες (LUK 4:34!8)|ἦλθον (LUK 12:49!2; LUK 1:59!8; LUK 23:33!3; LUK 24:1!11; LUK 24:23!7; LUK 2:44!8; LUK 3:12!1; LUK 4:42!15; LUK 5:7!14; LUK 6:18!2; LUK 8:35!7)|Ἠκολούθει (LUK 23:27!1)|Ἤγαγεν (LUK 4:9!1)|Ἤγοντο (LUK 23:32!1)|ὁδεύων (LUK 10:33!4)|ὁδηγεῖν (LUK 6:39!10)|ὁδοῦ (LUK 11:6!6)|ὁδόν (LUK 9:3!9)|ὁδὸν (LUK 10:4!12; LUK 2:44!10)|ὁδῷ (LUK 12:58!12; LUK 24:32!18; LUK 24:35!7; LUK 9:57!6)|ὑπάγειν (LUK 17:14!14; LUK 8:42!15)|ὑπάγεις (LUK 12:58!3)|ὑπάγετε (LUK 10:3!1)|ὑπέστρεφον (LUK 23:48!16)|ὑπέστρεψαν (LUK 24:33!6; LUK 24:52!5; LUK 2:20!2; LUK 2:45!4)|ὑπέστρεψεν (LUK 17:15!8; LUK 1:56!10; LUK 4:1!6; LUK 4:14!2; LUK 8:37!23)|ὑπήντησεν (LUK 8:27!7)|ὑπεστρώννυον (LUK 19:36!4)|ὑπεχώρησεν (LUK 9:10!12)|ὑποστρέφειν (LUK 2:43!7; LUK 8:40!4)|ὑποστρέψαι (LUK 19:12!14)|ὑποστρέψαντες (LUK 17:18!3; LUK 7:10!2; LUK 9:10!2)|ὑποστρέψασαι (LUK 23:56!1; LUK 24:9!2)|ὑποχωρῶν (LUK 5:16!4)|Ὑπάγετε (LUK 19:30!2)|Ὑπέστρεψαν (LUK 10:17!1)|Ὑποστρέψω (LUK 11:24!19)|Ὑπόστρεφε (LUK 8:39!1)|ὠρχήσασθε (LUK 7:32!17)|ὥρμησεν (LUK 8:33!13)
7.2.2.8,Move,7,11,17,"16.13, 16.19, 16.23, 16.6, 16.7, 16.8, 16.9",σαλευθήσονται (LUK 21:26!16)|σαλευόμενον (LUK 7:24!22)|σαλεῦσαι (LUK 6:48!28)|σεσαλευμένον (LUK 6:38!8)|στραφεὶς (LUK 10:23!2; LUK 14:25!7; LUK 22:61!2; LUK 23:28!1; LUK 7:44!2; LUK 7:9!9; LUK 9:55!1)|τρέμουσα (LUK 8:47!8)|ἀπομασσόμεθα (LUK 10:11!14)|ἀποτινάσσετε (LUK 9:5!18)|ἐκτείνας (LUK 5:13!2)|Ἔκτεινον (LUK 6:10!7)|ὑπεστρώννυον (LUK 19:36!4)
7.2.4.2,Travel by water,6,7,7,"54.1, 54.13, 54.14, 54.16, 54.4, 54.5",κατέπλευσαν (LUK 8:26!2)|καταγαγόντες (LUK 5:11!2)|πλεόντων (LUK 8:23!1)|συνεπληροῦντο (LUK 8:23!13)|ἀνήχθησαν (LUK 8:22!27)|ἐπαναγαγεῖν (LUK 5:3!15)|Ἐπανάγαγε (LUK 5:4!9)
7.3.1.3,Move back and forth,7,11,17,"16.13, 16.19, 16.23, 16.6, 16.7, 16.8, 16.9",σαλευθήσονται (LUK 21:26!16)|σαλευόμενον (LUK 7:24!22)|σαλεῦσαι (LUK 6:48!28)|σεσαλευμένον (LUK 6:38!8)|στραφεὶς (LUK 10:23!2; LUK 14:25!7; LUK 22:61!2; LUK 23:28!1; LUK 7:44!2; LUK 7:9!9; LUK 9:55!1)|τρέμουσα (LUK 8:47!8)|ἀπομασσόμεθα (LUK 10:11!14)|ἀποτινάσσετε (LUK 9:5!18)|ἐκτείνας (LUK 5:13!2)|Ἔκτεινον (LUK 6:10!7)|ὑπεστρώννυον (LUK 19:36!4)
7.3.4.4,Hold,13,25,33,"18.1, 18.10, 18.11, 18.13, 18.15, 18.18, 18.2, 18.21, 18.23, 18.5, 18.6, 18.8, 18.9",Δέξαι (LUK 16:6!11; LUK 16:7!16)|Λάβετε (LUK 22:17!6)|δεδεμένον (LUK 19:30!12)|δεξάμενος (LUK 22:17!2)|κολληθέντα (LUK 10:11!5)|κρατήσας (LUK 8:54!3)|κρεμασθέντων (LUK 23:39!4)|λαβοῦσα (LUK 13:21!5)|λαβὼν (LUK 13:19!6; LUK 22:19!2; LUK 24:30!9; LUK 24:43!2; LUK 6:4!13; LUK 9:16!1)|λυόντων (LUK 19:33!1)|λύει (LUK 13:15!14)|λύετε (LUK 19:31!8; LUK 19:33!13)|λύσαντες (LUK 19:30!20)|λῦσαι (LUK 3:16!20)|προσψαύετε (LUK 11:46!22)|συλλέγουσιν (LUK 6:44!13)|συνηρπάκει (LUK 8:29!14)|ἄγραν (LUK 5:4!19)|ἄγρᾳ (LUK 5:9!12)|ἐδεσμεύετο (LUK 8:29!17)|ἐλάβομεν (LUK 5:5!11)|ἐπιλαβόμενοι (LUK 23:26!5)|ἐπιλαβόμενος (LUK 14:4!5; LUK 9:47!10)|ἔτιλλον (LUK 6:1!10)|ἔχει (LUK 7:33!15)
7.3.4.7,Shake,31,44,351,"16.13, 16.19, 16.23, 16.6, 16.7, 16.8, 16.9, 84.10, 84.11, 84.12, 84.14, 84.16, 84.17, 84.18, 84.19, 84.20, 84.21, 84.22, 84.23, 84.24, 84.26, 84.27, 84.29, 84.3, 84.30, 84.31, 84.4, 84.5, 84.6, 84.7, 84.9",Κἀκεῖθεν (LUK 11:53!1)|δεῦρο (LUK 18:22!24)|δι (LUK 11:24!10)|διὰ (LUK 13:24!3; LUK 17:11!11; LUK 18:25!5; LUK 4:30!4; LUK 5:19!14; LUK 6:1!7)|εἰς (LUK 10:1!20; LUK 10:10!1; LUK 10:10!12; LUK 10:30!11; LUK 10:34!20; LUK 10:38!8; LUK 10:5!1; LUK 10:7!24; LUK 10:8!2; LUK 11:24!20; LUK 11:33!4; LUK 11:49!10; LUK 12:28!11; LUK 12:5!14; LUK 12:58!36; LUK 13:19!9; LUK 13:21!8; LUK 13:22!11; LUK 14:1!7; LUK 14:21!20; LUK 14:23!9; LUK 14:31!8; LUK 14:5!10; LUK 14:8!5; LUK 15:13!12; LUK 15:15!13; LUK 15:6!3; LUK 16:22!12; LUK 16:27!10; LUK 16:28!13; LUK 16:4!12; LUK 16:9!18; LUK 17:11!6; LUK 17:2!13; LUK 17:27!10; LUK 17:31!28; LUK 18:10!4; LUK 18:13!12; LUK 18:14!6; LUK 18:31!10; LUK 18:35!7; LUK 19:12!7; LUK 19:28!7; LUK 19:29!5; LUK 19:30!3; LUK 19:4!3; LUK 19:45!3; LUK 1:23!11; LUK 1:26!14; LUK 1:39!14; LUK 1:39!9; LUK 1:40!3; LUK 1:44!10; LUK 1:56!11; LUK 1:9!10; LUK 21:1!6; LUK 21:12!14; LUK 21:21!23; LUK 21:21!7; LUK 21:4!9; LUK 22:10!19; LUK 22:10!22; LUK 22:10!8; LUK 22:3!4; LUK 22:33!11; LUK 22:39!7; LUK 22:54!7; LUK 22:66!17; LUK 23:25!9; LUK 23:46!9; LUK 24:13!12; LUK 24:28!3; LUK 24:33!7; LUK 24:51!13; LUK 24:52!6; LUK 2:15!7; LUK 2:22!15; LUK 2:27!6; LUK 2:28!5; LUK 2:3!6; LUK 2:39!11; LUK 2:39!14; LUK 2:4!11; LUK 2:4!14; LUK 2:41!8; LUK 2:45!5; LUK 2:51!7; LUK 3:17!16; LUK 3:3!3; LUK 3:9!21; LUK 4:14!10; LUK 4:16!19; LUK 4:16!3; LUK 4:26!9; LUK 4:31!3; LUK 4:37!6; LUK 4:38!7; LUK 4:42!6; LUK 4:9!4; LUK 5:19!22; LUK 5:24!28; LUK 5:25!11; LUK 5:3!3; LUK 5:37!6; LUK 5:38!4; LUK 5:4!10; LUK 6:12!9; LUK 6:20!7; LUK 6:38!11; LUK 6:39!13; LUK 6:4!3; LUK 6:6!8; LUK 6:8!19; LUK 7:1!13; LUK 7:1!7; LUK 7:10!3; LUK 7:11!7; LUK 7:24!15; LUK 7:36!13; LUK 7:44!15; LUK 8:22!10; LUK 8:22!21; LUK 8:26!3; LUK 8:29!30; LUK 8:30!18; LUK 8:31!8; LUK 8:32!17; LUK 8:33!19; LUK 8:33!9; LUK 8:37!21; LUK 8:39!2; LUK 8:41!24; LUK 8:51!3; LUK 8:8!4; LUK 9:10!15; LUK 9:12!17; LUK 9:16!11; LUK 9:34!16; LUK 9:4!2; LUK 9:51!18; LUK 9:52!10; LUK 9:53!11; LUK 9:56!3)|εἴς (LUK 17:12!4)|κάτω (LUK 4:9!24)|καθ (LUK 23:5!10; LUK 4:14!16; LUK 8:39!15)|κατ (LUK 10:33!6)|κατὰ (LUK 10:32!5; LUK 10:4!10; LUK 8:33!16; LUK 9:6!4)|πάντοθεν (LUK 19:43!19)|παρ (LUK 6:19!10)|παρὰ (LUK 2:1!9; LUK 8:49!6)|πρός (LUK 11:6!7; LUK 14:26!4; LUK 18:16!11; LUK 6:47!4)|πρὸς (LUK 10:23!3; LUK 11:5!12; LUK 12:58!21; LUK 13:34!11; LUK 15:18!3; LUK 15:20!4; LUK 16:26!17; LUK 16:26!23; LUK 16:30!13; LUK 17:4!12; LUK 18:3!10; LUK 18:40!8; LUK 19:29!9; LUK 19:35!4; LUK 1:27!1; LUK 1:28!3; LUK 1:43!12; LUK 20:10!4; LUK 21:38!6; LUK 22:45!7; LUK 23:15!7; LUK 23:28!3; LUK 23:7!11; LUK 24:12!17; LUK 24:50!5; LUK 4:11!9; LUK 4:26!13; LUK 4:26!2; LUK 4:40!13; LUK 7:19!2; LUK 7:20!13; LUK 7:20!3; LUK 7:3!7; LUK 7:4!4; LUK 7:44!3; LUK 7:7!5; LUK 8:19!3; LUK 8:35!8; LUK 8:4!10)|πόθεν (LUK 13:25!30; LUK 13:27!7; LUK 20:7!5)|σαλευθήσονται (LUK 21:26!16)|σαλευόμενον (LUK 7:24!22)|σαλεῦσαι (LUK 6:48!28)|σεσαλευμένον (LUK 6:38!8)|στραφεὶς (LUK 10:23!2; LUK 14:25!7; LUK 22:61!2; LUK 23:28!1; LUK 7:44!2; LUK 7:9!9; LUK 9:55!1)|τρέμουσα (LUK 8:47!8)|ἀπ (LUK 17:29!12; LUK 18:34!12; LUK 19:24!6; LUK 22:41!4; LUK 23:26!10; LUK 24:31!13; LUK 24:51!9; LUK 2:15!5; LUK 4:35!21; LUK 4:42!24; LUK 5:2!12; LUK 5:8!11; LUK 8:37!12; LUK 9:33!7; LUK 9:45!10)|ἀπομασσόμεθα (LUK 10:11!14)|ἀποτινάσσετε (LUK 9:5!18)|ἀπὸ (LUK 10:30!9; LUK 11:24!6; LUK 13:15!21; LUK 13:16!18; LUK 13:29!3; LUK 13:29!8; LUK 16:21!7; LUK 17:29!6; LUK 19:26!8; LUK 19:42!17; LUK 1:52!3; LUK 22:45!3; LUK 23:49!13; LUK 23:5!16; LUK 23:51!11; LUK 24:13!17; LUK 24:2!6; LUK 24:47!16; LUK 24:9!3; LUK 2:4!5; LUK 3:7!15; LUK 4:1!7; LUK 4:38!3; LUK 4:41!5; LUK 5:3!12; LUK 6:17!19; LUK 7:6!13; LUK 8:12!17; LUK 9:37!8; LUK 9:38!4; LUK 9:5!8)|ἀφ (LUK 8:2!16)|ἐκ (LUK 10:18!9; LUK 12:36!11; LUK 17:7!12; LUK 1:71!6; LUK 1:74!2; LUK 21:18!3; LUK 23:55!8; LUK 2:4!8; LUK 4:22!14; LUK 5:17!20; LUK 5:3!19; LUK 6:42!31; LUK 8:27!10; LUK 9:35!4)|ἐκεῖθεν (LUK 12:59!6; LUK 16:26!22; LUK 9:4!10)|ἐκτείνας (LUK 5:13!2)|ἐν (LUK 17:6!19; LUK 19:30!7; LUK 21:38!8; LUK 23:19!13; LUK 23:53!9; LUK 2:7!14; LUK 3:20!10; LUK 7:17!6; LUK 8:15!3)|ἐντεῦθεν (LUK 13:31!13; LUK 4:9!23)|ἐξ (LUK 10:7!22; LUK 11:6!5; LUK 1:71!2)|ἐπ (LUK 20:18!4; LUK 3:22!11)|ἐπὶ (LUK 11:33!12; LUK 15:4!23; LUK 15:5!4; LUK 19:23!9; LUK 19:35!12; LUK 19:4!7; LUK 19:5!4; LUK 22:40!3; LUK 22:44!16; LUK 23:1!9; LUK 23:33!4; LUK 24:1!8; LUK 24:12!6; LUK 24:22!11; LUK 24:24!7; LUK 5:11!5; LUK 5:19!11; LUK 5:36!15; LUK 8:13!3; LUK 8:16!13; LUK 8:27!4; LUK 8:6!4)|ἐφ (LUK 13:4!5; LUK 20:18!9; LUK 23:30!7)|ἔνθεν (LUK 16:26!16)|ἔξω (LUK 13:28!29; LUK 14:35!9; LUK 20:15!4; LUK 22:62!3; LUK 4:29!5)|ἔσωθεν (LUK 11:7!2)|ἕως (LUK 10:15!5; LUK 10:15!8; LUK 23:5!19; LUK 24:50!4; LUK 2:15!19; LUK 4:29!11; LUK 4:42!16)|Ἔκτεινον (LUK 6:10!7)|ὄπισθεν (LUK 23:26!17; LUK 8:44!2)|ὅθεν (LUK 11:24!24)|ὑπεστρώννυον (LUK 19:36!4)
7.3.5,Turn something,7,11,17,"16.13, 16.19, 16.23, 16.6, 16.7, 16.8, 16.9",σαλευθήσονται (LUK 21:26!16)|σαλευόμενον (LUK 7:24!22)|σαλεῦσαι (LUK 6:48!28)|σεσαλευμένον (LUK 6:38!8)|στραφεὶς (LUK 10:23!2; LUK 14:25!7; LUK 22:61!2; LUK 23:28!1; LUK 7:44!2; LUK 7:9!9; LUK 9:55!1)|τρέμουσα (LUK 8:47!8)|ἀπομασσόμεθα (LUK 10:11!14)|ἀποτινάσσετε (LUK 9:5!18)|ἐκτείνας (LUK 5:13!2)|Ἔκτεινον (LUK 6:10!7)|ὑπεστρώννυον (LUK 19:36!4)
7.5,Arrange,1,1,1,62.3,ἀνατάξασθαι (LUK 1:1!4)
7.5.2,"Join, attach",13,25,33,"18.1, 18.10, 18.11, 18.13, 18.15, 18.18, 18.2, 18.21, 18.23, 18.5, 18.6, 18.8, 18.9",Δέξαι (LUK 16:6!11; LUK 16:7!16)|Λάβετε (LUK 22:17!6)|δεδεμένον (LUK 19:30!12)|δεξάμενος (LUK 22:17!2)|κολληθέντα (LUK 10:11!5)|κρατήσας (LUK 8:54!3)|κρεμασθέντων (LUK 23:39!4)|λαβοῦσα (LUK 13:21!5)|λαβὼν (LUK 13:19!6; LUK 22:19!2; LUK 24:30!9; LUK 24:43!2; LUK 6:4!13; LUK 9:16!1)|λυόντων (LUK 19:33!1)|λύει (LUK 13:15!14)|λύετε (LUK 19:31!8; LUK 19:33!13)|λύσαντες (LUK 19:30!20)|λῦσαι (LUK 3:16!20)|προσψαύετε (LUK 11:46!22)|συλλέγουσιν (LUK 6:44!13)|συνηρπάκει (LUK 8:29!14)|ἄγραν (LUK 5:4!19)|ἄγρᾳ (LUK 5:9!12)|ἐδεσμεύετο (LUK 8:29!17)|ἐλάβομεν (LUK 5:5!11)|ἐπιλαβόμενοι (LUK 23:26!5)|ἐπιλαβόμενος (LUK 14:4!5; LUK 9:47!10)|ἔτιλλον (LUK 6:1!10)|ἔχει (LUK 7:33!15)
7.5.4,Tie,13,25,33,"18.1, 18.10, 18.11, 18.13, 18.15, 18.18, 18.2, 18.21, 18.23, 18.5, 18.6, 18.8, 18.9",Δέξαι (LUK 16:6!11; LUK 16:7!16)|Λάβετε (LUK 22:17!6)|δεδεμένον (LUK 19:30!12)|δεξάμενος (LUK 22:17!2)|κολληθέντα (LUK 10:11!5)|κρατήσας (LUK 8:54!3)|κρεμασθέντων (LUK 23:39!4)|λαβοῦσα (LUK 13:21!5)|λαβὼν (LUK 13:19!6; LUK 22:19!2; LUK 24:30!9; LUK 24:43!2; LUK 6:4!13; LUK 9:16!1)|λυόντων (LUK 19:33!1)|λύει (LUK 13:15!14)|λύετε (LUK 19:31!8; LUK 19:33!13)|λύσαντες (LUK 19:30!20)|λῦσαι (LUK 3:16!20)|προσψαύετε (LUK 11:46!22)|συλλέγουσιν (LUK 6:44!13)|συνηρπάκει (LUK 8:29!14)|ἄγραν (LUK 5:4!19)|ἄγρᾳ (LUK 5:9!12)|ἐδεσμεύετο (LUK 8:29!17)|ἐλάβομεν (LUK 5:5!11)|ἐπιλαβόμενοι (LUK 23:26!5)|ἐπιλαβόμενος (LUK 14:4!5; LUK 9:47!10)|ἔτιλλον (LUK 6:1!10)|ἔχει (LUK 7:33!15)
7.7,Physical impact,28,49,52,"19.1, 19.12, 19.18, 19.19, 19.2, 19.26, 19.27, 19.3, 19.31, 19.32, 19.34, 19.38, 19.39, 19.40, 19.41, 19.43, 19.44, 19.45, 19.46, 19.47, 19.48, 19.49, 19.5, 19.50, 19.52, 19.55, 19.6, 19.9",δέροντες (LUK 22:63!9)|δαρήσεται (LUK 12:47!21; LUK 12:48!9)|δείραντες (LUK 20:10!21; LUK 20:11!9)|διαρρήσσων (LUK 8:29!23)|διερρήσσετο (LUK 5:6!8)|διορυχθῆναι (LUK 12:39!17)|διχοτομήσει (LUK 12:46!19)|κατέκλασεν (LUK 9:16!17)|καταπατεῖν (LUK 12:1!9)|κατεπατήθη (LUK 8:5!21)|κλάσας (LUK 24:30!14)|κλάσει (LUK 24:35!14)|κλασμάτων (LUK 9:17!11)|κρούειν (LUK 13:25!16)|κρούετε (LUK 11:9!11)|κρούοντι (LUK 11:10!12)|κρούσαντος (LUK 12:36!17)|λαξευτῷ (LUK 23:53!11)|λικμήσει (LUK 20:18!14)|μαστιγώσαντες (LUK 18:33!2)|παίσας (LUK 22:64!10)|πατάξομεν (LUK 22:49!11)|πεπιεσμένον (LUK 6:38!7)|πληγὰς (LUK 10:30!21)|πληγῶν (LUK 12:48!8)|προσέρηξεν (LUK 6:48!19; LUK 6:49!18)|προσκόψῃς (LUK 4:11!8)|σκάπτειν (LUK 16:3!18)|συνέξουσίν (LUK 19:43!17)|συνέπνιγον (LUK 8:42!19)|συνέχουσίν (LUK 8:45!18)|συνθλασθήσεται (LUK 20:18!8)|συντρῖβον (LUK 9:39!19)|σχίσας (LUK 5:36!13)|σχίσει (LUK 5:36!24)|τύπτειν (LUK 12:45!18)|τύπτοντί (LUK 6:29!2)|τύπτοντες (LUK 23:48!13)|ψώχοντες (LUK 6:1!18)|ἀποθλίβουσιν (LUK 8:45!21)|ἐκκόπτεται (LUK 3:9!19)|ἐκκόψεις (LUK 13:9!11)|ἐπάταξεν (LUK 22:50!2)|ἐπικεῖσθαι (LUK 5:1!7)|ἔκκοψον (LUK 13:7!21)|ἔκλασεν (LUK 22:19!5)|ἔσκαψεν (LUK 6:48!7)|ἔτυπτε (LUK 18:13!16)|ῥήξει (LUK 5:37!12)
7.9,"Break, wear out",24,50,60,"20.10, 20.12, 20.22, 20.25, 20.28, 20.29, 20.31, 20.40, 20.41, 20.47, 20.50, 20.51, 20.54, 20.57, 20.58, 20.61, 20.64, 20.65, 20.71, 20.72, 20.76, 20.79, 20.80, 20.82",Αἶρε (LUK 23:18!5)|Σταύρου (LUK 23:21!5)|βιάζεται (LUK 16:16!19)|βλάψαν (LUK 4:35!24)|διαφθείρει (LUK 12:33!24)|θανατώσουσιν (LUK 21:16!13)|θύεσθαι (LUK 22:7!9)|θύσατε (LUK 15:23!7)|καθελῶ (LUK 12:18!5)|καταλιθάσει (LUK 20:6!9)|καταλυθήσεται (LUK 21:6!15)|κατασφάξατε (LUK 19:27!16)|λιθοβολοῦσα (LUK 13:34!8)|πατεῖν (LUK 10:19!7)|πατουμένη (LUK 21:24!14)|πτῶσιν (LUK 2:34!16)|σταυρωθῆναι (LUK 23:23!8; LUK 24:7!14)|σταύρου (LUK 23:21!6)|συνέπεσεν (LUK 6:49!23)|τραυματίσαντες (LUK 20:12!9)|τραύματα (LUK 10:34!5)|φονεύσῃς (LUK 18:20!7)|φόνον (LUK 23:19!11; LUK 23:25!7)|ἀδικήσῃ (LUK 10:19!24)|ἀνέλωσιν (LUK 22:2!10)|ἀναιρεθῆναι (LUK 23:32!9)|ἀναλῶσαι (LUK 9:54!18)|ἀπέκτειναν (LUK 11:47!13; LUK 11:48!14; LUK 20:15!7)|ἀπέκτεινεν (LUK 13:4!14)|ἀπεκεφάλισα (LUK 9:9!7)|ἀποκτανθῆναι (LUK 9:22!20)|ἀποκτείνουσα (LUK 13:34!4)|ἀποκτείνωμεν (LUK 20:14!14)|ἀποκτεινόντων (LUK 12:4!11)|ἀποκτενοῦσιν (LUK 11:49!18; LUK 18:33!3)|ἀποκτεῖναι (LUK 12:5!10; LUK 13:31!18)|ἀπολέσαι (LUK 19:47!18; LUK 4:34!9; LUK 6:9!19)|ἀπολέσει (LUK 20:16!3)|ἀπολέσθαι (LUK 13:33!15)|ἀπολεῖσθε (LUK 13:3!10)|ἀπολομένου (LUK 11:51!8)|ἀπολοῦνται (LUK 5:37!25)|ἀπώλεσεν (LUK 17:27!18; LUK 17:29!15)|ἐδαφιοῦσίν (LUK 19:44!2)|ἐρήμωσις (LUK 21:20!13)|ἐρημοῦται (LUK 11:17!14)|ἐσταύρωσαν (LUK 23:33!11; LUK 24:20!15)|ἔθυσας (LUK 15:30!15)|ἔθυσεν (LUK 15:27!11)|ῥῆγμα (LUK 6:49!27)
7.9.1,Damage,24,50,60,"20.10, 20.12, 20.22, 20.25, 20.28, 20.29, 20.31, 20.40, 20.41, 20.47, 20.50, 20.51, 20.54, 20.57, 20.58, 20.61, 20.64, 20.65, 20.71, 20.72, 20.76, 20.79, 20.80, 20.82",Αἶρε (LUK 23:18!5)|Σταύρου (LUK 23:21!5)|βιάζεται (LUK 16:16!19)|βλάψαν (LUK 4:35!24)|διαφθείρει (LUK 12:33!24)|θανατώσουσιν (LUK 21:16!13)|θύεσθαι (LUK 22:7!9)|θύσατε (LUK 15:23!7)|καθελῶ (LUK 12:18!5)|καταλιθάσει (LUK 20:6!9)|καταλυθήσεται (LUK 21:6!15)|κατασφάξατε (LUK 19:27!16)|λιθοβολοῦσα (LUK 13:34!8)|πατεῖν (LUK 10:19!7)|πατουμένη (LUK 21:24!14)|πτῶσιν (LUK 2:34!16)|σταυρωθῆναι (LUK 23:23!8; LUK 24:7!14)|σταύρου (LUK 23:21!6)|συνέπεσεν (LUK 6:49!23)|τραυματίσαντες (LUK 20:12!9)|τραύματα (LUK 10:34!5)|φονεύσῃς (LUK 18:20!7)|φόνον (LUK 23:19!11; LUK 23:25!7)|ἀδικήσῃ (LUK 10:19!24)|ἀνέλωσιν (LUK 22:2!10)|ἀναιρεθῆναι (LUK 23:32!9)|ἀναλῶσαι (LUK 9:54!18)|ἀπέκτειναν (LUK 11:47!13; LUK 11:48!14; LUK 20:15!7)|ἀπέκτεινεν (LUK 13:4!14)|ἀπεκεφάλισα (LUK 9:9!7)|ἀποκτανθῆναι (LUK 9:22!20)|ἀποκτείνουσα (LUK 13:34!4)|ἀποκτείνωμεν (LUK 20:14!14)|ἀποκτεινόντων (LUK 12:4!11)|ἀποκτενοῦσιν (LUK 11:49!18; LUK 18:33!3)|ἀποκτεῖναι (LUK 12:5!10; LUK 13:31!18)|ἀπολέσαι (LUK 19:47!18; LUK 4:34!9; LUK 6:9!19)|ἀπολέσει (LUK 20:16!3)|ἀπολέσθαι (LUK 13:33!15)|ἀπολεῖσθε (LUK 13:3!10)|ἀπολομένου (LUK 11:51!8)|ἀπολοῦνται (LUK 5:37!25)|ἀπώλεσεν (LUK 17:27!18; LUK 17:29!15)|ἐδαφιοῦσίν (LUK 19:44!2)|ἐρήμωσις (LUK 21:20!13)|ἐρημοῦται (LUK 11:17!14)|ἐσταύρωσαν (LUK 23:33!11; LUK 24:20!15)|ἔθυσας (LUK 15:30!15)|ἔθυσεν (LUK 15:27!11)|ῥῆγμα (LUK 6:49!27)
7.9.3,Destroy,24,50,60,"20.10, 20.12, 20.22, 20.25, 20.28, 20.29, 20.31, 20.40, 20.41, 20.47, 20.50, 20.51, 20.54, 20.57, 20.58, 20.61, 20.64, 20.65, 20.71, 20.72, 20.76, 20.79, 20.80, 20.82",Αἶρε (LUK 23:18!5)|Σταύρου (LUK 23:21!5)|βιάζεται (LUK 16:16!19)|βλάψαν (LUK 4:35!24)|διαφθείρει (LUK 12:33!24)|θανατώσουσιν (LUK 21:16!13)|θύεσθαι (LUK 22:7!9)|θύσατε (LUK 15:23!7)|καθελῶ (LUK 12:18!5)|καταλιθάσει (LUK 20:6!9)|καταλυθήσεται (LUK 21:6!15)|κατασφάξατε (LUK 19:27!16)|λιθοβολοῦσα (LUK 13:34!8)|πατεῖν (LUK 10:19!7)|πατουμένη (LUK 21:24!14)|πτῶσιν (LUK 2:34!16)|σταυρωθῆναι (LUK 23:23!8; LUK 24:7!14)|σταύρου (LUK 23:21!6)|συνέπεσεν (LUK 6:49!23)|τραυματίσαντες (LUK 20:12!9)|τραύματα (LUK 10:34!5)|φονεύσῃς (LUK 18:20!7)|φόνον (LUK 23:19!11; LUK 23:25!7)|ἀδικήσῃ (LUK 10:19!24)|ἀνέλωσιν (LUK 22:2!10)|ἀναιρεθῆναι (LUK 23:32!9)|ἀναλῶσαι (LUK 9:54!18)|ἀπέκτειναν (LUK 11:47!13; LUK 11:48!14; LUK 20:15!7)|ἀπέκτεινεν (LUK 13:4!14)|ἀπεκεφάλισα (LUK 9:9!7)|ἀποκτανθῆναι (LUK 9:22!20)|ἀποκτείνουσα (LUK 13:34!4)|ἀποκτείνωμεν (LUK 20:14!14)|ἀποκτεινόντων (LUK 12:4!11)|ἀποκτενοῦσιν (LUK 11:49!18; LUK 18:33!3)|ἀποκτεῖναι (LUK 12:5!10; LUK 13:31!18)|ἀπολέσαι (LUK 19:47!18; LUK 4:34!9; LUK 6:9!19)|ἀπολέσει (LUK 20:16!3)|ἀπολέσθαι (LUK 13:33!15)|ἀπολεῖσθε (LUK 13:3!10)|ἀπολομένου (LUK 11:51!8)|ἀπολοῦνται (LUK 5:37!25)|ἀπώλεσεν (LUK 17:27!18; LUK 17:29!15)|ἐδαφιοῦσίν (LUK 19:44!2)|ἐρήμωσις (LUK 21:20!13)|ἐρημοῦται (LUK 11:17!14)|ἐσταύρωσαν (LUK 23:33!11; LUK 24:20!15)|ἔθυσας (LUK 15:30!15)|ἔθυσεν (LUK 15:27!11)|ῥῆγμα (LUK 6:49!27)
8.1,Quantity,32,101,262,"59.1, 59.11, 59.12, 59.13, 59.14, 59.15, 59.17, 59.18, 59.19, 59.2, 59.20, 59.23, 59.25, 59.27, 59.28, 59.29, 59.3, 59.35, 59.37, 59.38, 59.41, 59.42, 59.44, 59.5, 59.52, 59.53, 59.6, 59.64, 59.7, 59.72, 59.75, 59.9",Πάντων (LUK 9:43!9)|Πολλὰ (LUK 3:18!1)|Πρόσθες (LUK 17:5!7)|Πόσοι (LUK 15:17!6)|Πόσον (LUK 16:5!13)|Πᾶν (LUK 2:23!7)|Πᾶς (LUK 16:18!1)|Πᾶσα (LUK 11:17!9)|βραχὺ (LUK 22:58!3)|γέμει (LUK 11:39!23)|γεμίσαι (LUK 15:16!3)|γεμισθῇ (LUK 14:23!18)|μικρὸν (LUK 12:32!4)|πάντα (LUK 11:41!8; LUK 12:30!3; LUK 16:14!4; LUK 17:10!6; LUK 18:12!6; LUK 18:21!5; LUK 18:22!11; LUK 18:31!14; LUK 1:65!17; LUK 21:22!8; LUK 21:24!10; LUK 21:29!9; LUK 21:32!13; LUK 21:36!11; LUK 24:9!8; LUK 2:19!4; LUK 2:39!4; LUK 2:51!18; LUK 4:13!3; LUK 4:37!7; LUK 7:1!3; LUK 9:1!11; LUK 9:13!28; LUK 9:7!8)|πάντας (LUK 12:41!15; LUK 13:2!12; LUK 13:28!18; LUK 13:4!22; LUK 1:65!4; LUK 4:36!5; LUK 5:9!6; LUK 6:10!3; LUK 6:19!15; LUK 7:16!4; LUK 9:23!4)|πάντες (LUK 13:17!6; LUK 13:27!12; LUK 13:3!8; LUK 13:5!8; LUK 14:18!5; LUK 14:29!10; LUK 15:1!5; LUK 19:7!3; LUK 1:63!12; LUK 1:66!3; LUK 21:4!1; LUK 22:70!3; LUK 23:48!2; LUK 23:49!3; LUK 2:18!2; LUK 2:47!3; LUK 4:22!2; LUK 4:28!3; LUK 6:26!6; LUK 8:40!13; LUK 8:52!3; LUK 9:43!3)|πάντων (LUK 14:10!26; LUK 1:71!8; LUK 21:12!4; LUK 21:17!5; LUK 21:3!13; LUK 24:14!7; LUK 24:27!7; LUK 2:31!5; LUK 3:15!7; LUK 3:19!18; LUK 4:15!10; LUK 4:20!10; LUK 7:18!8; LUK 7:35!6; LUK 8:45!11)|πάσαις (LUK 1:6!10; LUK 1:75!7; LUK 24:27!13)|πάσας (LUK 4:5!6)|πάσης (LUK 12:15!9; LUK 5:17!21; LUK 6:17!20)|πάσῃ (LUK 12:27!16; LUK 7:17!13)|παμπληθεὶ (LUK 23:18!3)|παντὶ (LUK 11:4!11; LUK 12:48!11; LUK 19:26!4; LUK 21:36!4; LUK 2:10!16; LUK 6:30!1)|παντὸς (LUK 20:45!3; LUK 24:19!27; LUK 8:47!20)|πασῶν (LUK 19:37!25)|περισσεύειν (LUK 12:15!15)|περισσεύματος (LUK 6:45!25)|περισσεύοντος (LUK 21:4!6)|πλήρης (LUK 4:1!3; LUK 5:12!14)|πλειόνων (LUK 11:53!16)|πλεῖον (LUK 9:13!15)|πληρούμενον (LUK 2:40!7)|πληρωθήσεται (LUK 3:5!3)|πλησθήσεται (LUK 1:15!17)|πλῆθος (LUK 5:6!5)|πολλά (LUK 10:41!13; LUK 12:19!13)|πολλάς (LUK 12:47!22)|πολλαί (LUK 7:47!10; LUK 8:3!11)|πολλαπλασίονα (LUK 18:30!5)|πολλαὶ (LUK 4:25!6)|πολλαῖς (LUK 2:36!14)|πολλοί (LUK 13:24!8)|πολλούς (LUK 14:16!12)|πολλοὶ (LUK 10:24!5; LUK 1:1!2; LUK 1:14!8; LUK 21:8!7; LUK 4:27!2)|πολλοὺς (LUK 1:16!2; LUK 7:21!6)|πολλοῖς (LUK 7:21!16)|πολλοῦ (LUK 8:4!4)|πολλὰ (LUK 12:19!8; LUK 17:25!5; LUK 22:65!3; LUK 8:30!17; LUK 9:22!8)|πολλὰς (LUK 15:13!4)|πολλῶν (LUK 12:7!12; LUK 2:34!19; LUK 2:35!13; LUK 4:41!6)|πολλῷ (LUK 16:10!17; LUK 16:10!7; LUK 18:39!10)|πολύ (LUK 12:48!15; LUK 12:48!23; LUK 5:6!7)|πολύς (LUK 10:2!8; LUK 6:35!17)|πολὺ (LUK 12:48!16; LUK 23:27!4; LUK 6:17!16)|πολὺς (LUK 6:17!11; LUK 6:23!13)|προέκοπτεν (LUK 2:52!3)|προσέθετο (LUK 20:11!2; LUK 20:12!2)|προσέθηκεν (LUK 3:20!1)|προσθεὶς (LUK 19:11!5)|προσθεῖναι (LUK 12:25!11)|πόσον (LUK 16:7!6)|πόσῳ (LUK 11:13!13; LUK 12:24!20; LUK 12:28!18)|πᾶν (LUK 11:42!14; LUK 1:10!2; LUK 1:37!7; LUK 3:5!5; LUK 3:9!12)|πᾶς (LUK 11:10!1; LUK 12:10!2; LUK 12:8!4; LUK 13:17!11; LUK 14:11!2; LUK 14:33!3; LUK 16:16!16; LUK 18:14!13; LUK 18:43!11; LUK 20:18!1; LUK 21:38!2; LUK 6:19!2; LUK 6:40!9; LUK 6:47!1; LUK 7:29!2)|πᾶσα (LUK 3:5!1; LUK 3:6!3)|πᾶσαι (LUK 1:48!16)|πᾶσαν (LUK 10:1!21; LUK 10:19!14; LUK 3:3!4)|πᾶσι (LUK 16:26!3)|πᾶσιν (LUK 12:44!6; LUK 13:17!16; LUK 14:33!9; LUK 24:21!16; LUK 24:25!15; LUK 24:9!12; LUK 2:20!11; LUK 2:38!13; LUK 3:16!3; LUK 3:20!5; LUK 9:43!13; LUK 9:48!29)|τοσαύτην (LUK 7:9!21)|τοσαῦτα (LUK 15:29!9)|ἀμφοτέροις (LUK 7:42!5)|ἀμφότερα (LUK 5:7!17)|ἀμφότεροι (LUK 1:6!4; LUK 1:7!12; LUK 6:39!12)|ἅπαν (LUK 19:37!13; LUK 23:1!3; LUK 8:37!4)|ἅπαντα (LUK 3:21!6)|ἅπαντας (LUK 5:26!4; LUK 9:15!6)|ἅπαντες (LUK 21:15!14; LUK 4:40!5)|ἅπας (LUK 19:48!10; LUK 20:6!8)|ἅπασαν (LUK 4:6!11)|ἐπλήσθη (LUK 1:41!19; LUK 1:67!6)|ἑκάστῳ (LUK 4:40!18)|ἔπλησαν (LUK 5:7!16)|ἔτι (LUK 14:22!10; LUK 14:26!27; LUK 20:36!4; LUK 22:71!5)|ἕκαστον (LUK 16:5!4; LUK 6:44!1)|ἕκαστος (LUK 13:15!9; LUK 2:3!5)|Ἔτι (LUK 18:22!7)|ἱκανούς (LUK 20:9!20)|ἱκανοῖς (LUK 23:9!6)|ἱκανὸς (LUK 7:12!25)|ἱκανῶν (LUK 23:8!12; LUK 8:32!6)|ἱκανῷ (LUK 8:27!17)|Ἱκανόν (LUK 22:38!13)|ὀλίγας (LUK 12:48!10)|ὀλίγοι (LUK 10:2!12; LUK 13:23!7)|ὀλίγον (LUK 5:3!16; LUK 7:47!16)|ὀλίγων (LUK 10:42!1)|ὅλον (LUK 13:21!15)|ὅσα (LUK 12:3!3; LUK 18:12!7; LUK 18:22!12; LUK 4:23!14; LUK 8:39!20; LUK 8:39!8; LUK 9:10!7)|ὅσοι (LUK 4:40!6; LUK 9:5!2)|ὅσων (LUK 11:8!22)
8.1.1,Number,42,74,170,"60.1, 60.10, 60.11, 60.12, 60.13, 60.14, 60.15, 60.16, 60.17, 60.18, 60.19, 60.20, 60.21, 60.24, 60.25, 60.26, 60.28, 60.29, 60.3, 60.30, 60.31, 60.32, 60.33, 60.37, 60.4, 60.43, 60.46, 60.49, 60.50, 60.53, 60.55, 60.56, 60.61, 60.62, 60.69, 60.71, 60.73, 60.76, 60.78, 60.79, 60.8, 60.80",Εἷς (LUK 23:39!1)|Ζεύγη (LUK 14:19!4)|δέκα (LUK 13:16!11; LUK 14:31!18; LUK 15:8!6; LUK 17:12!8; LUK 17:17!8; LUK 19:13!3; LUK 19:13!8; LUK 19:16!10; LUK 19:17!16; LUK 19:24!14; LUK 19:25!6)|δεκαοκτώ (LUK 13:11!8)|δεκαοκτὼ (LUK 13:4!4)|δευτέρᾳ (LUK 12:38!4)|δεύτερος (LUK 19:18!4; LUK 20:30!3)|δυσὶ (LUK 16:13!4)|δυσὶν (LUK 12:52!13)|δύο (LUK 10:1!10; LUK 10:1!15; LUK 10:1!16; LUK 10:17!5; LUK 10:35!6; LUK 12:52!15; LUK 12:6!6; LUK 15:11!6; LUK 17:34!7; LUK 17:35!2; LUK 18:10!2; LUK 19:29!16; LUK 21:2!9; LUK 22:38!8; LUK 23:32!6; LUK 24:13!3; LUK 24:4!12; LUK 2:24!15; LUK 3:11!7; LUK 5:2!3; LUK 7:18!12; LUK 7:41!1; LUK 9:13!21; LUK 9:16!8; LUK 9:3!20; LUK 9:30!4; LUK 9:32!19)|δώδεκα (LUK 18:31!4; LUK 22:3!14; LUK 22:30!18; LUK 22:47!12; LUK 2:42!5; LUK 6:13!13; LUK 8:42!8; LUK 8:43!9; LUK 9:1!4; LUK 9:17!13)|δὶς (LUK 18:12!2)|εἴκοσι (LUK 14:31!23)|εἷς (LUK 17:15!1; LUK 17:34!12; LUK 18:10!9; LUK 7:41!7)|ζεῦγος (LUK 2:24!12)|μία (LUK 17:35!8)|μίαν (LUK 15:8!10; LUK 16:17!13; LUK 9:33!25; LUK 9:33!28; LUK 9:33!31)|μιᾶς (LUK 17:34!10; LUK 22:59!5)|μιᾷ (LUK 24:1!3)|μυριάδων (LUK 12:1!5)|πέντε (LUK 12:52!6; LUK 12:6!2; LUK 14:19!7; LUK 16:28!3; LUK 19:18!11; LUK 19:19!9; LUK 1:24!15; LUK 9:13!18; LUK 9:16!4)|πεντήκοντα (LUK 16:6!19; LUK 7:41!14; LUK 9:14!17)|πεντακισχίλιοι (LUK 9:14!5)|πεντακόσια (LUK 7:41!10)|πεντεκαιδεκάτῳ (LUK 3:1!4)|πρώτη (LUK 2:2!3)|πρώτων (LUK 11:26!23)|πρώτῳ (LUK 16:5!12)|πρῶτον (LUK 12:1!17)|πρῶτος (LUK 14:18!8; LUK 19:16!4; LUK 20:29!7)|τεσσάρων (LUK 2:37!7)|τετραπλοῦν (LUK 19:8!24)|τρία (LUK 13:21!11; LUK 13:7!7; LUK 4:25!22)|τρίς (LUK 22:34!12; LUK 22:61!26)|τρίτην (LUK 24:21!18)|τρίτον (LUK 20:12!3; LUK 23:22!3)|τρίτος (LUK 20:31!3)|τρίτῃ (LUK 12:38!8; LUK 13:32!20; LUK 18:33!9; LUK 24:46!15; LUK 24:7!17; LUK 9:22!23)|τρεῖς (LUK 11:5!21; LUK 12:52!11; LUK 1:56!8; LUK 2:46!5; LUK 9:33!24)|τριάκοντα (LUK 3:23!8)|τρισίν (LUK 12:52!17)|τριῶν (LUK 10:36!4)|χιλιάδων (LUK 14:31!24)|χιλιάσιν (LUK 14:31!19)|ψηφίζει (LUK 14:28!11)|ἀριθμοῦ (LUK 22:3!12)|ἐνάτης (LUK 23:44!16)|ἐνενήκοντα (LUK 15:4!16; LUK 15:7!16)|ἐννέα (LUK 15:4!17; LUK 15:7!17; LUK 17:17!12)|ἑβδομήκοντα (LUK 10:1!9; LUK 10:17!4)|ἑκατονταπλασίονα (LUK 8:8!13)|ἑκατὸν (LUK 15:4!6)|ἑνός (LUK 10:42!6)|ἑνὶ (LUK 11:46!17; LUK 15:10!12; LUK 15:7!11)|ἑνὸς (LUK 16:13!17)|ἑξήκοντα (LUK 24:13!16)|ἑπτά (LUK 11:26!9)|ἑπτάκις (LUK 17:4!10; LUK 17:4!3)|ἑπτὰ (LUK 20:29!1; LUK 20:31!10; LUK 20:33!13; LUK 2:36!19; LUK 8:2!19)|ἓν (LUK 12:6!8; LUK 15:4!12)|ἕκτη (LUK 23:44!6)|ἕκτος (LUK 1:36!17)|ἕκτῳ (LUK 1:26!6)|ἕν (LUK 18:22!8)|ἕνα (LUK 16:13!10)|ἕνδεκα (LUK 24:33!13; LUK 24:9!10)|ἕξ (LUK 4:25!25)|Ἑκατὸν (LUK 16:6!4; LUK 16:7!11)|Ἓξ (LUK 13:14!16)|ἠρίθμηνται (LUK 12:7!9)|ἡμίσιά (LUK 19:8!10)|ὀγδοήκοντα (LUK 16:7!22; LUK 2:37!6)|ὀγδόῃ (LUK 1:59!7)|ὀκτὼ (LUK 13:16!13; LUK 2:21!5; LUK 9:28!9)
8.1.6,"Whole, complete",11,29,84,"63.1, 63.10, 63.13, 63.14, 63.2, 63.20, 63.21, 63.23, 63.25, 63.26, 63.4",εἷς (LUK 18:19!14)|λοιπαὶ (LUK 24:10!14)|λοιποὶ (LUK 18:11!17)|λοιποὺς (LUK 18:9!16)|λοιποῖς (LUK 24:9!14; LUK 8:10!15)|λοιπῶν (LUK 12:26!9)|μέρος (LUK 11:36!10; LUK 12:46!23; LUK 15:12!13; LUK 24:42!7)|μερίδα (LUK 10:42!11)|μερίσασθαι (LUK 12:13!13)|μεριστὴν (LUK 12:14!11)|πάντα (LUK 10:22!1; LUK 12:18!15; LUK 15:13!7; LUK 15:14!4; LUK 15:31!12; LUK 21:4!18; LUK 24:44!20; LUK 24:47!12; LUK 5:11!9; LUK 5:28!3)|πάντας (LUK 17:27!19; LUK 17:29!16; LUK 21:35!6)|πάντες (LUK 20:38!8; LUK 2:3!3; LUK 9:17!5)|πάντων (LUK 11:50!5)|πάσης (LUK 21:35!11)|πᾶσα (LUK 4:7!9)|πᾶσαι (LUK 12:7!8)|πᾶσαν (LUK 2:1!13; LUK 4:25!31)|πᾶσιν (LUK 1:3!5)|ἀπὸ (LUK 16:21!4; LUK 19:39!5; LUK 20:10!9; LUK 9:38!4)|ἐκ (LUK 11:27!12; LUK 12:13!4; LUK 1:5!19; LUK 1:61!8; LUK 22:3!10)|ἐξ (LUK 11:11!3; LUK 11:15!3; LUK 11:49!16; LUK 11:5!6; LUK 12:25!3; LUK 12:6!9; LUK 14:28!3; LUK 14:33!4; LUK 15:4!10; LUK 15:4!3; LUK 17:15!3; LUK 17:7!3; LUK 1:5!13; LUK 21:16!14; LUK 22:23!11; LUK 22:50!5; LUK 22:58!10; LUK 24:13!4; LUK 24:22!5)|ἐσχίσθη (LUK 23:45!4)|ἑνὶ (LUK 12:52!8)|ἔμιξεν (LUK 13:1!17)|ὅλην (LUK 23:44!11; LUK 8:39!16)|ὅλης (LUK 10:27!11; LUK 23:5!11; LUK 4:14!17; LUK 5:5!7)|ὅλον (LUK 11:34!16; LUK 11:36!15; LUK 11:36!6; LUK 8:43!13; LUK 9:25!8)|ὅλῃ (LUK 10:27!17; LUK 10:27!23; LUK 10:27!29; LUK 1:65!11; LUK 7:17!7)
8.2.8,Measure,14,16,17,"81.1, 81.11, 81.13, 81.14, 81.19, 81.20, 81.21, 81.23, 81.25, 81.27, 81.4, 81.7, 81.8, 81.9",βάθος (LUK 5:4!12)|βάτους (LUK 16:6!5)|κόρους (LUK 16:7!12)|μέτρον (LUK 6:38!5)|μέτρῳ (LUK 6:38!17)|μακράν (LUK 15:13!14)|μακρὰν (LUK 19:12!9)|μικρὸς (LUK 19:3!17)|πῆχυν (LUK 12:25!12)|σάτα (LUK 13:21!10)|σταδίους (LUK 24:13!15)|στενῆς (LUK 13:24!5)|ταπεινωθήσεται (LUK 3:5!9)|ἐβάθυνεν (LUK 6:48!9)|ἡλικίαν (LUK 12:25!9)|ἡλικίᾳ (LUK 19:3!16; LUK 2:52!6)
8.3,Quality,40,59,64,"79.100, 79.104, 79.107, 79.109, 79.110, 79.112, 79.113, 79.114, 79.115, 79.118, 79.12, 79.120, 79.122, 79.123, 79.124, 79.125, 79.18, 79.19, 79.20, 79.44, 79.48, 79.49, 79.51, 79.63, 79.64, 79.66, 79.76, 79.78, 79.79, 79.80, 79.82, 79.83, 79.84, 79.85, 79.86, 79.87, 79.88, 79.9, 79.90, 79.93",Καλύψατε (LUK 23:30!12)|βρέχειν (LUK 7:38!12)|γωνίας (LUK 20:17!21)|διακαθᾶραι (LUK 3:17!8)|διηνοίχθησαν (LUK 24:31!3)|δόξαν (LUK 4:6!14; LUK 9:32!15)|δόξῃ (LUK 9:26!20; LUK 9:31!4)|εὐθείαν (LUK 3:5!15)|εὐθείας (LUK 3:4!18)|κέκλεισται (LUK 11:7!12)|καθαρίζετε (LUK 11:39!18)|καθαρὰ (LUK 11:41!9)|καλοῖς (LUK 21:5!9)|καλύπτει (LUK 8:16!5)|κατέδησεν (LUK 10:34!3)|κατίσχυον (LUK 23:23!10)|καταψύξῃ (LUK 16:24!21)|κατισχύσητε (LUK 21:36!8)|κεκοσμημένον (LUK 11:25!6)|κεκόσμηται (LUK 21:5!12)|λαμπρὰν (LUK 23:11!15)|λείας (LUK 3:5!21)|μέγα (LUK 14:16!9; LUK 16:26!10; LUK 22:12!5)|μαλακοῖς (LUK 7:25!7)|μείζονας (LUK 12:18!10)|μεγάλην (LUK 5:29!4)|μικρότερος (LUK 7:28!12)|μικρὸς (LUK 19:3!17)|μωρανθῇ (LUK 14:34!10)|ξηρῷ (LUK 23:31!11)|πεδινοῦ (LUK 6:17!8)|περικαλύψαντες (LUK 22:64!2)|πρόσωπον (LUK 21:35!10)|πτύξας (LUK 4:20!2)|σκολιὰ (LUK 3:5!13)|στόματι (LUK 21:24!3)|ταπεινωθήσεται (LUK 3:5!9)|τραχεῖαι (LUK 3:5!18)|ἀναπτύξας (LUK 4:17!9)|ἀνεῳχθῆναι (LUK 3:21!14)|ἀνοίξωσιν (LUK 12:36!19)|ἀνοιγήσεται (LUK 11:10!13; LUK 11:9!13)|ἀποκλείσῃ (LUK 13:25!8)|ἄκρον (LUK 16:24!15)|ἄνοιξον (LUK 13:25!21)|ἐκλείσθη (LUK 4:25!17)|ἐμεγάλυνεν (LUK 1:58!10)|ἐνδόξοις (LUK 13:17!18)|ἐνδόξῳ (LUK 7:25!14)|ἐνετύλιξεν (LUK 23:53!3)|ἐνισχύων (LUK 22:43!7)|ἐξέμαξεν (LUK 7:44!36)|ἐξέμασσεν (LUK 7:38!22)|ἐξηράνθη (LUK 8:6!9)|ἔβρεξέν (LUK 7:44!28)|ἰσχυρότερος (LUK 11:22!3)|ἰσχυρὸς (LUK 11:21!3)|ἰσχύω (LUK 16:3!20)|ὑγρῷ (LUK 23:31!5)
8.3.5,"Type, kind",19,59,95,"58.14, 58.20, 58.26, 58.30, 58.31, 58.33, 58.36, 58.37, 58.45, 58.47, 58.50, 58.51, 58.52, 58.53, 58.56, 58.67, 58.68, 58.71, 58.75",Γεννήματα (LUK 3:7!9)|αὐτὰ (LUK 17:30!3; LUK 6:23!19; LUK 6:26!11)|αὐτὸ (LUK 6:33!15)|αὐτῇ (LUK 12:12!8; LUK 13:31!2; LUK 2:38!2; LUK 2:8!8)|αὐτῷ (LUK 23:40!16)|εἴδει (LUK 3:22!8)|εἶδος (LUK 9:29!8)|εἶναι (LUK 2:4!22)|καινοὺς (LUK 5:38!6)|καινοῦ (LUK 5:36!12; LUK 5:36!35)|καινὸν (LUK 5:36!23)|κατὰ (LUK 9:18!8)|μονογενής (LUK 9:38!18)|μονογενὴς (LUK 7:12!12; LUK 8:42!3)|μόνα (LUK 24:12!14)|μόνας (LUK 9:18!9)|μόνην (LUK 10:40!19)|μόνον (LUK 8:50!9)|μόνος (LUK 24:18!10; LUK 5:21!22; LUK 9:36!9)|μόνους (LUK 6:4!26)|μόνῳ (LUK 4:4!12; LUK 4:8!15)|παλαιούς (LUK 5:37!8)|παλαιόν (LUK 5:36!17)|παλαιὸν (LUK 5:39!4)|παλαιὸς (LUK 5:39!10)|παλαιῷ (LUK 5:36!27)|παράδοξα (LUK 5:26!15)|ποία (LUK 6:32!7; LUK 6:33!7; LUK 6:34!8)|ποικίλαις (LUK 4:40!10)|ποταπὴ (LUK 7:39!20)|ποταπὸς (LUK 1:29!9)|τέκνων (LUK 7:35!8)|υἱοὶ (LUK 16:8!14)|ἀγαπητόν (LUK 20:13!14)|ἀγαπητός (LUK 3:22!24)|ἀρχῆς (LUK 1:2!6)|ἄλλην (LUK 6:29!10)|ἄλλοι (LUK 9:19!11; LUK 9:19!8)|ἄλλοις (LUK 20:16!11)|ἄλλον (LUK 7:19!11; LUK 7:20!21)|ἄλλος (LUK 22:59!6)|ἄλλων (LUK 5:29!17; LUK 9:8!7)|ἄλλῳ (LUK 7:8!20)|Ἄλλους (LUK 23:35!12)|ἐστιν (LUK 22:19!11)|ἑτέρα (LUK 17:35!12)|ἑτέραις (LUK 4:43!9)|ἑτέραν (LUK 16:18!9; LUK 9:56!4)|ἑτέρου (LUK 16:13!21)|ἑτέρους (LUK 10:1!8)|ἑτέρῳ (LUK 14:31!5; LUK 16:7!2; LUK 5:7!7; LUK 6:6!4)|ἕτερα (LUK 11:26!5; LUK 22:65!2; LUK 3:18!5)|ἕτεραι (LUK 8:3!10)|ἕτεροι (LUK 11:16!1; LUK 23:32!4)|ἕτερον (LUK 16:13!14; LUK 20:11!3; LUK 8:6!2; LUK 8:7!2; LUK 8:8!2; LUK 9:29!12; LUK 9:59!4)|ἕτερος (LUK 14:19!2; LUK 14:20!2; LUK 17:34!16; LUK 18:10!13; LUK 19:20!3; LUK 22:58!4; LUK 23:40!4; LUK 7:41!13; LUK 9:61!4)|ἦν (LUK 19:2!9)|ἰδίου (LUK 6:44!6)|ἴσα (LUK 6:34!19)
8.3.5.2,Compare,8,15,77,"64.1, 64.10, 64.12, 64.13, 64.14, 64.16, 64.18, 64.5",καθὼς (LUK 11:1!24; LUK 11:30!1; LUK 17:26!2; LUK 17:28!2; LUK 19:32!6; LUK 1:2!1; LUK 1:55!1; LUK 1:70!1; LUK 22:13!4; LUK 22:29!4; LUK 24:24!13; LUK 24:39!24; LUK 2:20!16; LUK 2:23!1; LUK 5:14!19; LUK 6:31!2; LUK 6:36!3)|συμφωνήσει (LUK 5:36!29)|ἢ (LUK 10:12!11; LUK 10:14!10; LUK 15:7!14; LUK 16:17!10; LUK 17:2!16; LUK 18:25!9; LUK 9:13!16)|ὁμοία (LUK 13:18!4; LUK 13:19!1; LUK 13:21!1)|ὁμοίως (LUK 10:32!1; LUK 10:37!19; LUK 13:3!9; LUK 16:25!17; LUK 17:28!1; LUK 17:31!25; LUK 22:36!10; LUK 3:11!17; LUK 5:10!1; LUK 5:33!14; LUK 6:31!11)|ὁμοιώσω (LUK 13:18!12; LUK 13:20!5; LUK 7:31!3)|ὅμοιοί (LUK 7:32!1)|ὅμοιοι (LUK 12:36!3; LUK 7:31!12)|ὅμοιος (LUK 6:47!18)|ὅμοιός (LUK 6:48!1; LUK 6:49!7)|ὡς (LUK 10:18!7; LUK 10:27!37; LUK 10:3!5; LUK 11:36!16; LUK 11:44!5; LUK 12:27!21; LUK 15:19!9; LUK 17:6!8; LUK 18:11!25; LUK 18:17!12; LUK 21:35!1; LUK 22:26!11; LUK 22:26!17; LUK 22:27!18; LUK 22:31!10; LUK 23:14!9; LUK 3:22!9; LUK 3:23!11; LUK 3:4!1; LUK 6:22!19; LUK 6:40!11)|ὡσαύτως (LUK 13:5!9; LUK 20:31!6; LUK 22:20!4)|ὡσεὶ (LUK 22:44!12; LUK 24:11!5)|ὥσπερ (LUK 17:24!1; LUK 18:11!15)|Ὡς (LUK 22:52!16)
8.3.7.7,"Right, proper",4,5,5,"66.12, 66.2, 66.3, 66.5",δίκαιον (LUK 12:57!9)|εὔθετός (LUK 9:62!16)|καλόν (LUK 9:33!16)|καλὸν (LUK 6:38!6)|ἀναίδειαν (LUK 11:8!17)
8.3.7.7.1,"Wrong, unsuitable",4,5,5,"66.12, 66.2, 66.3, 66.5",δίκαιον (LUK 12:57!9)|εὔθετός (LUK 9:62!16)|καλόν (LUK 9:33!16)|καλὸν (LUK 6:38!6)|ἀναίδειαν (LUK 11:8!17)
8.3.7.9,Value,20,36,46,"65.10, 65.11, 65.17, 65.18, 65.20, 65.22, 65.23, 65.24, 65.25, 65.26, 65.28, 65.29, 65.32, 65.39, 65.43, 65.44, 65.57, 65.6, 65.8, 65.9",Εὖγε (LUK 19:17!4)|Καλὸν (LUK 14:34!1)|διαφέρετε (LUK 12:24!23; LUK 12:7!14)|εὔθετόν (LUK 14:35!7)|θησαυρίζων (LUK 12:21!3)|θησαυρὸν (LUK 12:33!13; LUK 18:22!20)|θησαυρὸς (LUK 12:34!5)|κακά (LUK 16:25!19)|καλόν (LUK 6:43!15; LUK 9:33!16)|καλὸν (LUK 3:9!18; LUK 6:43!5)|καλῇ (LUK 8:15!5)|καλῶς (LUK 6:26!3; LUK 6:48!32)|καταξιωθέντες (LUK 20:35!3)|λυσιτελεῖ (LUK 17:2!1)|νεκρὸς (LUK 15:24!6; LUK 15:32!11)|πρώτην (LUK 15:22!13)|σαπρόν (LUK 6:43!8)|σαπρὸν (LUK 6:43!12)|σιτευτόν (LUK 15:23!6; LUK 15:27!18)|σιτευτὸν (LUK 15:30!18)|χείρονα (LUK 11:26!21)|χρηστός (LUK 5:39!11)|ἀγαθά (LUK 16:25!9)|ἀγαθήν (LUK 8:8!8)|ἀγαθὰ (LUK 11:13!8)|ἀγαθὲ (LUK 19:17!5)|ἀγαθὸς (LUK 23:50!9)|ἀγαθῶν (LUK 1:53!3)|ἀξίους (LUK 3:8!4)|ἄξια (LUK 12:48!7; LUK 23:41!5)|ἄξιον (LUK 23:15!12)|ἄξιος (LUK 10:7!13; LUK 15:19!3; LUK 15:21!16)|Ἄξιός (LUK 7:4!12)|ἐλάχιστον (LUK 12:26!4)|ἠξίωσα (LUK 7:7!4)|ὑψηλὸν (LUK 16:15!23)
8.4.1,Period of time,102,170,584,"67.1, 67.10, 67.102, 67.103, 67.109, 67.110, 67.111, 67.113, 67.115, 67.116, 67.117, 67.118, 67.119, 67.12, 67.123, 67.126, 67.128, 67.129, 67.130, 67.131, 67.135, 67.136, 67.139, 67.14, 67.140, 67.142, 67.143, 67.144, 67.145, 67.146, 67.149, 67.15, 67.151, 67.154, 67.157, 67.160, 67.162, 67.163, 67.167, 67.17, 67.174, 67.177, 67.178, 67.18, 67.183, 67.184, 67.186, 67.189, 67.19, 67.190, 67.191, 67.192, 67.194, 67.195, 67.196, 67.199, 67.20, 67.201, 67.205, 67.206, 67.207, 67.208, 67.21, 67.24, 67.25, 67.30, 67.31, 67.33, 67.38, 67.39, 67.44, 67.45, 67.47, 67.48, 67.5, 67.52, 67.53, 67.55, 67.61, 67.62, 67.64, 67.66, 67.70, 67.73, 67.75, 67.78, 67.79, 67.82, 67.84, 67.85, 67.86, 67.88, 67.89, 67.9, 67.90, 67.92, 67.92a, 67.93, 67.95, 67.96, 67.98, 67.99",Εὐθέως (LUK 17:7!17)|Μετὰ (LUK 10:1!1; LUK 1:24!1)|Νῦν (LUK 11:39!7; LUK 2:29!1)|Πρὶν (LUK 22:61!20)|Πρὸ (LUK 21:12!1)|Σήμερον (LUK 19:9!8; LUK 4:21!7)|Ταχὺ (LUK 15:22!9)|Χρονίζει (LUK 12:45!11)|αἰφνίδιος (LUK 21:34!20)|αἰωνίους (LUK 16:9!20)|αἰώνιον (LUK 10:25!13; LUK 18:18!12; LUK 18:30!17)|αἰῶνα (LUK 1:55!15)|αἰῶνας (LUK 1:33!9)|αἰῶνι (LUK 18:30!13)|αἰῶνος (LUK 1:70!8; LUK 20:35!5)|αὔριον (LUK 10:35!4; LUK 12:28!10; LUK 13:32!17; LUK 13:33!6)|βραδεῖς (LUK 24:25!9)|γήρει (LUK 1:36!12)|γενεὰ (LUK 21:32!9)|γενεὰς (LUK 1:50!6; LUK 1:50!8)|δι (LUK 5:5!6)|διανυκτερεύων (LUK 6:12!15)|διαστάσης (LUK 22:59!2)|διὰ (LUK 24:53!3)|εἰς (LUK 12:19!11; LUK 13:9!5; LUK 1:20!23; LUK 1:33!7; LUK 1:50!5; LUK 1:55!13)|εἶτα (LUK 8:12!9)|εὐθέως (LUK 12:36!18; LUK 12:54!12; LUK 14:5!15; LUK 21:9!16; LUK 5:13!11)|εὐθὺς (LUK 6:49!22)|εὐκαιρίαν (LUK 22:6!5)|ηὐλίζετο (LUK 21:37!13)|θέρος (LUK 21:30!12)|κέκλικεν (LUK 24:29!13)|καινὴ (LUK 22:20!13)|καιροὶ (LUK 21:24!20)|καιροῦ (LUK 4:13!11)|καιρὸν (LUK 12:56!13; LUK 19:44!23; LUK 1:20!25; LUK 8:13!21)|καιρὸς (LUK 21:8!19)|καιρῷ (LUK 12:42!24; LUK 13:1!7; LUK 18:30!8; LUK 20:10!2; LUK 21:36!5; LUK 8:13!25)|κλίνειν (LUK 9:12!5)|μέλλει (LUK 19:11!19; LUK 9:44!15)|μέλλον (LUK 13:9!7)|μέλλοντα (LUK 21:36!13)|μέλλων (LUK 22:23!15; LUK 24:21!8)|μέλλῃ (LUK 21:7!15)|μέχρι (LUK 16:16!6)|μακροθυμεῖ (LUK 18:7!19)|μακρὰ (LUK 20:47!9)|μελλούσης (LUK 3:7!17)|μεσονυκτίου (LUK 11:5!14)|μετ (LUK 15:13!2)|μετὰ (LUK 12:4!15; LUK 12:5!8; LUK 17:8!17; LUK 18:4!6; LUK 22:20!5; LUK 22:58!2; LUK 2:46!3; LUK 5:27!2; LUK 9:28!3)|μηκέτι (LUK 8:49!15)|μηνὶ (LUK 1:26!4)|μὴν (LUK 1:36!16)|μῆνας (LUK 1:24!14; LUK 1:56!7; LUK 4:25!24)|νέον (LUK 5:37!5; LUK 5:38!3; LUK 5:39!6)|νέος (LUK 5:37!16)|νεότητος (LUK 18:21!8)|νεώτερος (LUK 15:12!4; LUK 15:13!9; LUK 22:26!13)|νυκτός (LUK 18:7!17)|νυκτὶ (LUK 12:20!9; LUK 17:34!5)|νυκτὸς (LUK 2:8!14; LUK 5:5!8)|νύκτα (LUK 2:37!17)|νύκτας (LUK 21:37!11)|νῦν (LUK 12:52!5; LUK 16:25!20; LUK 19:42!14; LUK 1:48!13; LUK 22:18!9; LUK 22:36!5; LUK 22:69!3; LUK 5:10!25; LUK 6:21!10; LUK 6:21!4; LUK 6:25!11; LUK 6:25!5)|οὐδέποτε (LUK 15:29!14; LUK 15:29!20)|οὐκέτι (LUK 15:19!1; LUK 15:21!14; LUK 20:40!1)|οὔπω (LUK 23:53!16)|πάλαι (LUK 10:13!20)|πάλιν (LUK 13:20!2; LUK 23:20!1)|πάντοτε (LUK 15:31!7; LUK 18:1!8)|παλαιούμενα (LUK 12:33!12)|παντελές (LUK 13:11!18)|παντὸς (LUK 24:53!4)|παρέλθῃ (LUK 21:32!7)|παρασκευῆς (LUK 23:54!4)|παραχρῆμα (LUK 13:13!7; LUK 18:43!2; LUK 19:11!18; LUK 1:64!6; LUK 22:60!11; LUK 4:39!11; LUK 5:25!2; LUK 8:44!10; LUK 8:47!26; LUK 8:55!8)|πληρωθῶσιν (LUK 21:24!19)|ποσάκις (LUK 13:34!13)|ποτε (LUK 22:32!14)|πρεσβύτερος (LUK 15:25!7)|προβεβηκυῖα (LUK 1:18!19; LUK 2:36!11)|προβεβηκότες (LUK 1:7!13)|προσώπου (LUK 7:27!12; LUK 9:52!5)|πρὶν (LUK 2:26!13)|πρὸ (LUK 11:38!10; LUK 22:15!13; LUK 2:21!20; LUK 7:27!11; LUK 9:52!4)|πρὸς (LUK 24:29!9; LUK 8:13!20)|πρῶτον (LUK 10:5!7; LUK 11:38!8; LUK 14:28!9; LUK 14:31!12; LUK 17:25!1; LUK 21:9!13; LUK 6:42!28; LUK 9:59!14; LUK 9:61!8)|πυκνὰ (LUK 5:33!10)|πότε (LUK 12:36!9; LUK 17:20!6; LUK 21:7!6; LUK 9:41!12)|πώποτε (LUK 19:30!16)|σάββασιν (LUK 13:10!10; LUK 4:31!14; LUK 6:2!12)|σάββατον (LUK 23:54!6; LUK 23:56!10)|σήμερον (LUK 12:28!8; LUK 13:32!15; LUK 13:33!4; LUK 19:5!16; LUK 22:34!9; LUK 22:61!23; LUK 23:43!7; LUK 2:11!4; LUK 5:26!16)|σαββάτου (LUK 13:14!33; LUK 13:16!25; LUK 14:5!21; LUK 18:12!4; LUK 6:5!7)|σαββάτων (LUK 24:1!5; LUK 4:16!18)|σαββάτῳ (LUK 13:14!8; LUK 13:15!12; LUK 14:1!14; LUK 14:3!14; LUK 6:1!4; LUK 6:6!5; LUK 6:7!11; LUK 6:9!12)|στιγμῇ (LUK 4:5!12)|συμπληροῦσθαι (LUK 9:51!5)|τάχει (LUK 18:8!9)|τέλος (LUK 1:33!16; LUK 21:9!18; LUK 22:37!22)|ταχέως (LUK 14:21!19; LUK 16:6!17)|τεσσεράκοντα (LUK 4:2!2)|τότε (LUK 11:26!1; LUK 13:26!1; LUK 14:10!21; LUK 14:21!10; LUK 14:9!14; LUK 16:16!9; LUK 21:10!1; LUK 21:20!8; LUK 21:21!1; LUK 21:27!2; LUK 23:30!1; LUK 24:45!1; LUK 5:35!11; LUK 6:42!36)|φυλακὰς (LUK 2:8!12)|φυλακῇ (LUK 12:38!9)|χρονίζειν (LUK 1:21!12)|χρόνοις (LUK 8:29!13)|χρόνον (LUK 18:4!5)|χρόνος (LUK 1:57!6)|χρόνου (LUK 4:5!13)|χρόνους (LUK 20:9!19)|χρόνων (LUK 23:8!13)|χρόνῳ (LUK 8:27!16)|ἀπ (LUK 1:2!5)|ἀπὸ (LUK 11:50!10; LUK 12:52!3; LUK 16:16!8; LUK 1:48!11; LUK 22:18!7; LUK 22:69!1; LUK 2:36!20; LUK 5:10!23; LUK 8:43!7)|ἀρχαίων (LUK 9:19!17; LUK 9:8!13)|ἀφ (LUK 13:25!1; LUK 24:21!22; LUK 7:45!7)|ἄγει (LUK 24:21!21)|ἄνωθεν (LUK 1:3!4)|ἄχρι (LUK 17:27!5; LUK 1:20!9; LUK 21:24!17; LUK 4:13!10)|ἐγγίζει (LUK 21:28!12)|ἐγγύς (LUK 21:31!10)|ἐγγὺς (LUK 21:30!10)|ἐκ (LUK 18:21!7; LUK 1:15!19)|ἐν (LUK 10:12!5; LUK 10:14!7; LUK 10:35!21; LUK 11:1!3; LUK 11:27!3; LUK 11:31!4; LUK 11:32!4; LUK 12:12!7; LUK 12:38!2; LUK 12:38!6; LUK 12:42!23; LUK 12:46!13; LUK 12:46!7; LUK 12:58!10; LUK 13:1!4; LUK 13:10!8; LUK 13:14!19; LUK 13:14!23; LUK 14:1!3; LUK 14:14!12; LUK 14:5!18; LUK 16:25!11; LUK 17:11!3; LUK 17:14!12; LUK 17:24!22; LUK 17:26!11; LUK 17:26!4; LUK 17:28!4; LUK 17:31!1; LUK 18:30!11; LUK 18:30!6; LUK 18:35!3; LUK 18:8!8; LUK 19:13!15; LUK 19:15!3; LUK 19:42!5; LUK 1:21!10; LUK 1:25!6; LUK 1:36!11; LUK 1:39!4; LUK 1:5!2; LUK 1:59!3; LUK 1:8!3; LUK 1:8!7; LUK 20:1!3; LUK 20:19!13; LUK 20:33!4; LUK 21:23!9; LUK 21:36!3; LUK 21:6!6; LUK 23:12!10; LUK 23:29!5; LUK 23:7!18; LUK 24:13!6; LUK 24:15!3; LUK 24:18!20; LUK 24:30!3; LUK 24:4!3; LUK 24:51!3; LUK 2:1!3; LUK 2:27!10; LUK 2:43!5; LUK 2:6!3; LUK 3:21!3; LUK 4:16!14; LUK 4:2!11; LUK 4:21!12; LUK 4:25!9; LUK 4:31!12; LUK 4:5!11; LUK 5:1!3; LUK 5:12!3; LUK 5:12!7; LUK 5:17!3; LUK 5:34!12; LUK 5:35!13; LUK 6:1!3; LUK 6:12!16; LUK 6:12!3; LUK 6:23!2; LUK 6:6!3; LUK 6:7!9; LUK 7:11!3; LUK 7:21!1; LUK 8:1!3; LUK 8:13!24; LUK 8:22!3; LUK 8:5!10; LUK 9:18!3; LUK 9:29!3; LUK 9:33!3; LUK 9:34!12; LUK 9:36!16; LUK 9:36!2; LUK 9:51!3)|ἐνιαυτὸν (LUK 4:19!2)|ἐξ (LUK 23:8!11)|ἐξαίφνης (LUK 2:13!2; LUK 9:39!7)|ἐπιούσιον (LUK 11:3!5)|ἐπλήσθη (LUK 1:57!4)|ἐπλήσθησαν (LUK 1:23!4; LUK 2:21!3; LUK 2:22!3; LUK 2:6!8)|ἐπὰν (LUK 11:22!1; LUK 11:34!22)|ἐπὶ (LUK 10:35!2; LUK 18:4!4; LUK 3:2!1; LUK 4:25!20; LUK 4:27!8)|ἐτῶν (LUK 2:37!5; LUK 2:42!4; LUK 3:23!7; LUK 8:42!7; LUK 8:43!8)|ἐχομένῃ (LUK 13:33!9)|ἑξῆς (LUK 7:11!5; LUK 9:37!4)|ἑσπέραν (LUK 24:29!10)|ἔπειτα (LUK 16:7!1)|ἔτει (LUK 3:1!2)|ἔτη (LUK 12:19!12; LUK 13:11!7; LUK 13:16!14; LUK 13:7!8; LUK 15:29!10; LUK 2:36!18; LUK 4:25!21)|ἔτι (LUK 14:32!4; LUK 15:20!8; LUK 16:2!20; LUK 1:15!18; LUK 22:60!12; LUK 24:41!1; LUK 24:44!13; LUK 24:6!10; LUK 9:42!1)|ἔτος (LUK 13:8!12; LUK 2:41!7)|ἕως (LUK 11:51!4; LUK 12:50!8; LUK 12:59!7; LUK 13:21!12; LUK 13:35!14; LUK 13:8!13; LUK 15:4!26; LUK 15:8!21; LUK 17:8!12; LUK 1:80!13; LUK 20:43!1; LUK 21:32!11; LUK 22:16!9; LUK 22:18!15; LUK 22:34!11; LUK 23:44!14; LUK 24:49!18; LUK 2:37!4; LUK 9:27!15; LUK 9:41!11)|Ἐν (LUK 10:21!1; LUK 10:38!1; LUK 11:37!1; LUK 12:1!1; LUK 13:31!1; LUK 1:26!1; LUK 3:1!1; LUK 8:40!1; LUK 8:42!12)|Ἐπειδὴ (LUK 7:1!1)|Ἔτι (LUK 22:47!1; LUK 8:49!1)|ἡλικίαν (LUK 12:25!9)|ἡμέρα (LUK 22:66!4; LUK 22:7!4; LUK 23:54!2; LUK 24:29!16; LUK 9:12!3)|ἡμέραι (LUK 13:14!17; LUK 17:22!7; LUK 19:43!3; LUK 1:23!6; LUK 21:22!2; LUK 21:6!5; LUK 23:29!4; LUK 2:21!4; LUK 2:22!5; LUK 2:6!10; LUK 5:35!3; LUK 9:28!8)|ἡμέραις (LUK 17:26!13; LUK 17:26!6; LUK 17:28!6; LUK 1:18!22; LUK 1:25!7; LUK 1:39!6; LUK 1:5!4; LUK 1:7!16; LUK 1:75!9; LUK 21:23!12; LUK 23:7!21; LUK 24:18!22; LUK 2:1!5; LUK 2:36!13; LUK 4:2!13; LUK 4:25!11; LUK 5:35!16; LUK 6:12!5; LUK 9:36!19)|ἡμέραν (LUK 11:3!10; LUK 16:19!13; LUK 19:47!6; LUK 22:53!2; LUK 24:21!20; LUK 2:37!19; LUK 9:23!19)|ἡμέρας (LUK 15:13!5; LUK 17:27!7; LUK 17:4!5; LUK 18:7!15; LUK 1:20!11; LUK 1:24!5; LUK 1:80!14; LUK 21:37!4; LUK 2:43!4; LUK 2:44!9; LUK 2:46!4; LUK 4:2!1; LUK 9:51!7)|ἡμέρᾳ (LUK 12:46!8; LUK 13:14!31; LUK 13:16!23; LUK 14:5!19; LUK 17:29!3; LUK 18:33!7; LUK 19:42!7; LUK 1:59!5; LUK 23:12!13; LUK 24:13!9; LUK 24:46!16; LUK 24:7!18; LUK 4:16!16; LUK 6:23!5; LUK 9:22!24; LUK 9:37!5)|ἡμερῶν (LUK 20:1!6; LUK 5:17!6; LUK 8:22!6)|ἤγγικεν (LUK 10:11!20; LUK 21:20!11)|ἤδη (LUK 11:7!9; LUK 12:49!11; LUK 14:17!15; LUK 19:37!4; LUK 21:30!3; LUK 21:30!9; LUK 23:44!3; LUK 24:29!14; LUK 3:9!1; LUK 7:6!7)|ἤμελλεν (LUK 10:1!26; LUK 19:4!14; LUK 7:2!7)|Ἤγγιζεν (LUK 22:1!1)|Ἤγγικεν (LUK 10:9!10)|ὀρθριναὶ (LUK 24:22!10)|ὁπότε (LUK 6:3!14)|ὄρθρου (LUK 24:1!6)|ὅταν (LUK 12:11!1; LUK 12:55!2; LUK 14:13!2; LUK 21:30!1; LUK 6:22!3; LUK 6:22!9; LUK 6:26!2)|Ὅταν (LUK 11:2!4; LUK 12:54!6; LUK 14:12!7; LUK 14:8!1)|ὡς (LUK 11:1!11; LUK 12:58!1; LUK 15:25!11; LUK 19:29!3; LUK 19:41!2; LUK 19:5!2; LUK 1:23!3; LUK 1:41!3; LUK 1:44!3; LUK 20:37!12; LUK 22:66!2; LUK 23:26!2; LUK 24:32!13; LUK 24:32!19; LUK 2:15!3; LUK 2:39!2; LUK 4:25!26; LUK 5:4!1; LUK 7:12!1)|ὤρθριζεν (LUK 21:38!5)|ὥρα (LUK 22:14!5; LUK 22:53!21; LUK 23:44!5)|ὥρας (LUK 22:59!4; LUK 23:44!15)|ὥρᾳ (LUK 10:21!4; LUK 12:12!10; LUK 12:39!10; LUK 12:40!7; LUK 12:46!14; LUK 13:31!4; LUK 14:17!7; LUK 1:10!11; LUK 20:19!16; LUK 24:33!5; LUK 2:38!4; LUK 7:21!4)
8.4.5.1,"Order, sequence",7,10,30,"61.1, 61.12, 61.13, 61.16, 61.2, 61.3, 61.9",Οὕτως (LUK 1:25!2)|καθεξῆς (LUK 1:3!7; LUK 8:1!5)|μιᾶς (LUK 14:18!4)|οὕτως (LUK 10:21!36; LUK 11:30!8; LUK 12:21!1; LUK 12:28!16; LUK 12:38!13; LUK 12:43!12; LUK 12:54!19; LUK 14:33!1; LUK 15:10!1; LUK 15:7!4; LUK 17:10!1; LUK 17:24!16; LUK 17:26!8; LUK 19:31!9; LUK 21:31!1; LUK 22:26!4; LUK 24:24!12; LUK 24:46!5; LUK 2:48!16; LUK 9:15!3)|σαββάτῳ (LUK 6:1!4)|τάξει (LUK 1:8!9)|ἀπὸ (LUK 14:18!3)|ἔσχατα (LUK 11:26!17)|ἔσχατον (LUK 12:59!10)|ὕστερον (LUK 20:32!1)
8.4.6,Aspectual time,25,56,80,"68.1, 68.11, 68.13, 68.15, 68.16, 68.22, 68.26, 68.28, 68.31, 68.34, 68.35, 68.36, 68.38, 68.42, 68.47, 68.49, 68.51, 68.59, 68.6, 68.60, 68.62, 68.7, 68.71, 68.74, 68.79",Εἰσῆλθεν (LUK 9:46!1)|διέλιπεν (LUK 7:45!11)|διέμενεν (LUK 1:22!21)|δὸς (LUK 12:58!13)|ζητήσουσιν (LUK 13:24!11)|ζητήσῃ (LUK 17:33!3)|ζητεῖ (LUK 11:29!14)|κέκλικεν (LUK 24:29!13)|κλίνειν (LUK 9:12!5)|μετασταθῶ (LUK 16:4!6)|πεσεῖν (LUK 16:17!15)|προσθεὶς (LUK 19:11!5)|σπεύσαντες (LUK 2:16!3)|σπεύσας (LUK 19:5!14; LUK 19:6!2)|σπουδῆς (LUK 1:39!13)|συντελέσας (LUK 4:13!2)|συντελεσθεισῶν (LUK 4:2!16)|τελειοῦμαι (LUK 13:32!21)|τελειωσάντων (LUK 2:43!2)|χεῖρα (LUK 9:62!8)|ἀπαρτισμόν (LUK 14:28!17)|ἀποτελῶ (LUK 13:32!14)|ἀρξάμενοι (LUK 24:47!15)|ἀρξάμενος (LUK 23:5!15; LUK 24:27!2)|ἀρχομένων (LUK 21:28!1)|ἀρχόμενος (LUK 3:23!5)|ἀφαιρεθήσεται (LUK 10:42!15)|ἀφαιρεῖται (LUK 16:3!13)|ἀφελεῖν (LUK 1:25!10)|ἄρξεσθε (LUK 13:26!2)|ἄρξησθε (LUK 13:25!12; LUK 3:8!9)|ἄρξηται (LUK 12:45!17)|ἄρξονται (LUK 23:30!2)|ἄρξωνται (LUK 14:29!13)|ἄρξῃ (LUK 14:9!15)|Ἀγωνίζεσθε (LUK 13:24!1)|ἐζήτει (LUK 19:3!2; LUK 9:9!17)|ἐζήτησαν (LUK 20:19!2)|ἐζήτουν (LUK 11:16!7; LUK 5:18!12; LUK 6:19!5)|ἐκλίπῃ (LUK 22:32!8)|ἐκλιπόντος (LUK 23:45!3)|ἐκτελέσαι (LUK 14:29!9; LUK 14:30!11)|ἐξεκρέματο (LUK 19:48!11)|ἐπέκειντο (LUK 23:23!3)|ἐπίσχυον (LUK 23:5!3)|ἐπαύσαντο (LUK 8:24!21)|ἐπαύσατο (LUK 11:1!12; LUK 5:4!3)|ἐπεχείρησαν (LUK 1:1!3)|ἐπιβαλὼν (LUK 9:62!6)|ἐπλήρωσεν (LUK 7:1!2)|ἐτέλεσαν (LUK 2:39!3)|ἔστη (LUK 8:44!11)|Ἐᾶτε (LUK 22:51!6)|ἤρξαντο (LUK 11:53!4; LUK 14:18!2; LUK 15:24!15; LUK 19:37!12; LUK 22:23!3; LUK 23:2!1; LUK 5:21!2; LUK 7:49!2)|ἤρξατο (LUK 11:29!5; LUK 12:1!11; LUK 14:30!6; LUK 15:14!14; LUK 19:45!6; LUK 4:21!1; LUK 7:15!6; LUK 7:24!6; LUK 7:38!11; LUK 9:12!4)|Ἤρξατο (LUK 20:9!1)
8.5,Location,35,58,345,"83.1, 83.10, 83.11, 83.12, 83.13, 83.16, 83.17, 83.18, 83.19, 83.2, 83.20, 83.21, 83.23, 83.24, 83.25, 83.26, 83.3, 83.30, 83.31, 83.32, 83.33, 83.34, 83.35, 83.36, 83.40, 83.42, 83.43, 83.46, 83.47, 83.49, 83.5, 83.51, 83.6, 83.8, 83.9",Ποῦ (LUK 17:37!5; LUK 22:11!11; LUK 22:9!5; LUK 8:25!4)|αὐτοῦ (LUK 9:27!8)|εἰς (LUK 10:11!11; LUK 10:36!11; LUK 11:7!19; LUK 14:10!6; LUK 14:8!9; LUK 15:22!20; LUK 15:22!26; LUK 21:24!7; LUK 21:37!14; LUK 22:17!10; LUK 4:23!17; LUK 4:35!17; LUK 4:44!4; LUK 8:14!3; LUK 8:23!9; LUK 9:28!18; LUK 9:61!14)|κατέναντι (LUK 19:30!5)|κατὰ (LUK 2:31!3; LUK 9:6!4)|κύκλῳ (LUK 9:12!19)|μέσον (LUK 17:11!12; LUK 23:45!10; LUK 4:35!19; LUK 5:19!24; LUK 6:8!21)|μέσος (LUK 22:55!13)|μέσου (LUK 4:30!5)|μέσῳ (LUK 10:3!8; LUK 21:21!13; LUK 22:27!15; LUK 22:55!5; LUK 24:36!8; LUK 2:46!13; LUK 8:7!5)|μακρόθεν (LUK 16:23!15; LUK 18:13!4; LUK 22:54!16; LUK 23:49!7)|μακρὰν (LUK 15:20!11; LUK 7:6!11)|μεταξὺ (LUK 11:51!9; LUK 16:26!5)|μετὰ (LUK 12:46!25; LUK 22:37!14; LUK 24:5!19)|οὗ (LUK 10:1!25; LUK 23:53!12; LUK 24:28!6; LUK 4:16!5; LUK 4:17!15)|πέραν (LUK 8:22!23)|πανταχοῦ (LUK 9:6!10)|παρ (LUK 9:47!14)|παρὰ (LUK 17:16!5; LUK 18:35!12; LUK 5:1!19; LUK 5:2!6; LUK 7:38!4; LUK 8:12!3; LUK 8:35!24; LUK 8:41!16; LUK 8:5!17)|περὶ (LUK 13:8!16; LUK 17:2!7; LUK 22:49!4)|πορρώτερον (LUK 24:28!11)|ποῦ (LUK 12:17!11; LUK 17:17!13; LUK 9:58!23)|προσώπου (LUK 10:1!18)|πρὸ (LUK 10:1!17)|πρὸς (LUK 10:39!10; LUK 16:20!7; LUK 18:11!4; LUK 19:37!5; LUK 22:23!5; LUK 22:56!7; LUK 3:9!6)|πόρρω (LUK 14:32!6)|πόρρωθεν (LUK 17:12!13)|ἀντιπέρα (LUK 8:26!10)|ἐγγὺς (LUK 19:11!10)|ἐκείνης (LUK 19:4!13)|ἐκεῖ (LUK 10:6!4; LUK 11:26!13; LUK 12:18!14; LUK 12:34!7; LUK 13:28!1; LUK 15:13!16; LUK 17:23!5; LUK 17:37!14; LUK 21:2!7; LUK 22:12!7; LUK 23:33!10; LUK 2:6!7; LUK 6:6!16; LUK 8:32!3; LUK 9:4!7)|ἐν (LUK 10:13!18; LUK 10:13!9; LUK 10:20!18; LUK 10:31!7; LUK 10:7!1; LUK 11:1!7; LUK 11:43!15; LUK 11:43!9; LUK 12:28!3; LUK 12:3!18; LUK 12:33!15; LUK 12:51!6; LUK 12:52!7; LUK 13:10!4; LUK 13:19!24; LUK 13:26!10; LUK 13:28!21; LUK 13:29!14; LUK 13:4!10; LUK 13:6!10; LUK 13:6!18; LUK 13:7!14; LUK 14:15!13; LUK 15:25!8; LUK 15:4!18; LUK 15:7!6; LUK 16:15!21; LUK 16:23!18; LUK 16:23!2; LUK 16:24!27; LUK 17:31!14; LUK 17:31!23; LUK 18:22!21; LUK 18:3!4; LUK 19:20!14; LUK 19:36!8; LUK 19:38!14; LUK 19:38!9; LUK 19:44!16; LUK 19:44!8; LUK 19:47!7; LUK 19:5!18; LUK 1:1!9; LUK 1:21!13; LUK 1:22!12; LUK 1:25!13; LUK 1:31!4; LUK 1:41!14; LUK 1:42!9; LUK 1:44!19; LUK 1:65!10; LUK 1:79!3; LUK 1:80!10; LUK 20:1!11; LUK 20:42!5; LUK 20:46!13; LUK 20:46!18; LUK 20:46!23; LUK 21:21!18; LUK 21:21!3; LUK 21:25!4; LUK 21:27!9; LUK 21:37!5; LUK 22:16!12; LUK 22:24!5; LUK 22:26!8; LUK 22:30!9; LUK 22:53!7; LUK 22:55!4; LUK 23:19!7; LUK 23:43!11; LUK 23:7!16; LUK 24:18!18; LUK 24:27!12; LUK 24:32!11; LUK 24:32!16; LUK 24:35!5; LUK 24:44!23; LUK 24:49!15; LUK 24:53!5; LUK 24:6!12; LUK 2:11!10; LUK 2:12!11; LUK 2:14!2; LUK 2:14!9; LUK 2:16!16; LUK 2:19!10; LUK 2:21!24; LUK 2:23!3; LUK 2:24!8; LUK 2:25!5; LUK 2:34!20; LUK 2:43!13; LUK 2:44!14; LUK 2:44!5; LUK 2:46!8; LUK 2:49!12; LUK 2:51!22; LUK 2:7!21; LUK 2:8!4; LUK 3:15!8; LUK 3:17!4; LUK 3:2!14; LUK 3:4!11; LUK 3:4!3; LUK 4:1!15; LUK 4:15!4; LUK 4:20!13; LUK 4:23!23; LUK 4:24!11; LUK 4:25!13; LUK 4:27!5; LUK 4:28!5; LUK 4:33!2; LUK 5:16!5; LUK 5:22!14; LUK 5:29!7; LUK 5:7!5; LUK 6:23!14; LUK 6:41!17; LUK 6:41!7; LUK 6:42!13; LUK 6:42!19; LUK 6:42!41; LUK 7:16!14; LUK 7:25!18; LUK 7:28!13; LUK 7:28!4; LUK 7:32!5; LUK 7:37!14; LUK 7:37!6; LUK 7:9!18; LUK 8:27!22; LUK 8:27!27; LUK 8:32!8; LUK 9:12!29; LUK 9:31!12; LUK 9:46!4; LUK 9:48!28; LUK 9:57!4)|ἐναντίον (LUK 20:26!7)|ἐνθάδε (LUK 24:41!15)|ἐντὸς (LUK 17:21!13)|ἐνώπιον (LUK 12:9!5; LUK 12:9!9; LUK 14:10!25; LUK 15:10!6; LUK 1:17!4; LUK 1:19!12; LUK 1:76!10; LUK 23:14!16; LUK 24:43!3; LUK 4:7!5; LUK 5:18!17; LUK 5:25!4; LUK 8:47!19)|ἐνώπιόν (LUK 13:26!5)|ἐπ (LUK 12:58!8)|ἐπάνω (LUK 10:19!8; LUK 11:44!15; LUK 19:17!15; LUK 19:19!7; LUK 4:39!3)|ἐπὶ (LUK 10:34!14; LUK 12:54!10; LUK 17:31!7; LUK 17:34!8; LUK 18:8!20; LUK 19:44!14; LUK 20:37!9; LUK 21:12!20; LUK 21:23!17; LUK 21:25!11; LUK 21:35!9; LUK 21:6!11; LUK 22:21!10; LUK 22:30!15; LUK 22:30!5; LUK 2:14!6; LUK 4:25!30; LUK 4:9!8; LUK 5:18!5; LUK 5:24!11; LUK 5:27!11; LUK 6:17!6; LUK 6:29!4; LUK 6:48!13; LUK 6:49!12)|ἐφ (LUK 19:30!13; LUK 4:29!15; LUK 5:25!7)|ἔμπροσθέν (LUK 19:27!18; LUK 7:27!19)|ἔμπροσθεν (LUK 12:8!10; LUK 12:8!21; LUK 14:2!7; LUK 19:28!5; LUK 19:4!5; LUK 21:36!17; LUK 5:19!25)|ἔν (LUK 18:2!5)|ἔναντι (LUK 1:8!13)|ἔξω (LUK 13:25!13; LUK 13:33!16; LUK 1:10!9; LUK 8:20!12)|ἔξωθεν (LUK 11:39!12; LUK 11:40!6)|ἔσωθεν (LUK 11:40!9)|Ἐκεῖ (LUK 17:21!6)|Ἐν (LUK 10:26!6)|Ἐπὶ (LUK 4:11!3)|ὀπίσω (LUK 17:31!30; LUK 7:38!3; LUK 9:62!15)|ὅπου (LUK 12:33!18; LUK 12:34!1; LUK 22:11!15; LUK 9:57!13)|Ὅπου (LUK 17:37!11)|ὑπ (LUK 17:24!13)|ὑποκάτω (LUK 8:16!9)|ὑπὸ (LUK 11:33!8; LUK 13:34!25; LUK 17:24!8; LUK 7:6!30)|ὧδε (LUK 11:31!31; LUK 11:32!24; LUK 14:21!37; LUK 15:17!16; LUK 16:25!22; LUK 17:21!4; LUK 17:23!7; LUK 19:27!14; LUK 22:38!7; LUK 23:5!20; LUK 24:6!3; LUK 4:23!22; LUK 9:12!28; LUK 9:33!19; LUK 9:41!20)
8.5.2,Direction,6,8,13,"82.1, 82.2, 82.3, 82.4, 82.7, 82.8",βορρᾶ (LUK 13:29!9)|δεξιόν (LUK 22:50!17)|δεξιὰ (LUK 6:6!22)|δεξιῶν (LUK 1:11!8; LUK 20:42!15; LUK 22:69!12; LUK 23:33!19)|δυσμῶν (LUK 12:54!11; LUK 13:29!6)|νότου (LUK 11:31!2; LUK 13:29!11)|ἀνατολῶν (LUK 13:29!4)|ἀριστερῶν (LUK 23:33!23)
8.5.3,Be at a place,39,101,152,"85.1, 85.10, 85.11, 85.13, 85.16, 85.19, 85.2, 85.23, 85.26, 85.3, 85.32, 85.33, 85.34, 85.35, 85.36, 85.37, 85.38, 85.39, 85.40, 85.44, 85.45, 85.48, 85.51, 85.53, 85.54, 85.55, 85.57, 85.6, 85.60, 85.62, 85.63, 85.64, 85.65, 85.69, 85.7, 85.71, 85.74, 85.8, 85.9",Μεῖνον (LUK 24:29!5)|Παρῆσαν (LUK 13:1!1)|βάλλει (LUK 5:37!3)|βάλλοντας (LUK 21:1!5)|βάλω (LUK 13:8!19)|βλητέον (LUK 5:38!7)|γενόμεναι (LUK 24:22!9)|γενόμενος (LUK 22:40!1)|δότε (LUK 15:22!18)|εἰσίν (LUK 11:7!22; LUK 7:25!21; LUK 9:27!5)|εἱστήκεισαν (LUK 23:49!1)|εἶ (LUK 15:31!10)|εἶναί (LUK 2:49!18)|εἶναι (LUK 11:1!5; LUK 19:11!11; LUK 2:44!4; LUK 2:6!5; LUK 5:12!5; LUK 8:38!11; LUK 9:33!20)|θέντος (LUK 14:29!3)|θήσει (LUK 12:46!28)|θεῖναι (LUK 5:18!16)|θῶ (LUK 20:43!3)|καθίσατε (LUK 24:49!14)|καθημένοις (LUK 1:79!8)|καθημένους (LUK 21:35!8)|κατέλιπον (LUK 20:31!12)|κατέχειν (LUK 14:9!21)|καταλιπὼν (LUK 5:28!2)|κατοικεῖ (LUK 11:26!12)|κατοικοῦντας (LUK 13:4!26)|κείμενα (LUK 12:19!10)|κεῖται (LUK 3:9!11)|μένετε (LUK 10:7!6; LUK 9:4!8)|μεῖναι (LUK 19:5!24; LUK 24:29!20)|παρεγενόμην (LUK 12:51!4)|παρεμβαλοῦσιν (LUK 19:43!7)|παροικεῖς (LUK 24:18!11)|περίκειται (LUK 17:2!6)|περιοικοῦντας (LUK 1:65!7)|προσδεχομένοις (LUK 12:36!5; LUK 2:38!15)|προσδεχόμενος (LUK 2:25!17)|προσεδέχετο (LUK 23:51!17)|πρόσωπον (LUK 2:31!4)|συνάξω (LUK 12:17!12; LUK 12:18!13)|συνῆσαν (LUK 9:18!10)|τίθησιν (LUK 11:33!6; LUK 8:16!11; LUK 8:16!15)|ἀγραυλοῦντες (LUK 2:8!9)|ἀπέχοντος (LUK 15:20!12; LUK 7:6!12)|ἀπέχουσαν (LUK 24:13!14)|ἀποκειμένην (LUK 19:20!13)|ἀφέντες (LUK 18:28!7; LUK 5:11!8)|ἀφήσουσιν (LUK 19:44!12)|ἀφίεται (LUK 13:35!2)|ἀφεθήσεται (LUK 21:6!9)|ἀφεῖλεν (LUK 22:50!12)|ἀφῆκεν (LUK 18:29!12)|ἄφες (LUK 13:8!7)|ἐγένετο (LUK 2:13!3)|ἐμβαλεῖν (LUK 12:5!13)|ἐνόντα (LUK 11:41!3)|ἐπέθηκαν (LUK 23:26!12)|ἐπέθηκεν (LUK 13:13!2)|ἐπέστη (LUK 2:9!4)|ἐπέστησαν (LUK 24:4!13)|ἐπιβάλλει (LUK 5:36!14)|ἐπιστᾶσα (LUK 2:38!5)|ἐπιτίθησιν (LUK 15:5!3)|ἐπιτιθεὶς (LUK 4:40!22)|ἐσμέν (LUK 9:12!32)|ἐστέ (LUK 13:25!31; LUK 13:27!8)|ἐστήρικται (LUK 16:26!11)|ἐστίν (LUK 21:30!13)|ἐστιν (LUK 12:34!3; LUK 17:21!15; LUK 22:11!12; LUK 5:34!18)|ἐστὶν (LUK 8:26!9)|ἐτέθη (LUK 23:55!17)|ἑστάναι (LUK 13:25!14)|ἑστήκασιν (LUK 8:20!11)|ἑστηκότων (LUK 9:27!9)|ἑστὼς (LUK 18:13!5; LUK 1:11!6; LUK 5:1!18)|ἑστῶτα (LUK 5:2!5)|ἔβαλεν (LUK 21:3!14; LUK 21:4!23)|ἔβαλον (LUK 21:4!8)|ἔθηκεν (LUK 23:53!7; LUK 6:48!11)|ἔμενεν (LUK 8:27!25)|ἔσομαι (LUK 9:41!13)|ἔσονται (LUK 12:52!1; LUK 17:34!6; LUK 17:35!1)|ἔσται (LUK 12:34!12; LUK 13:28!2; LUK 15:7!9; LUK 17:31!6)|ἔστησεν (LUK 4:9!7; LUK 9:47!12)|ἔστιν (LUK 24:6!2; LUK 9:50!12)|ἔσῃ (LUK 23:43!10)|Ἐπεσκέψατο (LUK 7:16!18)|Ἔμεινεν (LUK 1:56!1)|ἥκει (LUK 15:27!9)|ἥξει (LUK 12:46!1)|ἦν (LUK 14:2!5; LUK 18:2!4; LUK 18:3!3; LUK 1:10!5; LUK 1:66!21; LUK 1:80!9; LUK 22:56!18; LUK 22:59!16; LUK 2:25!23; LUK 2:25!4; LUK 2:40!12; LUK 4:33!5; LUK 6:6!14; LUK 7:12!26; LUK 7:37!5)|ἦσαν (LUK 24:10!1; LUK 24:53!2; LUK 2:8!3; LUK 5:29!19)|Ἦν (LUK 15:25!1; LUK 8:32!1)|Ἦσαν (LUK 15:1!1)|ὄντα (LUK 23:7!13)|ὄντες (LUK 6:3!21)|ὄντος (LUK 14:32!7; LUK 22:53!3)|ὑπέμεινεν (LUK 2:43!9)|ὢν (LUK 24:44!14; LUK 24:6!11)|ᾖ (LUK 10:6!3)|ῥίψαν (LUK 4:35!13)
8.5.4,Area,2,7,19,"80.1, 80.6",περάτων (LUK 11:31!20)|τόπον (LUK 10:1!24; LUK 10:32!7; LUK 14:10!9; LUK 14:9!12; LUK 14:9!20; LUK 16:28!15; LUK 19:5!6; LUK 23:33!6; LUK 4:37!8; LUK 4:42!8)|τόπος (LUK 14:22!11; LUK 2:7!20)|τόπου (LUK 22:40!5; LUK 6:17!7)|τόπους (LUK 21:11!6)|τόπων (LUK 11:24!12)|τόπῳ (LUK 11:1!8; LUK 9:12!31)
9,General words,53,158,552,"13.1, 13.104, 13.105, 13.106, 13.107, 13.111, 13.112, 13.115, 13.116, 13.117, 13.119, 13.120, 13.122, 13.123, 13.126, 13.127, 13.128, 13.13, 13.138, 13.140, 13.142, 13.145, 13.146, 13.153, 13.154, 13.17, 13.19, 13.2, 13.25, 13.29, 13.3, 13.37, 13.4, 13.48, 13.49, 13.5, 13.50, 13.51, 13.59, 13.60, 13.62, 13.64, 13.65, 13.69, 13.73, 13.78, 13.8, 13.83, 13.85, 13.86, 13.9, 13.93, 13.99",Γενομένης (LUK 4:42!1)|Δὸς (LUK 14:9!10)|γέγονεν (LUK 14:22!6)|γένηται (LUK 14:12!34; LUK 1:20!12; LUK 20:14!18; LUK 21:32!14; LUK 23:31!13; LUK 4:3!16)|γένοιτο (LUK 20:16!16)|γένοιτό (LUK 1:38!8)|γίνεσθαι (LUK 21:28!4; LUK 21:36!14; LUK 21:7!17)|γίνεσθε (LUK 12:40!3; LUK 6:36!1)|γίνεται (LUK 11:26!15; LUK 12:54!18; LUK 12:55!10; LUK 15:10!4; LUK 20:33!9)|γίνου (LUK 19:19!8)|γεγονέναι (LUK 10:36!8)|γεγονός (LUK 24:12!21; LUK 8:56!13)|γεγονὸς (LUK 2:15!27; LUK 8:34!6; LUK 8:35!5)|γενέσθαι (LUK 21:9!12; LUK 23:24!4)|γενήματος (LUK 22:18!12)|γενήσεται (LUK 8:17!8)|γενομένην (LUK 23:19!6)|γενομένης (LUK 6:48!18)|γενομένων (LUK 24:5!3)|γενόμενα (LUK 23:48!12; LUK 24:18!17; LUK 4:23!16)|γενόμεναι (LUK 10:13!17)|γενόμενοι (LUK 1:2!10; LUK 24:37!5)|γενόμενον (LUK 23:47!6)|γενόμενος (LUK 22:44!2)|γινέσθω (LUK 22:26!10; LUK 22:42!19)|γινομένοις (LUK 13:17!20)|γινόμενα (LUK 21:31!7; LUK 9:7!7)|γινόμενον (LUK 23:8!29)|δέδοται (LUK 8:10!5)|διετήρει (LUK 2:51!17)|δοῦναι (LUK 1:73!10)|εἰμί (LUK 22:58!19)|εἰμι (LUK 19:22!16; LUK 1:18!13; LUK 1:19!8; LUK 21:8!16; LUK 22:27!17; LUK 22:33!9; LUK 22:70!20; LUK 24:39!11; LUK 5:8!16; LUK 7:6!28; LUK 7:8!5)|εἰμὶ (LUK 15:19!2; LUK 15:21!15; LUK 18:11!14; LUK 3:16!18)|εἰς (LUK 11:4!18; LUK 13:19!16; LUK 18:17!17; LUK 18:24!13; LUK 18:25!11; LUK 20:17!19; LUK 22:33!14; LUK 22:40!11; LUK 22:46!11; LUK 24:20!11; LUK 24:26!9; LUK 3:5!14; LUK 3:5!19; LUK 7:50!12; LUK 8:48!12)|εἰσιν (LUK 12:38!15; LUK 16:8!29; LUK 20:36!11; LUK 20:36!8; LUK 21:22!5; LUK 7:32!2; LUK 8:12!6; LUK 8:14!8; LUK 8:15!8; LUK 8:21!13)|εἰσὶν (LUK 13:14!18; LUK 13:30!3; LUK 13:30!9; LUK 18:9!11; LUK 7:31!11; LUK 9:13!13)|εἴα (LUK 4:41!20)|εἴη (LUK 15:26!9; LUK 18:36!7; LUK 1:29!10; LUK 22:23!10; LUK 3:15!17; LUK 8:9!9; LUK 9:46!9)|εἶ (LUK 19:21!7; LUK 22:58!12; LUK 22:67!4; LUK 22:70!6; LUK 23:3!8; LUK 23:37!5; LUK 23:39!11; LUK 23:40!18; LUK 3:22!19; LUK 4:3!8; LUK 4:34!14; LUK 4:41!12; LUK 4:9!18; LUK 7:19!7; LUK 7:20!17)|εἶναί (LUK 14:26!35; LUK 14:27!13; LUK 14:33!15)|εἶναι (LUK 11:8!11; LUK 20:20!8; LUK 20:27!10; LUK 20:41!9; LUK 20:6!16; LUK 22:24!11; LUK 23:2!22; LUK 4:41!28; LUK 9:18!23; LUK 9:18!5; LUK 9:20!9)|εὗρες (LUK 1:30!9)|καρποὺς (LUK 3:8!3)|κεῖται (LUK 2:34!14)|κωλύετε (LUK 18:16!15; LUK 9:50!8)|κωλύοντα (LUK 23:2!13)|κωλύσῃς (LUK 6:29!22)|μετασταθῶ (LUK 16:4!6)|οὔσῃ (LUK 2:5!7)|οὖσα (LUK 8:43!3)|οὖσαν (LUK 13:16!5)|πάρεχε (LUK 11:7!8; LUK 6:29!7)|παρέλθῃ (LUK 21:32!7)|παρέξῃ (LUK 7:4!15)|παρέχειν (LUK 18:5!4)|παρελεύσονται (LUK 21:33!13; LUK 21:33!6)|παρελθεῖν (LUK 16:17!9)|παρεῖναι (LUK 11:42!31)|πεπλήρωται (LUK 4:21!8)|πεπληροφορημένων (LUK 1:1!8)|πληροῦν (LUK 9:31!11)|πληρωθήσονται (LUK 1:20!22)|πληρωθῆναι (LUK 24:44!19)|πληρωθῇ (LUK 22:16!11)|πλησθῆναι (LUK 21:22!7)|ποίησόν (LUK 15:19!7)|ποιήσατε (LUK 16:9!6; LUK 3:8!1)|ποιεῖτε (LUK 3:4!19)|πραγμάτων (LUK 1:1!11)|προφέρει (LUK 6:45!11; LUK 6:45!20)|προϋπῆρχον (LUK 23:12!16)|πτῶσιν (LUK 2:34!16)|σταθήσεται (LUK 11:18!10)|συγκυρίαν (LUK 10:31!2)|συμβεβηκότων (LUK 24:14!9)|συνήντησεν (LUK 9:37!11)|συναντήσει (LUK 22:10!11)|τασσόμενος (LUK 7:8!8)|τελείωσις (LUK 1:45!7)|τελεσθήσεται (LUK 18:31!13)|τελεσθῆναι (LUK 22:37!9)|τελεσθῇ (LUK 12:50!10)|φυλάσσεσθε (LUK 12:15!7)|ἀνάστασιν (LUK 2:34!18)|ἀνέκλειπτον (LUK 12:33!14)|ἀπεκατεστάθη (LUK 6:10!15)|ἀπῆλθεν (LUK 5:13!14)|ἀφῆκεν (LUK 12:39!16; LUK 4:39!9; LUK 8:51!7)|ἄφες (LUK 6:42!8)|Ἄφετε (LUK 18:16!7)|ἐγένεσθε (LUK 16:11!9; LUK 16:12!8)|ἐγένετο (LUK 10:21!38; LUK 11:1!2; LUK 11:14!6; LUK 11:30!3; LUK 13:19!15; LUK 14:1!2; LUK 15:14!5; LUK 16:22!1; LUK 17:11!2; LUK 17:14!11; LUK 17:26!3; LUK 17:28!3; LUK 19:15!2; LUK 19:29!2; LUK 19:9!13; LUK 1:23!2; LUK 1:41!2; LUK 1:59!2; LUK 1:65!2; LUK 20:1!2; LUK 22:14!3; LUK 22:44!8; LUK 22:66!3; LUK 23:44!9; LUK 24:15!2; LUK 24:19!15; LUK 24:21!25; LUK 24:30!2; LUK 24:31!12; LUK 24:4!2; LUK 24:51!2; LUK 2:15!2; LUK 2:2!4; LUK 2:42!3; LUK 2:46!2; LUK 2:6!1; LUK 3:2!6; LUK 4:25!27; LUK 4:36!2; LUK 5:12!2; LUK 5:17!2; LUK 6:13!3; LUK 6:16!8; LUK 6:49!25; LUK 7:11!2; LUK 8:1!2; LUK 8:24!23; LUK 9:18!2; LUK 9:29!2; LUK 9:33!2; LUK 9:34!5)|ἐγένοντο (LUK 13:2!15; LUK 13:4!20; LUK 23:12!1)|ἐγένου (LUK 19:17!11)|ἐγενήθη (LUK 18:23!6; LUK 20:17!18)|ἐγενήθησαν (LUK 10:13!13)|ἐγεῖραι (LUK 3:8!28)|ἐζήτει (LUK 22:6!4)|ἐκωλύομεν (LUK 9:49!15)|ἐκωλύσατε (LUK 11:52!17)|ἐλεύσονται (LUK 21:6!4; LUK 5:35!1)|ἐλθέτω (LUK 11:2!12)|ἐλθεῖν (LUK 17:1!13)|ἐλθὼν (LUK 15:17!4)|ἐν (LUK 10:13!22; LUK 10:9!4; LUK 11:21!9; LUK 11:35!7; LUK 12:27!15; LUK 16:23!10; LUK 1:75!1; LUK 21:25!16; LUK 22:44!3; LUK 23:12!18; LUK 2:29!11; LUK 4:18!21; LUK 7:25!12; LUK 7:25!6; LUK 8:43!4)|ἐπέπεσεν (LUK 1:12!7)|ἐπέτρεψεν (LUK 8:32!21)|ἐπίτρεψόν (LUK 9:59!11; LUK 9:61!10)|ἐπαναπαήσεται (LUK 10:6!7)|ἐπεισελεύσεται (LUK 21:35!3)|ἐπιστῇ (LUK 21:34!17)|ἐπιτρέψῃ (LUK 8:32!15)|ἐποίησεν (LUK 5:29!2)|ἐποιήσατε (LUK 19:46!14)|ἐρχομένῳ (LUK 18:30!15)|ἐσμεν (LUK 17:10!14)|ἐστέ (LUK 24:38!6)|ἐστίν (LUK 10:29!12; LUK 11:35!10; LUK 14:22!12; LUK 6:32!10; LUK 6:33!10; LUK 6:34!11; LUK 6:36!8)|ἐστε (LUK 11:48!3; LUK 16:15!5; LUK 22:28!3; LUK 24:48!2; LUK 6:22!2)|ἐστιν (LUK 10:22!12; LUK 10:22!21; LUK 10:42!3; LUK 11:23!8; LUK 11:29!12; LUK 11:34!21; LUK 11:34!5; LUK 11:41!11; LUK 12:15!20; LUK 12:23!5; LUK 14:17!17; LUK 14:31!16; LUK 14:35!8; LUK 15:31!16; LUK 16:10!19; LUK 16:10!9; LUK 16:17!3; LUK 17:1!8; LUK 18:25!3; LUK 18:27!12; LUK 18:29!10; LUK 19:3!7; LUK 19:9!19; LUK 1:61!7; LUK 20:14!11; LUK 20:17!8; LUK 20:2!15; LUK 20:44!10; LUK 20:6!13; LUK 21:31!11; LUK 22:38!14; LUK 22:59!20; LUK 22:64!8; LUK 23:35!18; LUK 23:6!9; LUK 24:21!6; LUK 4:22!22; LUK 4:24!10; LUK 5:21!11; LUK 5:23!2; LUK 5:39!12; LUK 6:35!25; LUK 6:43!3; LUK 6:48!2; LUK 6:49!8; LUK 6:5!5; LUK 7:23!3; LUK 7:27!2; LUK 7:28!20; LUK 7:28!9; LUK 7:39!28; LUK 7:4!13; LUK 7:49!10; LUK 8:17!3; LUK 8:25!17; LUK 8:30!9; LUK 9:33!17; LUK 9:35!9; LUK 9:38!20; LUK 9:48!33; LUK 9:50!17; LUK 9:62!17; LUK 9:9!10)|ἐστὲ (LUK 11:44!4)|ἐστὶν (LUK 11:21!11; LUK 12:1!24; LUK 12:2!4; LUK 12:42!7; LUK 13:18!5; LUK 13:19!2; LUK 13:21!2; LUK 18:16!20; LUK 1:36!18; LUK 1:63!7; LUK 22:53!18; LUK 23:15!14; LUK 23:7!8; LUK 24:29!11; LUK 6:20!17; LUK 6:47!17; LUK 8:11!8)|ἐσόμενον (LUK 22:49!7)|ἔδωκεν (LUK 18:43!15)|ἔλθῃ (LUK 22:18!21; LUK 8:17!18)|ἔρχεται (LUK 17:1!18; LUK 17:20!17; LUK 17:20!7)|ἔρχονται (LUK 23:29!3)|ἔσεσθε (LUK 21:17!2; LUK 6:35!19)|ἔσονται (LUK 11:19!20; LUK 13:30!12; LUK 13:30!6; LUK 21:11!10; LUK 21:25!2)|ἔσται (LUK 10:12!10; LUK 10:14!6; LUK 11:30!9; LUK 11:36!13; LUK 12:20!20; LUK 12:55!8; LUK 14:10!22; LUK 17:24!17; LUK 17:26!9; LUK 17:30!4; LUK 19:46!5; LUK 1:14!2; LUK 1:15!1; LUK 1:32!2; LUK 1:33!15; LUK 1:34!8; LUK 1:45!6; LUK 1:66!16; LUK 21:11!18; LUK 21:23!13; LUK 21:24!13; LUK 21:7!9; LUK 22:69!5; LUK 2:10!15; LUK 3:5!11; LUK 4:7!7; LUK 6:35!13; LUK 6:40!10)|ἔστιν (LUK 12:24!11; LUK 12:6!12; LUK 20:38!4; LUK 6:40!2)|ἔσῃ (LUK 14:14!3; LUK 1:20!3; LUK 5:10!27)|ἔφθασεν (LUK 11:20!10)|ἔχει (LUK 20:24!5; LUK 22:37!23)|Ἐγένετο (LUK 11:27!1; LUK 18:35!1; LUK 1:8!1; LUK 22:24!1; LUK 2:1!1; LUK 5:1!1; LUK 6:12!1; LUK 8:22!1; LUK 9:28!1; LUK 9:37!1; LUK 9:51!1)|Ἐλεύσονται (LUK 17:22!6)|Ἔστιν (LUK 8:11!1)|Ἔστωσαν (LUK 12:35!1)|ἠγέρθη (LUK 7:16!13)|ἤγειρεν (LUK 1:69!2)|ἥξει (LUK 13:35!15)|ἥξουσιν (LUK 19:43!2)|ἦλθεν (LUK 17:27!14)|ἦν (LUK 10:39!3; LUK 11:14!2; LUK 13:11!10; LUK 15:24!10; LUK 15:24!7; LUK 15:32!12; LUK 16:1!9; LUK 16:19!4; LUK 17:16!13; LUK 18:23!7; LUK 18:34!7; LUK 19:3!18; LUK 19:47!2; LUK 1:21!2; LUK 1:22!17; LUK 1:7!3; LUK 1:7!7; LUK 20:4!6; LUK 23:19!2; LUK 23:38!1; LUK 23:44!2; LUK 23:47!16; LUK 23:51!3; LUK 23:53!14; LUK 23:54!3; LUK 23:8!9; LUK 24:32!10; LUK 2:26!2; LUK 2:33!2; LUK 2:36!2; LUK 2:51!10; LUK 2:7!18; LUK 3:23!3; LUK 4:16!6; LUK 4:17!16; LUK 4:31!9; LUK 4:32!10; LUK 4:38!15; LUK 4:44!2; LUK 5:1!17; LUK 5:16!3; LUK 5:17!32; LUK 5:17!9; LUK 5:18!9; LUK 5:29!12; LUK 5:3!8; LUK 6:12!14; LUK 6:6!23; LUK 7:12!19; LUK 7:2!10; LUK 7:39!14; LUK 8:42!4; LUK 9:45!8; LUK 9:53!9)|ἦσαν (LUK 14:1!19; LUK 1:6!1; LUK 1:7!18; LUK 20:29!4; LUK 23:55!6; LUK 24:13!10; LUK 4:20!16; LUK 4:25!8; LUK 4:27!4; LUK 5:10!10; LUK 5:17!12; LUK 5:17!18; LUK 7:41!3; LUK 8:2!5; LUK 8:40!11; LUK 9:14!1; LUK 9:30!8; LUK 9:32!8)|Ἦλθεν (LUK 22:7!1)|Ἦν (LUK 13:10!1; LUK 21:37!1)|ἴσθι (LUK 19:17!12)|ὄντα (LUK 12:28!7; LUK 22:3!9)|ὄντες (LUK 20:36!16; LUK 23:12!20)|ὑπάρχοντες (LUK 11:13!5; LUK 16:14!8; LUK 7:25!17)|ὑπάρχων (LUK 16:23!9; LUK 23:50!7; LUK 9:48!31)|ὑπῆρχεν (LUK 8:41!13)|ὢν (LUK 11:23!3; LUK 3:23!9)|ᾖ (LUK 11:34!14; LUK 11:34!25; LUK 14:8!15; LUK 20:28!15)|ῥήματα (LUK 1:65!19; LUK 2:19!7; LUK 2:51!20)|ῥῆμα (LUK 1:37!8; LUK 2:15!24)
9.1,Grammar,53,158,552,"13.1, 13.104, 13.105, 13.106, 13.107, 13.111, 13.112, 13.115, 13.116, 13.117, 13.119, 13.120, 13.122, 13.123, 13.126, 13.127, 13.128, 13.13, 13.138, 13.140, 13.142, 13.145, 13.146, 13.153, 13.154, 13.17, 13.19, 13.2, 13.25, 13.29, 13.3, 13.37, 13.4, 13.48, 13.49, 13.5, 13.50, 13.51, 13.59, 13.60, 13.62, 13.64, 13.65, 13.69, 13.73, 13.78, 13.8, 13.83, 13.85, 13.86, 13.9, 13.93, 13.99",Γενομένης (LUK 4:42!1)|Δὸς (LUK 14:9!10)|γέγονεν (LUK 14:22!6)|γένηται (LUK 14:12!34; LUK 1:20!12; LUK 20:14!18; LUK 21:32!14; LUK 23:31!13; LUK 4:3!16)|γένοιτο (LUK 20:16!16)|γένοιτό (LUK 1:38!8)|γίνεσθαι (LUK 21:28!4; LUK 21:36!14; LUK 21:7!17)|γίνεσθε (LUK 12:40!3; LUK 6:36!1)|γίνεται (LUK 11:26!15; LUK 12:54!18; LUK 12:55!10; LUK 15:10!4; LUK 20:33!9)|γίνου (LUK 19:19!8)|γεγονέναι (LUK 10:36!8)|γεγονός (LUK 24:12!21; LUK 8:56!13)|γεγονὸς (LUK 2:15!27; LUK 8:34!6; LUK 8:35!5)|γενέσθαι (LUK 21:9!12; LUK 23:24!4)|γενήματος (LUK 22:18!12)|γενήσεται (LUK 8:17!8)|γενομένην (LUK 23:19!6)|γενομένης (LUK 6:48!18)|γενομένων (LUK 24:5!3)|γενόμενα (LUK 23:48!12; LUK 24:18!17; LUK 4:23!16)|γενόμεναι (LUK 10:13!17)|γενόμενοι (LUK 1:2!10; LUK 24:37!5)|γενόμενον (LUK 23:47!6)|γενόμενος (LUK 22:44!2)|γινέσθω (LUK 22:26!10; LUK 22:42!19)|γινομένοις (LUK 13:17!20)|γινόμενα (LUK 21:31!7; LUK 9:7!7)|γινόμενον (LUK 23:8!29)|δέδοται (LUK 8:10!5)|διετήρει (LUK 2:51!17)|δοῦναι (LUK 1:73!10)|εἰμί (LUK 22:58!19)|εἰμι (LUK 19:22!16; LUK 1:18!13; LUK 1:19!8; LUK 21:8!16; LUK 22:27!17; LUK 22:33!9; LUK 22:70!20; LUK 24:39!11; LUK 5:8!16; LUK 7:6!28; LUK 7:8!5)|εἰμὶ (LUK 15:19!2; LUK 15:21!15; LUK 18:11!14; LUK 3:16!18)|εἰς (LUK 11:4!18; LUK 13:19!16; LUK 18:17!17; LUK 18:24!13; LUK 18:25!11; LUK 20:17!19; LUK 22:33!14; LUK 22:40!11; LUK 22:46!11; LUK 24:20!11; LUK 24:26!9; LUK 3:5!14; LUK 3:5!19; LUK 7:50!12; LUK 8:48!12)|εἰσιν (LUK 12:38!15; LUK 16:8!29; LUK 20:36!11; LUK 20:36!8; LUK 21:22!5; LUK 7:32!2; LUK 8:12!6; LUK 8:14!8; LUK 8:15!8; LUK 8:21!13)|εἰσὶν (LUK 13:14!18; LUK 13:30!3; LUK 13:30!9; LUK 18:9!11; LUK 7:31!11; LUK 9:13!13)|εἴα (LUK 4:41!20)|εἴη (LUK 15:26!9; LUK 18:36!7; LUK 1:29!10; LUK 22:23!10; LUK 3:15!17; LUK 8:9!9; LUK 9:46!9)|εἶ (LUK 19:21!7; LUK 22:58!12; LUK 22:67!4; LUK 22:70!6; LUK 23:3!8; LUK 23:37!5; LUK 23:39!11; LUK 23:40!18; LUK 3:22!19; LUK 4:3!8; LUK 4:34!14; LUK 4:41!12; LUK 4:9!18; LUK 7:19!7; LUK 7:20!17)|εἶναί (LUK 14:26!35; LUK 14:27!13; LUK 14:33!15)|εἶναι (LUK 11:8!11; LUK 20:20!8; LUK 20:27!10; LUK 20:41!9; LUK 20:6!16; LUK 22:24!11; LUK 23:2!22; LUK 4:41!28; LUK 9:18!23; LUK 9:18!5; LUK 9:20!9)|εὗρες (LUK 1:30!9)|καρποὺς (LUK 3:8!3)|κεῖται (LUK 2:34!14)|κωλύετε (LUK 18:16!15; LUK 9:50!8)|κωλύοντα (LUK 23:2!13)|κωλύσῃς (LUK 6:29!22)|μετασταθῶ (LUK 16:4!6)|οὔσῃ (LUK 2:5!7)|οὖσα (LUK 8:43!3)|οὖσαν (LUK 13:16!5)|πάρεχε (LUK 11:7!8; LUK 6:29!7)|παρέλθῃ (LUK 21:32!7)|παρέξῃ (LUK 7:4!15)|παρέχειν (LUK 18:5!4)|παρελεύσονται (LUK 21:33!13; LUK 21:33!6)|παρελθεῖν (LUK 16:17!9)|παρεῖναι (LUK 11:42!31)|πεπλήρωται (LUK 4:21!8)|πεπληροφορημένων (LUK 1:1!8)|πληροῦν (LUK 9:31!11)|πληρωθήσονται (LUK 1:20!22)|πληρωθῆναι (LUK 24:44!19)|πληρωθῇ (LUK 22:16!11)|πλησθῆναι (LUK 21:22!7)|ποίησόν (LUK 15:19!7)|ποιήσατε (LUK 16:9!6; LUK 3:8!1)|ποιεῖτε (LUK 3:4!19)|πραγμάτων (LUK 1:1!11)|προφέρει (LUK 6:45!11; LUK 6:45!20)|προϋπῆρχον (LUK 23:12!16)|πτῶσιν (LUK 2:34!16)|σταθήσεται (LUK 11:18!10)|συγκυρίαν (LUK 10:31!2)|συμβεβηκότων (LUK 24:14!9)|συνήντησεν (LUK 9:37!11)|συναντήσει (LUK 22:10!11)|τασσόμενος (LUK 7:8!8)|τελείωσις (LUK 1:45!7)|τελεσθήσεται (LUK 18:31!13)|τελεσθῆναι (LUK 22:37!9)|τελεσθῇ (LUK 12:50!10)|φυλάσσεσθε (LUK 12:15!7)|ἀνάστασιν (LUK 2:34!18)|ἀνέκλειπτον (LUK 12:33!14)|ἀπεκατεστάθη (LUK 6:10!15)|ἀπῆλθεν (LUK 5:13!14)|ἀφῆκεν (LUK 12:39!16; LUK 4:39!9; LUK 8:51!7)|ἄφες (LUK 6:42!8)|Ἄφετε (LUK 18:16!7)|ἐγένεσθε (LUK 16:11!9; LUK 16:12!8)|ἐγένετο (LUK 10:21!38; LUK 11:1!2; LUK 11:14!6; LUK 11:30!3; LUK 13:19!15; LUK 14:1!2; LUK 15:14!5; LUK 16:22!1; LUK 17:11!2; LUK 17:14!11; LUK 17:26!3; LUK 17:28!3; LUK 19:15!2; LUK 19:29!2; LUK 19:9!13; LUK 1:23!2; LUK 1:41!2; LUK 1:59!2; LUK 1:65!2; LUK 20:1!2; LUK 22:14!3; LUK 22:44!8; LUK 22:66!3; LUK 23:44!9; LUK 24:15!2; LUK 24:19!15; LUK 24:21!25; LUK 24:30!2; LUK 24:31!12; LUK 24:4!2; LUK 24:51!2; LUK 2:15!2; LUK 2:2!4; LUK 2:42!3; LUK 2:46!2; LUK 2:6!1; LUK 3:2!6; LUK 4:25!27; LUK 4:36!2; LUK 5:12!2; LUK 5:17!2; LUK 6:13!3; LUK 6:16!8; LUK 6:49!25; LUK 7:11!2; LUK 8:1!2; LUK 8:24!23; LUK 9:18!2; LUK 9:29!2; LUK 9:33!2; LUK 9:34!5)|ἐγένοντο (LUK 13:2!15; LUK 13:4!20; LUK 23:12!1)|ἐγένου (LUK 19:17!11)|ἐγενήθη (LUK 18:23!6; LUK 20:17!18)|ἐγενήθησαν (LUK 10:13!13)|ἐγεῖραι (LUK 3:8!28)|ἐζήτει (LUK 22:6!4)|ἐκωλύομεν (LUK 9:49!15)|ἐκωλύσατε (LUK 11:52!17)|ἐλεύσονται (LUK 21:6!4; LUK 5:35!1)|ἐλθέτω (LUK 11:2!12)|ἐλθεῖν (LUK 17:1!13)|ἐλθὼν (LUK 15:17!4)|ἐν (LUK 10:13!22; LUK 10:9!4; LUK 11:21!9; LUK 11:35!7; LUK 12:27!15; LUK 16:23!10; LUK 1:75!1; LUK 21:25!16; LUK 22:44!3; LUK 23:12!18; LUK 2:29!11; LUK 4:18!21; LUK 7:25!12; LUK 7:25!6; LUK 8:43!4)|ἐπέπεσεν (LUK 1:12!7)|ἐπέτρεψεν (LUK 8:32!21)|ἐπίτρεψόν (LUK 9:59!11; LUK 9:61!10)|ἐπαναπαήσεται (LUK 10:6!7)|ἐπεισελεύσεται (LUK 21:35!3)|ἐπιστῇ (LUK 21:34!17)|ἐπιτρέψῃ (LUK 8:32!15)|ἐποίησεν (LUK 5:29!2)|ἐποιήσατε (LUK 19:46!14)|ἐρχομένῳ (LUK 18:30!15)|ἐσμεν (LUK 17:10!14)|ἐστέ (LUK 24:38!6)|ἐστίν (LUK 10:29!12; LUK 11:35!10; LUK 14:22!12; LUK 6:32!10; LUK 6:33!10; LUK 6:34!11; LUK 6:36!8)|ἐστε (LUK 11:48!3; LUK 16:15!5; LUK 22:28!3; LUK 24:48!2; LUK 6:22!2)|ἐστιν (LUK 10:22!12; LUK 10:22!21; LUK 10:42!3; LUK 11:23!8; LUK 11:29!12; LUK 11:34!21; LUK 11:34!5; LUK 11:41!11; LUK 12:15!20; LUK 12:23!5; LUK 14:17!17; LUK 14:31!16; LUK 14:35!8; LUK 15:31!16; LUK 16:10!19; LUK 16:10!9; LUK 16:17!3; LUK 17:1!8; LUK 18:25!3; LUK 18:27!12; LUK 18:29!10; LUK 19:3!7; LUK 19:9!19; LUK 1:61!7; LUK 20:14!11; LUK 20:17!8; LUK 20:2!15; LUK 20:44!10; LUK 20:6!13; LUK 21:31!11; LUK 22:38!14; LUK 22:59!20; LUK 22:64!8; LUK 23:35!18; LUK 23:6!9; LUK 24:21!6; LUK 4:22!22; LUK 4:24!10; LUK 5:21!11; LUK 5:23!2; LUK 5:39!12; LUK 6:35!25; LUK 6:43!3; LUK 6:48!2; LUK 6:49!8; LUK 6:5!5; LUK 7:23!3; LUK 7:27!2; LUK 7:28!20; LUK 7:28!9; LUK 7:39!28; LUK 7:4!13; LUK 7:49!10; LUK 8:17!3; LUK 8:25!17; LUK 8:30!9; LUK 9:33!17; LUK 9:35!9; LUK 9:38!20; LUK 9:48!33; LUK 9:50!17; LUK 9:62!17; LUK 9:9!10)|ἐστὲ (LUK 11:44!4)|ἐστὶν (LUK 11:21!11; LUK 12:1!24; LUK 12:2!4; LUK 12:42!7; LUK 13:18!5; LUK 13:19!2; LUK 13:21!2; LUK 18:16!20; LUK 1:36!18; LUK 1:63!7; LUK 22:53!18; LUK 23:15!14; LUK 23:7!8; LUK 24:29!11; LUK 6:20!17; LUK 6:47!17; LUK 8:11!8)|ἐσόμενον (LUK 22:49!7)|ἔδωκεν (LUK 18:43!15)|ἔλθῃ (LUK 22:18!21; LUK 8:17!18)|ἔρχεται (LUK 17:1!18; LUK 17:20!17; LUK 17:20!7)|ἔρχονται (LUK 23:29!3)|ἔσεσθε (LUK 21:17!2; LUK 6:35!19)|ἔσονται (LUK 11:19!20; LUK 13:30!12; LUK 13:30!6; LUK 21:11!10; LUK 21:25!2)|ἔσται (LUK 10:12!10; LUK 10:14!6; LUK 11:30!9; LUK 11:36!13; LUK 12:20!20; LUK 12:55!8; LUK 14:10!22; LUK 17:24!17; LUK 17:26!9; LUK 17:30!4; LUK 19:46!5; LUK 1:14!2; LUK 1:15!1; LUK 1:32!2; LUK 1:33!15; LUK 1:34!8; LUK 1:45!6; LUK 1:66!16; LUK 21:11!18; LUK 21:23!13; LUK 21:24!13; LUK 21:7!9; LUK 22:69!5; LUK 2:10!15; LUK 3:5!11; LUK 4:7!7; LUK 6:35!13; LUK 6:40!10)|ἔστιν (LUK 12:24!11; LUK 12:6!12; LUK 20:38!4; LUK 6:40!2)|ἔσῃ (LUK 14:14!3; LUK 1:20!3; LUK 5:10!27)|ἔφθασεν (LUK 11:20!10)|ἔχει (LUK 20:24!5; LUK 22:37!23)|Ἐγένετο (LUK 11:27!1; LUK 18:35!1; LUK 1:8!1; LUK 22:24!1; LUK 2:1!1; LUK 5:1!1; LUK 6:12!1; LUK 8:22!1; LUK 9:28!1; LUK 9:37!1; LUK 9:51!1)|Ἐλεύσονται (LUK 17:22!6)|Ἔστιν (LUK 8:11!1)|Ἔστωσαν (LUK 12:35!1)|ἠγέρθη (LUK 7:16!13)|ἤγειρεν (LUK 1:69!2)|ἥξει (LUK 13:35!15)|ἥξουσιν (LUK 19:43!2)|ἦλθεν (LUK 17:27!14)|ἦν (LUK 10:39!3; LUK 11:14!2; LUK 13:11!10; LUK 15:24!10; LUK 15:24!7; LUK 15:32!12; LUK 16:1!9; LUK 16:19!4; LUK 17:16!13; LUK 18:23!7; LUK 18:34!7; LUK 19:3!18; LUK 19:47!2; LUK 1:21!2; LUK 1:22!17; LUK 1:7!3; LUK 1:7!7; LUK 20:4!6; LUK 23:19!2; LUK 23:38!1; LUK 23:44!2; LUK 23:47!16; LUK 23:51!3; LUK 23:53!14; LUK 23:54!3; LUK 23:8!9; LUK 24:32!10; LUK 2:26!2; LUK 2:33!2; LUK 2:36!2; LUK 2:51!10; LUK 2:7!18; LUK 3:23!3; LUK 4:16!6; LUK 4:17!16; LUK 4:31!9; LUK 4:32!10; LUK 4:38!15; LUK 4:44!2; LUK 5:1!17; LUK 5:16!3; LUK 5:17!32; LUK 5:17!9; LUK 5:18!9; LUK 5:29!12; LUK 5:3!8; LUK 6:12!14; LUK 6:6!23; LUK 7:12!19; LUK 7:2!10; LUK 7:39!14; LUK 8:42!4; LUK 9:45!8; LUK 9:53!9)|ἦσαν (LUK 14:1!19; LUK 1:6!1; LUK 1:7!18; LUK 20:29!4; LUK 23:55!6; LUK 24:13!10; LUK 4:20!16; LUK 4:25!8; LUK 4:27!4; LUK 5:10!10; LUK 5:17!12; LUK 5:17!18; LUK 7:41!3; LUK 8:2!5; LUK 8:40!11; LUK 9:14!1; LUK 9:30!8; LUK 9:32!8)|Ἦλθεν (LUK 22:7!1)|Ἦν (LUK 13:10!1; LUK 21:37!1)|ἴσθι (LUK 19:17!12)|ὄντα (LUK 12:28!7; LUK 22:3!9)|ὄντες (LUK 20:36!16; LUK 23:12!20)|ὑπάρχοντες (LUK 11:13!5; LUK 16:14!8; LUK 7:25!17)|ὑπάρχων (LUK 16:23!9; LUK 23:50!7; LUK 9:48!31)|ὑπῆρχεν (LUK 8:41!13)|ὢν (LUK 11:23!3; LUK 3:23!9)|ᾖ (LUK 11:34!14; LUK 11:34!25; LUK 14:8!15; LUK 20:28!15)|ῥήματα (LUK 1:65!19; LUK 2:19!7; LUK 2:51!20)|ῥῆμα (LUK 1:37!8; LUK 2:15!24)
9.1.2,Do,8,42,69,"42.11, 42.29, 42.37, 42.41, 42.43, 42.47, 42.7, 42.8",Ποίησον (LUK 7:8!28)|καταβολῆς (LUK 11:50!11)|κοπιάσαντες (LUK 5:5!9)|κοπιᾷ (LUK 12:27!7)|πεποίηκεν (LUK 1:25!4)|πεποιήκαμεν (LUK 17:10!18)|πεπραγμένον (LUK 23:15!15)|ποίει (LUK 10:28!7; LUK 10:37!18)|ποίησον (LUK 4:23!20)|ποιήσαιεν (LUK 6:11!11)|ποιήσαντες (LUK 5:6!3)|ποιήσας (LUK 10:25!11; LUK 11:40!4; LUK 12:47!16; LUK 12:48!5; LUK 18:18!10; LUK 6:49!6)|ποιήσατε (LUK 12:33!8)|ποιήσητε (LUK 17:10!5)|ποιήσω (LUK 12:17!7; LUK 12:18!4; LUK 16:3!8; LUK 16:4!3; LUK 20:13!8)|ποιήσωμεν (LUK 3:10!9; LUK 3:12!12; LUK 3:14!8; LUK 9:33!22)|ποιήσωσιν (LUK 19:48!6)|ποιείτω (LUK 3:11!18)|ποιεῖ (LUK 7:8!31)|ποιεῖς (LUK 20:2!12)|ποιεῖτε (LUK 22:19!20; LUK 6:2!7; LUK 6:27!11; LUK 6:46!9)|ποιοῦντα (LUK 12:43!11)|ποιοῦντες (LUK 8:21!21)|ποιοῦσιν (LUK 23:31!8; LUK 23:34!12; LUK 6:33!16)|ποιῆσαι (LUK 11:42!28; LUK 12:4!21; LUK 17:10!17; LUK 2:27!19)|ποιῇς (LUK 14:12!8; LUK 14:13!4)|ποιῶ (LUK 20:8!14)|ποιῶν (LUK 6:47!12)|πράξει (LUK 23:51!9)|πράσσειν (LUK 22:23!16)|ἐποίει (LUK 9:43!15)|ἐποίησαν (LUK 9:10!8; LUK 9:15!2)|ἐποίησεν (LUK 11:40!10; LUK 16:8!11; LUK 17:9!7; LUK 6:10!13; LUK 6:3!12)|ἐπράξαμεν (LUK 23:41!8)|ἐργάζεσθαι (LUK 13:14!22)|ἐργάται (LUK 10:2!11)|ἐργάτας (LUK 10:2!20)|ἐργάτης (LUK 10:7!16)|ἔπραξεν (LUK 23:41!14)|ἔργοις (LUK 11:48!7)|ἔργῳ (LUK 24:19!20)|Ἐποίησεν (LUK 1:51!1)
9.2,Part of speech,29,242,5229,"92.1, 92.10, 92.11, 92.12, 92.14, 92.15, 92.16, 92.17, 92.18, 92.2, 92.20, 92.22, 92.23, 92.24, 92.25, 92.26, 92.27, 92.29, 92.3, 92.30, 92.31, 92.32, 92.36, 92.37, 92.4, 92.6, 92.7, 92.8, 92.9",Αἱ (LUK 9:58!6)|Κἀγὼ (LUK 11:9!1)|Μηδένα (LUK 3:14!14)|Μηδὲν (LUK 3:13!6; LUK 9:3!5)|Οἱ (LUK 20:34!6; LUK 22:25!5; LUK 5:33!1; LUK 5:33!6)|Οὐδείς (LUK 1:61!6)|Οὐδεὶς (LUK 11:33!1; LUK 5:36!8; LUK 8:16!1; LUK 9:62!5)|Οὐδὲν (LUK 23:4!11)|Οὐθενός (LUK 22:35!19)|Οὗτοι (LUK 24:44!5)|Οὗτος (LUK 14:30!3; LUK 15:2!11; LUK 7:39!12)|Οὗτός (LUK 20:14!10; LUK 9:35!8)|Ποῖα (LUK 24:19!4)|Πῶς (LUK 18:24!7; LUK 1:34!7; LUK 20:41!5)|Σοὶ (LUK 4:6!6; LUK 5:24!19)|Σὺ (LUK 16:7!4; LUK 22:70!4; LUK 23:3!18; LUK 23:3!7; LUK 24:18!9; LUK 3:22!18; LUK 4:41!11; LUK 7:19!6; LUK 7:20!16)|Τί (LUK 12:17!6; LUK 12:57!1; LUK 16:2!6; LUK 16:3!7; LUK 18:19!6; LUK 18:41!1; LUK 19:33!12; LUK 1:66!11; LUK 20:13!7; LUK 20:17!6; LUK 22:46!4; LUK 22:71!4; LUK 23:22!7; LUK 24:38!4; LUK 24:5!15; LUK 2:49!5; LUK 3:10!7; LUK 3:14!7; LUK 5:22!12; LUK 6:2!6; LUK 6:46!1; LUK 7:24!13; LUK 8:30!6)|Τίνα (LUK 9:18!18)|Τίνες (LUK 24:17!5)|Τίνι (LUK 13:18!3; LUK 13:20!4; LUK 7:31!1)|Τίνος (LUK 14:5!5)|Τίς (LUK 11:5!5; LUK 12:42!5; LUK 15:4!1; LUK 17:7!1; LUK 4:36!11; LUK 5:21!10; LUK 7:49!8; LUK 8:25!14; LUK 8:45!5)|Ταῦτα (LUK 18:21!4; LUK 21:6!1; LUK 24:36!1)|Τοῖς (LUK 4:10!4)|Τοῦτο (LUK 12:18!3; LUK 12:39!1; LUK 22:20!9)|Τοῦτον (LUK 23:2!6)|Τοῦτό (LUK 22:19!10)|Τὰ (LUK 18:27!4; LUK 24:19!9)|Τὸ (LUK 1:80!1; LUK 20:4!1; LUK 2:40!1)|Τὸν (LUK 9:20!14)|Τῇ (LUK 1:57!1)|Τῶν (LUK 11:29!1)|αἱ (LUK 10:13!14; LUK 10:13!16; LUK 12:35!3; LUK 12:7!3; LUK 1:23!5; LUK 1:48!17; LUK 21:26!11; LUK 21:34!7; LUK 23:23!11; LUK 23:29!12; LUK 23:29!9; LUK 23:49!10; LUK 23:55!3; LUK 24:10!13; LUK 24:24!15; LUK 2:22!4; LUK 2:6!9; LUK 3:5!17; LUK 5:20!10; LUK 5:23!7; LUK 7:47!6; LUK 7:47!9; LUK 7:48!6; LUK 8:7!10)|αἳ (LUK 23:27!10; LUK 23:29!14; LUK 8:2!4)|αἵτινες (LUK 23:55!5; LUK 8:3!12)|αἷς (LUK 13:14!20; LUK 1:25!8; LUK 21:6!7; LUK 23:29!6)|αὐτά (LUK 14:19!11; LUK 17:31!20; LUK 18:16!16; LUK 5:7!22)|αὐτάς (LUK 24:5!14)|αὐτήν (LUK 11:32!13; LUK 13:18!13; LUK 13:34!12; LUK 13:7!22; LUK 13:9!12; LUK 17:33!15; LUK 17:33!9; LUK 18:17!18; LUK 18:5!11; LUK 19:41!9; LUK 1:57!9; LUK 20:31!5; LUK 21:21!24; LUK 2:6!13; LUK 4:39!10; LUK 4:6!24; LUK 6:48!34; LUK 8:52!6; LUK 9:24!10; LUK 9:24!22)|αὐταῖς (LUK 13:14!24; LUK 24:10!16; LUK 24:11!12; LUK 24:4!14; LUK 8:3!18)|αὐτούς (LUK 10:2!4; LUK 11:31!15; LUK 11:47!14; LUK 11:5!4; LUK 12:15!4; LUK 12:24!19; LUK 13:23!14; LUK 13:4!15; LUK 14:25!10; LUK 14:7!14; LUK 18:31!7; LUK 19:13!13; LUK 19:33!11; LUK 1:65!8; LUK 20:23!8; LUK 20:25!5; LUK 20:3!5; LUK 20:41!4; LUK 22:15!4; LUK 22:47!14; LUK 23:14!3; LUK 23:22!6; LUK 24:17!4; LUK 24:25!5; LUK 24:44!4; LUK 24:50!13; LUK 2:18!13; LUK 2:20!19; LUK 2:46!21; LUK 2:49!4; LUK 2:9!10; LUK 3:13!5; LUK 4:23!4; LUK 4:40!24; LUK 5:22!11; LUK 5:31!7; LUK 5:34!5; LUK 6:47!13; LUK 6:9!6; LUK 8:21!6; LUK 8:22!19; LUK 9:13!4; LUK 9:3!4; LUK 9:34!9; LUK 9:5!22; LUK 9:54!19)|αὐτοὶ (LUK 11:19!17; LUK 11:4!9; LUK 11:46!16; LUK 11:48!12; LUK 11:52!11; LUK 13:4!18; LUK 14:1!18; LUK 14:12!30; LUK 16:28!11; LUK 17:13!2; LUK 18:34!2; LUK 22:23!2; LUK 22:71!9; LUK 24:14!2; LUK 24:35!2; LUK 24:52!2; LUK 2:50!2; LUK 6:11!1; LUK 9:36!11)|αὐτοὺς (LUK 10:1!13; LUK 10:38!5; LUK 11:48!15; LUK 11:49!11; LUK 12:16!5; LUK 12:37!18; LUK 14:5!3; LUK 15:3!4; LUK 16:30!14; LUK 17:14!15; LUK 18:1!10; LUK 19:11!16; LUK 19:27!12; LUK 19:27!17; LUK 20:19!25; LUK 22:45!12; LUK 22:70!14; LUK 24:15!6; LUK 24:50!3; LUK 24:51!7; LUK 2:27!20; LUK 2:34!3; LUK 2:43!8; LUK 2:6!6; LUK 4:21!5; LUK 4:31!11; LUK 4:40!12; LUK 4:43!5; LUK 5:36!6; LUK 6:10!4; LUK 6:3!4; LUK 6:32!17; LUK 9:10!11; LUK 9:11!9; LUK 9:14!13; LUK 9:16!15; LUK 9:18!16; LUK 9:2!3; LUK 9:33!6; LUK 9:34!15)|αὐτοῖς (LUK 10:18!3; LUK 10:9!9; LUK 11:17!8; LUK 11:2!3; LUK 12:37!22; LUK 13:2!4; LUK 13:32!3; LUK 15:12!19; LUK 15:2!16; LUK 15:6!13; LUK 16:15!3; LUK 16:28!7; LUK 17:14!4; LUK 17:20!13; LUK 17:37!10; LUK 18:1!4; LUK 18:15!15; LUK 18:29!4; LUK 18:7!21; LUK 19:13!7; LUK 19:32!8; LUK 19:46!2; LUK 1:22!19; LUK 1:22!6; LUK 1:7!4; LUK 20:15!11; LUK 20:17!4; LUK 20:34!3; LUK 20:8!5; LUK 21:10!3; LUK 21:29!4; LUK 21:4!7; LUK 22:10!4; LUK 22:13!6; LUK 22:19!8; LUK 22:24!6; LUK 22:25!4; LUK 22:35!3; LUK 22:36!3; LUK 22:38!12; LUK 22:4!10; LUK 22:40!7; LUK 22:46!3; LUK 22:6!11; LUK 22:67!11; LUK 23:34!7; LUK 24:15!14; LUK 24:19!3; LUK 24:27!11; LUK 24:29!22; LUK 24:30!16; LUK 24:33!17; LUK 24:35!11; LUK 24:38!3; LUK 24:40!5; LUK 24:41!11; LUK 2:10!3; LUK 2:17!9; LUK 2:50!9; LUK 2:51!12; LUK 2:7!19; LUK 2:9!5; LUK 3:11!4; LUK 3:14!13; LUK 4:39!15; LUK 5:14!24; LUK 5:7!12; LUK 6:31!10; LUK 6:39!5; LUK 6:5!3; LUK 7:22!4; LUK 7:6!6; LUK 8:25!3; LUK 8:3!14; LUK 8:31!7; LUK 8:32!16; LUK 8:32!22; LUK 8:36!3; LUK 8:56!9; LUK 9:1!6; LUK 9:11!11; LUK 9:13!6; LUK 9:17!10; LUK 9:20!3; LUK 9:21!4; LUK 9:46!5; LUK 9:48!3; LUK 9:55!4)|αὐτοῦ (LUK 10:1!19; LUK 10:2!25; LUK 10:34!24; LUK 10:34!6; LUK 10:35!14; LUK 10:37!9; LUK 10:39!18; LUK 10:7!19; LUK 11:1!17; LUK 11:1!30; LUK 11:16!9; LUK 11:18!13; LUK 11:21!14; LUK 11:22!10; LUK 11:22!18; LUK 11:22!4; LUK 11:53!3; LUK 11:54!8; LUK 11:8!13; LUK 11:8!18; LUK 12:1!16; LUK 12:15!19; LUK 12:22!6; LUK 12:25!10; LUK 12:27!19; LUK 12:31!5; LUK 12:39!20; LUK 12:42!20; LUK 12:43!9; LUK 12:44!9; LUK 12:45!10; LUK 12:46!24; LUK 12:47!11; LUK 12:47!20; LUK 12:48!19; LUK 12:58!17; LUK 13:15!17; LUK 13:17!22; LUK 13:17!4; LUK 13:19!27; LUK 13:6!13; LUK 14:17!5; LUK 14:2!8; LUK 14:21!17; LUK 14:21!8; LUK 14:29!4; LUK 14:32!5; LUK 14:8!18; LUK 15:1!12; LUK 15:13!20; LUK 15:14!3; LUK 15:15!16; LUK 15:20!10; LUK 15:20!17; LUK 15:20!26; LUK 15:22!23; LUK 15:22!8; LUK 15:25!5; LUK 15:28!10; LUK 15:5!7; LUK 16:1!22; LUK 16:18!6; LUK 16:20!10; LUK 16:21!20; LUK 16:23!21; LUK 16:23!8; LUK 16:24!18; LUK 17:1!6; LUK 17:12!3; LUK 17:16!8; LUK 17:2!10; LUK 17:24!25; LUK 17:31!13; LUK 17:33!6; LUK 18:13!19; LUK 18:14!9; LUK 18:40!12; LUK 18:7!11; LUK 19:14!11; LUK 19:14!4; LUK 19:24!7; LUK 19:31!14; LUK 19:33!9; LUK 19:34!7; LUK 19:36!3; LUK 19:37!3; LUK 19:48!12; LUK 1:13!27; LUK 1:14!12; LUK 1:15!22; LUK 1:17!5; LUK 1:23!14; LUK 1:23!9; LUK 1:24!10; LUK 1:31!13; LUK 1:32!19; LUK 1:33!13; LUK 1:48!8; LUK 1:49!11; LUK 1:50!4; LUK 1:51!5; LUK 1:54!4; LUK 1:55!12; LUK 1:58!14; LUK 1:59!20; LUK 1:60!5; LUK 1:62!5; LUK 1:63!9; LUK 1:64!10; LUK 1:64!5; LUK 1:66!23; LUK 1:67!5; LUK 1:68!14; LUK 1:69!10; LUK 1:70!10; LUK 1:72!11; LUK 1:75!6; LUK 1:76!14; LUK 1:77!7; LUK 1:8!12; LUK 1:80!16; LUK 20:1!8; LUK 20:20!11; LUK 20:26!15; LUK 20:28!20; LUK 20:28!28; LUK 20:44!8; LUK 21:38!12; LUK 22:36!20; LUK 22:44!11; LUK 22:47!2; LUK 22:50!15; LUK 22:59!15; LUK 22:60!14; LUK 22:71!15; LUK 23:10!10; LUK 23:11!10; LUK 23:14!29; LUK 23:2!4; LUK 23:34!17; LUK 23:55!20; LUK 23:8!21; LUK 23:8!28; LUK 24:23!6; LUK 24:26!12; LUK 24:47!6; LUK 24:50!11; LUK 24:8!5; LUK 2:21!13; LUK 2:27!27; LUK 2:33!14; LUK 2:33!5; LUK 2:34!11; LUK 2:38!12; LUK 2:41!5; LUK 2:43!20; LUK 2:47!13; LUK 2:47!6; LUK 2:48!11; LUK 2:51!16; LUK 3:1!23; LUK 3:16!25; LUK 3:17!11; LUK 3:17!19; LUK 3:17!7; LUK 3:19!15; LUK 3:19!8; LUK 3:4!22; LUK 3:7!8; LUK 4:10!6; LUK 4:13!9; LUK 4:14!21; LUK 4:22!17; LUK 4:24!14; LUK 4:32!13; LUK 4:32!6; LUK 4:35!11; LUK 4:35!22; LUK 4:37!5; LUK 4:42!17; LUK 5:12!24; LUK 5:13!16; LUK 5:13!6; LUK 5:15!7; LUK 5:18!18; LUK 5:25!14; LUK 5:29!10; LUK 5:30!12; LUK 6:1!13; LUK 6:10!18; LUK 6:13!8; LUK 6:14!10; LUK 6:17!13; LUK 6:18!4; LUK 6:19!11; LUK 6:19!7; LUK 6:20!10; LUK 6:20!6; LUK 6:3!20; LUK 6:4!19; LUK 6:40!14; LUK 6:45!30; LUK 6:6!20; LUK 6:7!16; LUK 7:1!6; LUK 7:11!16; LUK 7:12!16; LUK 7:15!13; LUK 7:16!23; LUK 7:17!11; LUK 7:18!16; LUK 7:18!6; LUK 7:28!19; LUK 7:3!19; LUK 7:30!17; LUK 7:36!10; LUK 7:38!15; LUK 7:38!27; LUK 7:38!7; LUK 7:39!25; LUK 7:6!9; LUK 8:18!22; LUK 8:19!10; LUK 8:22!15; LUK 8:38!3; LUK 8:41!27; LUK 8:44!8; LUK 8:47!17; LUK 8:49!2; LUK 8:5!8; LUK 8:53!3; LUK 8:9!6; LUK 9:14!11; LUK 9:23!17; LUK 9:24!17; LUK 9:24!7; LUK 9:26!21; LUK 9:29!11; LUK 9:29!16; LUK 9:31!8; LUK 9:32!16; LUK 9:33!8; LUK 9:34!3; LUK 9:35!15; LUK 9:39!18; LUK 9:42!28; LUK 9:42!4; LUK 9:43!20; LUK 9:51!10; LUK 9:52!6; LUK 9:53!8)|αὐτό (LUK 14:35!11; LUK 15:4!28; LUK 1:62!11; LUK 2:40!14; LUK 8:5!28; LUK 8:7!13; LUK 9:40!8; LUK 9:45!15)|αὐτόν (LUK 10:26!5; LUK 11:1!19; LUK 11:13!25; LUK 11:22!7; LUK 11:39!6; LUK 12:44!11; LUK 12:48!26; LUK 14:1!21; LUK 14:12!6; LUK 14:18!18; LUK 14:31!27; LUK 15:20!29; LUK 15:22!16; LUK 15:28!13; LUK 16:14!11; LUK 18:33!4; LUK 18:40!14; LUK 18:40!9; LUK 19:14!6; LUK 19:39!10; LUK 19:4!11; LUK 19:5!12; LUK 1:12!9; LUK 1:21!16; LUK 1:50!11; LUK 20:14!15; LUK 20:18!15; LUK 20:2!5; LUK 22:2!11; LUK 22:4!12; LUK 22:43!8; LUK 22:47!20; LUK 22:51!14; LUK 22:57!7; LUK 22:65!7; LUK 23:21!7; LUK 23:26!4; LUK 23:27!14; LUK 23:39!7; LUK 24:16!9; LUK 24:18!8; LUK 24:20!16; LUK 24:31!8; LUK 2:21!8; LUK 2:25!26; LUK 2:45!8; LUK 3:12!9; LUK 3:22!12; LUK 4:29!23; LUK 4:35!25; LUK 4:40!14; LUK 4:42!13; LUK 5:17!36; LUK 5:33!5; LUK 7:40!7; LUK 7:42!12; LUK 7:9!7; LUK 8:29!15; LUK 8:30!19; LUK 8:40!15; LUK 8:42!20; LUK 9:39!20; LUK 9:39!5; LUK 9:53!4; LUK 9:57!10; LUK 9:9!19)|αὐτός (LUK 24:21!5; LUK 24:39!12)|αὐτὰ (LUK 10:21!30; LUK 18:16!5; LUK 4:41!21)|αὐτὰς (LUK 23:28!4; LUK 24:4!6)|αὐτὴ (LUK 1:36!8; LUK 2:37!2; LUK 7:12!18; LUK 8:42!10)|αὐτὴν (LUK 13:12!3; LUK 13:8!17; LUK 13:8!8; LUK 16:16!18; LUK 1:28!4; LUK 1:61!4; LUK 20:33!15; LUK 6:48!29; LUK 7:13!3)|αὐτὸ (LUK 19:23!16; LUK 1:59!14; LUK 22:16!8; LUK 23:53!4; LUK 2:28!4; LUK 9:47!13)|αὐτὸν (LUK 10:25!7; LUK 10:30!19; LUK 10:31!13; LUK 10:33!7; LUK 10:34!13; LUK 10:34!19; LUK 10:38!17; LUK 10:6!9; LUK 11:1!6; LUK 11:27!6; LUK 11:37!6; LUK 11:5!13; LUK 11:53!14; LUK 11:54!2; LUK 12:46!20; LUK 14:1!6; LUK 14:4!7; LUK 14:5!17; LUK 14:9!6; LUK 15:15!12; LUK 15:20!14; LUK 15:27!21; LUK 16:2!3; LUK 16:22!8; LUK 16:27!9; LUK 17:25!4; LUK 18:18!4; LUK 18:24!3; LUK 18:3!11; LUK 18:35!6; LUK 18:40!6; LUK 19:11!13; LUK 19:15!6; LUK 19:30!21; LUK 19:35!3; LUK 19:46!13; LUK 19:47!17; LUK 19:6!6; LUK 19:9!4; LUK 1:13!4; LUK 1:8!6; LUK 20:10!20; LUK 20:14!3; LUK 20:15!3; LUK 20:19!10; LUK 20:20!15; LUK 20:21!3; LUK 20:27!12; LUK 20:40!5; LUK 20:44!3; LUK 20:9!15; LUK 21:38!7; LUK 21:7!3; LUK 22:49!5; LUK 22:52!8; LUK 22:54!3; LUK 22:56!3; LUK 22:58!6; LUK 22:6!8; LUK 22:63!6; LUK 22:64!3; LUK 22:66!16; LUK 23:1!8; LUK 23:11!17; LUK 23:11!3; LUK 23:15!6; LUK 23:16!3; LUK 23:22!20; LUK 23:23!7; LUK 23:3!5; LUK 23:33!12; LUK 23:53!8; LUK 23:7!10; LUK 23:7!15; LUK 23:8!16; LUK 23:9!3; LUK 24:20!4; LUK 24:23!15; LUK 24:24!18; LUK 24:29!3; LUK 24:30!6; LUK 24:51!6; LUK 24:52!4; LUK 2:21!23; LUK 2:22!14; LUK 2:4!23; LUK 2:44!13; LUK 2:44!3; LUK 2:46!7; LUK 2:48!3; LUK 2:48!8; LUK 2:7!10; LUK 2:7!13; LUK 3:10!3; LUK 3:14!3; LUK 4:29!10; LUK 4:29!4; LUK 4:35!14; LUK 4:38!21; LUK 4:4!4; LUK 4:41!27; LUK 4:42!20; LUK 4:5!3; LUK 4:9!3; LUK 5:12!6; LUK 5:18!13; LUK 5:19!18; LUK 5:19!6; LUK 5:3!11; LUK 5:9!4; LUK 6:1!6; LUK 6:12!8; LUK 6:6!7; LUK 7:15!10; LUK 7:20!4; LUK 7:3!13; LUK 7:3!8; LUK 7:36!4; LUK 7:39!7; LUK 7:4!8; LUK 8:16!6; LUK 8:19!4; LUK 8:24!4; LUK 8:30!3; LUK 8:31!3; LUK 8:32!13; LUK 8:37!3; LUK 8:38!16; LUK 8:4!11; LUK 8:40!8; LUK 8:41!22; LUK 8:42!16; LUK 8:5!13; LUK 8:9!3; LUK 9:18!6; LUK 9:29!6; LUK 9:39!11; LUK 9:42!25; LUK 9:42!6; LUK 9:45!19; LUK 9:49!16; LUK 9:50!4)|αὐτὸς (LUK 10:1!27; LUK 10:38!6; LUK 11:17!1; LUK 11:28!1; LUK 15:14!13; LUK 16:24!2; LUK 17:11!9; LUK 17:16!12; LUK 18:39!8; LUK 19:2!12; LUK 19:2!8; LUK 19:9!16; LUK 1:17!2; LUK 1:22!16; LUK 20:42!1; LUK 22:41!2; LUK 23:9!7; LUK 24:15!10; LUK 24:25!2; LUK 24:28!9; LUK 24:31!10; LUK 24:36!5; LUK 2:28!2; LUK 3:15!16; LUK 3:16!26; LUK 3:23!2; LUK 4:15!2; LUK 4:30!1; LUK 5:1!16; LUK 5:14!2; LUK 5:16!1; LUK 5:17!8; LUK 5:37!20; LUK 6:20!2; LUK 6:3!16; LUK 6:35!23; LUK 6:42!17; LUK 6:8!1; LUK 7:5!9; LUK 8:1!7; LUK 8:22!8; LUK 8:37!18; LUK 8:54!1; LUK 9:51!12)|αὐτῆς (LUK 10:10!15; LUK 10:42!16; LUK 12:53!21; LUK 1:18!23; LUK 1:36!13; LUK 1:38!17; LUK 1:41!17; LUK 1:5!26; LUK 1:56!14; LUK 1:58!16; LUK 1:58!8; LUK 21:20!14; LUK 21:21!14; LUK 21:4!17; LUK 2:19!13; LUK 2:35!4; LUK 2:36!23; LUK 2:51!25; LUK 2:7!5; LUK 4:38!23; LUK 4:39!4; LUK 7:35!9; LUK 7:38!21; LUK 7:44!35; LUK 7:47!8; LUK 8:44!16; LUK 8:54!6; LUK 8:55!5; LUK 8:56!5)|αὐτῇ (LUK 10:21!2; LUK 10:40!25; LUK 10:41!4; LUK 10:7!2; LUK 10:9!5; LUK 11:29!19; LUK 13:12!9; LUK 13:13!3; LUK 13:6!19; LUK 1:30!5; LUK 1:35!6; LUK 1:36!19; LUK 1:45!10; LUK 1:56!5; LUK 1:58!19; LUK 20:19!14; LUK 23:12!11; LUK 24:13!7; LUK 24:18!19; LUK 24:33!3; LUK 7:12!28; LUK 7:13!11; LUK 7:13!8; LUK 7:48!3; LUK 8:48!4; LUK 8:55!11)|αὐτῶν (LUK 10:7!12; LUK 11:15!4; LUK 11:17!4; LUK 11:49!17; LUK 12:6!10; LUK 13:1!21; LUK 15:12!5; LUK 15:4!11; LUK 16:29!10; LUK 17:15!4; LUK 18:15!8; LUK 18:34!13; LUK 18:8!7; LUK 19:11!3; LUK 19:33!3; LUK 19:35!9; LUK 1:16!11; LUK 1:20!26; LUK 1:51!10; LUK 1:66!9; LUK 1:7!17; LUK 1:77!11; LUK 20:23!3; LUK 20:33!8; LUK 21:1!11; LUK 21:12!10; LUK 21:8!24; LUK 22:23!12; LUK 22:24!9; LUK 22:25!10; LUK 22:25!14; LUK 22:41!5; LUK 22:50!6; LUK 22:55!14; LUK 22:58!11; LUK 22:66!20; LUK 23:1!6; LUK 23:23!13; LUK 23:24!7; LUK 23:25!19; LUK 23:51!10; LUK 24:11!4; LUK 24:13!5; LUK 24:16!4; LUK 24:30!8; LUK 24:31!1; LUK 24:31!14; LUK 24:36!3; LUK 24:36!9; LUK 24:41!4; LUK 24:43!4; LUK 24:45!3; LUK 24:5!4; LUK 24:51!10; LUK 2:15!6; LUK 2:22!8; LUK 2:42!7; LUK 2:46!18; LUK 2:51!4; LUK 2:8!18; LUK 3:15!11; LUK 4:15!7; LUK 4:2!17; LUK 4:26!4; LUK 4:27!14; LUK 4:29!20; LUK 4:30!6; LUK 4:40!19; LUK 4:42!25; LUK 4:6!15; LUK 5:15!18; LUK 5:2!13; LUK 5:20!5; LUK 5:22!7; LUK 5:25!5; LUK 5:29!21; LUK 5:30!8; LUK 5:34!17; LUK 5:35!8; LUK 5:6!12; LUK 6:13!12; LUK 6:17!4; LUK 6:18!10; LUK 6:23!26; LUK 6:26!18; LUK 6:8!6; LUK 7:42!3; LUK 7:42!9; LUK 8:12!20; LUK 8:23!3; LUK 8:37!13; LUK 9:37!7; LUK 9:45!11; LUK 9:46!11; LUK 9:47!9; LUK 9:57!3)|αὐτῷ (LUK 10:28!3; LUK 10:37!12; LUK 11:11!15; LUK 11:12!6; LUK 11:27!16; LUK 11:37!11; LUK 11:45!7; LUK 11:5!17; LUK 11:6!14; LUK 11:8!21; LUK 11:8!7; LUK 12:10!12; LUK 12:13!7; LUK 12:14!4; LUK 12:15!24; LUK 12:20!3; LUK 12:36!20; LUK 12:8!20; LUK 13:1!5; LUK 13:1!9; LUK 13:15!3; LUK 13:17!9; LUK 13:23!4; LUK 13:31!9; LUK 13:8!5; LUK 14:15!8; LUK 14:16!4; LUK 14:18!10; LUK 14:25!3; LUK 14:29!14; LUK 15:1!3; LUK 15:16!17; LUK 15:18!9; LUK 15:21!5; LUK 15:27!4; LUK 15:30!16; LUK 15:31!4; LUK 16:1!17; LUK 16:2!5; LUK 16:31!3; LUK 16:6!10; LUK 16:7!15; LUK 17:16!10; LUK 17:19!3; LUK 17:2!2; LUK 17:3!14; LUK 17:3!9; LUK 17:37!4; LUK 17:4!17; LUK 17:7!16; LUK 17:8!4; LUK 18:15!3; LUK 18:19!3; LUK 18:22!6; LUK 18:37!3; LUK 18:39!5; LUK 18:42!5; LUK 18:43!6; LUK 18:7!14; LUK 19:15!13; LUK 19:17!3; LUK 19:22!2; LUK 19:25!3; LUK 1:11!3; LUK 1:19!6; LUK 1:32!10; LUK 1:5!18; LUK 1:74!7; LUK 20:10!15; LUK 20:38!10; LUK 20:5!17; LUK 22:10!18; LUK 22:14!11; LUK 22:33!4; LUK 22:39!14; LUK 22:43!3; LUK 22:48!4; LUK 22:5!5; LUK 22:56!12; LUK 22:56!17; LUK 22:61!18; LUK 22:63!8; LUK 22:9!4; LUK 23:15!16; LUK 23:22!17; LUK 23:26!13; LUK 23:27!3; LUK 23:3!16; LUK 23:32!8; LUK 23:36!10; LUK 23:36!3; LUK 23:38!6; LUK 23:40!6; LUK 23:43!3; LUK 23:49!12; LUK 23:49!6; LUK 23:55!11; LUK 23:9!11; LUK 24:19!8; LUK 24:42!4; LUK 2:26!3; LUK 2:5!6; LUK 4:12!4; LUK 4:16!13; LUK 4:17!3; LUK 4:20!18; LUK 4:22!4; LUK 4:3!3; LUK 4:35!3; LUK 4:5!5; LUK 4:6!3; LUK 4:8!14; LUK 4:8!6; LUK 4:9!15; LUK 5:1!8; LUK 5:11!11; LUK 5:14!4; LUK 5:27!16; LUK 5:28!6; LUK 5:29!6; LUK 5:9!9; LUK 6:10!6; LUK 7:11!13; LUK 7:2!11; LUK 7:43!13; LUK 7:6!21; LUK 7:9!12; LUK 8:1!24; LUK 8:18!10; LUK 8:19!15; LUK 8:20!3; LUK 8:25!28; LUK 8:27!3; LUK 8:28!7; LUK 8:38!13; LUK 8:39!22; LUK 8:42!5; LUK 8:47!12; LUK 8:50!6; LUK 8:51!11; LUK 9:10!6; LUK 9:11!6; LUK 9:12!11; LUK 9:18!11; LUK 9:30!6; LUK 9:32!23; LUK 9:32!7; LUK 9:37!12; LUK 9:52!15; LUK 9:58!3; LUK 9:60!3)|αὑτούς (LUK 23:12!22)|αὑτὸν (LUK 23:2!19)|αὕτη (LUK 11:29!9; LUK 21:3!11; LUK 21:32!10; LUK 21:4!12; LUK 22:53!17; LUK 2:2!1; LUK 2:36!10; LUK 4:21!11; LUK 7:44!24; LUK 7:45!5; LUK 7:46!7; LUK 8:11!3; LUK 8:9!8)|αὗταί (LUK 21:22!4)|εἷς (LUK 22:47!10; LUK 22:50!3; LUK 24:18!3)|κἀγὼ (LUK 19:23!11; LUK 20:3!8; LUK 22:29!1)|κἀκεῖνα (LUK 11:42!29)|κἀκεῖνον (LUK 20:11!8)|κἀκεῖνος (LUK 11:7!1; LUK 22:12!1)|κἀμοὶ (LUK 1:3!2)|μίαν (LUK 17:22!10)|με (LUK 10:16!19; LUK 10:35!24; LUK 10:40!20; LUK 11:18!19; LUK 11:6!8; LUK 12:14!7; LUK 12:9!4; LUK 13:33!3; LUK 13:35!13; LUK 14:18!22; LUK 14:19!15; LUK 14:26!5; LUK 15:19!8; LUK 16:24!8; LUK 16:4!11; LUK 18:16!12; LUK 18:19!7; LUK 18:3!14; LUK 18:38!8; LUK 18:39!16; LUK 18:5!18; LUK 19:27!9; LUK 19:5!23; LUK 1:48!15; LUK 22:15!15; LUK 22:21!7; LUK 22:34!13; LUK 22:61!25; LUK 24:39!14; LUK 2:49!19; LUK 2:49!8; LUK 4:18!12; LUK 4:18!8; LUK 4:43!12; LUK 5:12!30; LUK 6:46!3; LUK 6:47!5; LUK 8:28!25; LUK 9:18!19; LUK 9:20!7; LUK 9:26!5; LUK 9:48!24)|μηδένα (LUK 10:4!9)|μηδενὶ (LUK 5:14!5; LUK 8:56!10; LUK 9:21!6)|μηδὲν (LUK 4:35!23; LUK 6:35!10)|μιᾷ (LUK 13:10!5; LUK 20:1!4; LUK 5:12!8; LUK 5:17!4; LUK 8:22!4)|μοί (LUK 9:38!19)|μοι (LUK 10:22!2; LUK 10:40!27; LUK 11:5!20; LUK 11:7!6; LUK 15:12!10; LUK 15:6!15; LUK 15:9!10; LUK 17:8!11; LUK 18:13!24; LUK 18:22!26; LUK 18:5!5; LUK 1:25!3; LUK 1:38!9; LUK 1:43!3; LUK 1:49!3; LUK 20:24!2; LUK 20:3!12; LUK 22:29!6; LUK 23:14!5; LUK 4:23!7; LUK 5:27!18; LUK 7:44!19; LUK 7:45!2; LUK 9:23!22; LUK 9:59!12; LUK 9:59!6; LUK 9:61!11)|μου (LUK 10:22!7; LUK 10:29!13; LUK 10:40!18; LUK 11:24!23; LUK 11:6!3; LUK 11:7!16; LUK 12:13!12; LUK 12:17!15; LUK 12:18!21; LUK 12:18!6; LUK 12:19!5; LUK 12:4!6; LUK 12:45!14; LUK 14:23!19; LUK 14:24!12; LUK 14:26!36; LUK 14:27!10; LUK 14:27!14; LUK 14:33!16; LUK 15:17!10; LUK 15:18!6; LUK 15:24!5; LUK 15:29!27; LUK 15:6!20; LUK 16:24!24; LUK 16:27!15; LUK 16:3!12; LUK 16:5!17; LUK 18:3!18; LUK 19:23!6; LUK 19:27!19; LUK 19:27!4; LUK 19:46!8; LUK 19:8!11; LUK 1:18!18; LUK 1:20!20; LUK 1:25!12; LUK 1:43!11; LUK 1:44!13; LUK 1:44!22; LUK 1:46!7; LUK 1:47!11; LUK 1:47!5; LUK 20:13!12; LUK 20:42!12; LUK 20:42!16; LUK 21:12!27; LUK 21:17!9; LUK 21:33!10; LUK 21:8!13; LUK 22:11!21; LUK 22:19!14; LUK 22:20!18; LUK 22:28!11; LUK 22:29!9; LUK 22:30!12; LUK 22:30!8; LUK 22:42!15; LUK 22:53!4; LUK 23:42!5; LUK 23:46!15; LUK 24:39!4; LUK 24:39!8; LUK 24:44!8; LUK 24:49!9; LUK 2:30!5; LUK 2:49!16; LUK 3:16!15; LUK 3:22!22; LUK 6:47!8; LUK 7:27!10; LUK 7:44!29; LUK 7:45!13; LUK 7:46!13; LUK 7:46!4; LUK 7:6!33; LUK 7:7!15; LUK 7:8!27; LUK 8:21!11; LUK 8:21!8; LUK 8:45!8; LUK 9:23!9; LUK 9:35!12; LUK 9:38!16; LUK 9:48!13; LUK 9:59!18; LUK 9:61!17)|μού (LUK 8:46!6)|οἱ (LUK 10:17!3; LUK 10:2!9; LUK 10:23!10; LUK 10:23!12; LUK 11:14!16; LUK 11:19!9; LUK 11:28!6; LUK 11:33!16; LUK 11:39!9; LUK 11:44!11; LUK 11:44!13; LUK 11:47!9; LUK 11:53!5; LUK 11:53!8; LUK 12:35!7; LUK 12:37!2; LUK 13:17!7; LUK 13:2!7; LUK 13:23!8; LUK 13:4!3; LUK 14:29!11; LUK 14:4!1; LUK 15:1!6; LUK 15:1!9; LUK 15:16!12; LUK 15:2!7; LUK 16:14!5; LUK 16:15!6; LUK 16:16!4; LUK 16:21!14; LUK 16:26!13; LUK 16:8!13; LUK 17:17!10; LUK 17:17!7; LUK 17:37!16; LUK 17:5!3; LUK 18:11!16; LUK 18:15!12; LUK 18:24!9; LUK 18:26!3; LUK 18:39!2; LUK 19:14!1; LUK 19:32!3; LUK 19:33!7; LUK 19:34!1; LUK 19:40!10; LUK 19:43!8; LUK 19:47!10; LUK 19:47!14; LUK 19:47!20; LUK 1:2!4; LUK 1:58!3; LUK 1:58!6; LUK 1:66!4; LUK 20:1!17; LUK 20:1!20; LUK 20:10!16; LUK 20:11!6; LUK 20:12!5; LUK 20:14!4; LUK 20:17!15; LUK 20:19!3; LUK 20:19!6; LUK 20:27!6; LUK 20:31!9; LUK 20:33!11; LUK 20:35!1; LUK 20:37!4; LUK 20:5!1; LUK 21:15!15; LUK 21:21!11; LUK 21:21!17; LUK 21:21!2; LUK 21:33!7; LUK 22:14!8; LUK 22:2!3; LUK 22:2!6; LUK 22:25!12; LUK 22:28!4; LUK 22:35!16; LUK 22:38!1; LUK 22:39!16; LUK 22:49!3; LUK 22:63!2; LUK 22:63!4; LUK 22:71!1; LUK 22:9!1; LUK 23:10!3; LUK 23:10!6; LUK 23:21!1; LUK 23:23!1; LUK 23:35!9; LUK 23:36!5; LUK 23:48!3; LUK 23:49!4; LUK 23:5!1; LUK 24:16!1; LUK 24:17!6; LUK 24:19!5; LUK 24:20!5; LUK 24:20!8; LUK 24:25!18; LUK 24:31!4; LUK 24:42!1; LUK 24:44!6; LUK 2:15!10; LUK 2:15!12; LUK 2:18!3; LUK 2:20!3; LUK 2:30!3; LUK 2:41!3; LUK 2:43!18; LUK 2:47!4; LUK 3:10!4; LUK 4:20!11; LUK 4:42!10; LUK 5:2!9; LUK 5:21!4; LUK 5:21!7; LUK 5:30!3; LUK 5:30!6; LUK 5:31!11; LUK 5:31!15; LUK 5:33!16; LUK 5:33!19; LUK 5:37!23; LUK 6:1!11; LUK 6:18!12; LUK 6:20!13; LUK 6:21!2; LUK 6:21!8; LUK 6:22!6; LUK 6:23!24; LUK 6:25!3; LUK 6:25!9; LUK 6:26!16; LUK 6:26!7; LUK 6:3!18; LUK 6:31!7; LUK 6:32!13; LUK 6:33!12; LUK 6:7!3; LUK 6:7!6; LUK 7:10!6; LUK 7:11!14; LUK 7:14!6; LUK 7:18!4; LUK 7:20!5; LUK 7:25!11; LUK 7:29!7; LUK 7:30!1; LUK 7:30!5; LUK 7:4!1; LUK 7:49!3; LUK 8:1!21; LUK 8:12!1; LUK 8:12!7; LUK 8:13!1; LUK 8:14!9; LUK 8:16!17; LUK 8:19!8; LUK 8:20!8; LUK 8:21!14; LUK 8:22!13; LUK 8:34!3; LUK 8:36!4; LUK 8:42!17; LUK 8:45!16; LUK 8:56!3; LUK 8:9!4; LUK 9:10!3; LUK 9:11!1; LUK 9:12!8; LUK 9:13!9; LUK 9:18!12; LUK 9:18!20; LUK 9:19!1; LUK 9:32!5; LUK 9:45!1; LUK 9:54!3)|οἳ (LUK 10:30!16; LUK 13:30!11; LUK 13:30!5; LUK 17:12!11; LUK 20:47!1; LUK 23:29!19; LUK 24:23!13; LUK 5:10!9; LUK 5:17!17; LUK 5:29!18; LUK 6:18!1; LUK 8:13!19; LUK 8:13!6; LUK 9:27!10; LUK 9:31!1)|οἵ (LUK 15:2!3)|οἵτινες (LUK 15:7!19; LUK 1:20!21; LUK 8:15!9; LUK 9:30!7)|οἷς (LUK 12:1!2; LUK 12:24!9; LUK 19:15!17; LUK 1:78!7; LUK 24:25!16; LUK 2:20!12; LUK 9:43!14)|οὐδέν (LUK 20:40!6)|οὐδείς (LUK 18:29!9; LUK 7:28!8)|οὐδεμίαν (LUK 4:26!3)|οὐδενὶ (LUK 9:36!14)|οὐδενὸς (LUK 8:43!19)|οὐδεὶς (LUK 10:22!9; LUK 14:24!5; LUK 15:16!15; LUK 16:13!1; LUK 18:19!10; LUK 19:30!15; LUK 23:53!15; LUK 4:24!7; LUK 4:27!13; LUK 5:37!2; LUK 5:39!2)|οὐδὲν (LUK 10:19!20; LUK 12:2!1; LUK 18:34!3; LUK 23:15!11; LUK 23:22!12; LUK 23:41!12; LUK 23:9!9; LUK 4:2!10; LUK 5:5!10; LUK 9:36!20)|οὐθὲν (LUK 23:14!19)|οὓς (LUK 11:27!25; LUK 12:37!5; LUK 13:4!6; LUK 24:17!9; LUK 24:44!9; LUK 6:13!14; LUK 6:4!20)|οὗ (LUK 13:25!2; LUK 13:7!10; LUK 17:1!17; LUK 22:22!17; LUK 24:21!23; LUK 3:16!16; LUK 3:17!1; LUK 4:18!5; LUK 4:29!16; LUK 7:27!4; LUK 8:35!17; LUK 8:38!7; LUK 9:9!13)|οὗτοί (LUK 8:14!7; LUK 8:15!7; LUK 8:21!12)|οὗτοι (LUK 13:2!9; LUK 19:40!8; LUK 20:47!11; LUK 21:4!3; LUK 24:17!8; LUK 8:13!15)|οὗτος (LUK 15:24!2; LUK 15:30!6; LUK 15:32!10; LUK 16:1!15; LUK 17:18!12; LUK 18:11!26; LUK 18:14!4; LUK 1:29!13; LUK 1:32!1; LUK 1:36!15; LUK 20:17!17; LUK 20:28!13; LUK 22:56!15; LUK 22:59!13; LUK 23:22!11; LUK 23:38!11; LUK 23:41!10; LUK 23:47!14; LUK 23:51!1; LUK 23:52!1; LUK 2:25!13; LUK 2:34!13; LUK 4:22!24; LUK 4:36!14; LUK 5:21!12; LUK 7:17!5; LUK 8:41!9; LUK 9:24!20; LUK 9:9!11)|οὗτός (LUK 23:35!17; LUK 7:27!1; LUK 7:49!9; LUK 8:25!16; LUK 9:48!32)|ποίας (LUK 5:19!4)|ποίᾳ (LUK 12:39!9; LUK 20:2!9; LUK 20:8!11)|πῶς (LUK 10:26!11; LUK 11:18!9; LUK 12:11!16; LUK 12:27!4; LUK 12:50!6; LUK 12:56!15; LUK 14:7!8; LUK 20:44!7; LUK 22:2!9; LUK 22:4!9; LUK 6:42!1; LUK 8:18!3; LUK 8:36!6)|σά (LUK 15:31!15)|σέ (LUK 1:35!11)|σε (LUK 11:27!22; LUK 11:36!23; LUK 12:58!20; LUK 12:58!27; LUK 12:58!34; LUK 13:31!17; LUK 14:10!15; LUK 14:12!32; LUK 14:18!20; LUK 14:19!13; LUK 16:27!4; LUK 17:19!10; LUK 18:42!11; LUK 19:21!3; LUK 19:22!8; LUK 19:43!15; LUK 19:43!18; LUK 19:44!3; LUK 22:64!11; LUK 2:48!25; LUK 4:10!12; LUK 4:11!6; LUK 4:34!12; LUK 6:29!3; LUK 6:30!3; LUK 7:50!10; LUK 8:20!14; LUK 8:45!19; LUK 8:48!10)|σεαυτόν (LUK 10:27!38; LUK 23:37!11; LUK 4:23!13)|σεαυτὸν (LUK 23:39!15; LUK 4:9!22; LUK 5:14!10)|σοί (LUK 19:44!17; LUK 19:44!9; LUK 7:40!10)|σοι (LUK 10:13!2; LUK 10:13!5; LUK 10:21!13; LUK 10:35!26; LUK 10:36!7; LUK 10:40!14; LUK 11:7!27; LUK 12:59!2; LUK 14:10!17; LUK 14:10!23; LUK 14:10!29; LUK 14:12!36; LUK 14:14!11; LUK 14:14!8; LUK 14:9!9; LUK 15:29!12; LUK 18:11!11; LUK 18:22!9; LUK 18:28!11; LUK 18:41!2; LUK 19:43!12; LUK 1:13!22; LUK 1:14!4; LUK 1:19!22; LUK 1:3!8; LUK 1:35!16; LUK 20:2!18; LUK 22:11!8; LUK 22:34!5; LUK 23:43!5; LUK 5:20!9; LUK 5:23!6; LUK 7:47!4; LUK 8:30!7; LUK 8:39!9; LUK 9:57!12; LUK 9:61!6)|σου (LUK 10:17!18; LUK 10:21!40; LUK 10:27!14; LUK 10:27!20; LUK 10:27!26; LUK 10:27!32; LUK 10:27!36; LUK 10:27!9; LUK 11:2!11; LUK 11:2!15; LUK 11:34!12; LUK 11:34!19; LUK 11:34!29; LUK 11:34!8; LUK 11:36!5; LUK 12:20!12; LUK 12:58!7; LUK 13:12!14; LUK 13:26!6; LUK 13:34!18; LUK 14:12!16; LUK 14:12!20; LUK 14:12!24; LUK 14:8!14; LUK 15:18!17; LUK 15:19!13; LUK 15:19!6; LUK 15:21!13; LUK 15:21!19; LUK 15:27!14; LUK 15:27!8; LUK 15:29!16; LUK 15:30!5; LUK 15:30!9; LUK 15:32!9; LUK 16:2!16; LUK 16:25!10; LUK 16:25!14; LUK 16:6!12; LUK 16:7!17; LUK 17:19!8; LUK 17:3!7; LUK 18:20!15; LUK 18:42!9; LUK 19:16!9; LUK 19:18!8; LUK 19:20!10; LUK 19:22!6; LUK 19:39!15; LUK 19:42!19; LUK 19:43!10; LUK 19:44!26; LUK 19:44!7; LUK 19:5!21; LUK 1:13!14; LUK 1:13!18; LUK 1:36!6; LUK 1:38!13; LUK 1:42!17; LUK 1:44!9; LUK 1:61!11; LUK 20:43!10; LUK 20:43!6; LUK 22:32!11; LUK 22:32!19; LUK 23:42!11; LUK 23:46!11; LUK 2:29!10; LUK 2:29!5; LUK 2:30!8; LUK 2:32!8; LUK 2:48!20; LUK 4:11!13; LUK 4:12!14; LUK 4:23!26; LUK 4:8!11; LUK 5:14!18; LUK 5:20!12; LUK 5:23!9; LUK 5:24!26; LUK 5:24!31; LUK 5:5!16; LUK 6:10!10; LUK 6:29!15; LUK 6:41!12; LUK 6:42!16; LUK 6:42!46; LUK 6:42!6; LUK 7:27!13; LUK 7:27!18; LUK 7:27!20; LUK 7:44!14; LUK 7:48!5; LUK 7:50!8; LUK 8:20!10; LUK 8:20!6; LUK 8:28!23; LUK 8:39!5; LUK 8:48!8; LUK 8:49!14; LUK 9:38!11; LUK 9:40!5; LUK 9:41!23; LUK 9:49!11)|σοὶ (LUK 11:35!8; LUK 3:22!26; LUK 5:33!21; LUK 7:14!13; LUK 9:33!26)|σοῦ (LUK 12:20!15; LUK 16:2!10; LUK 1:28!11; LUK 22:32!5; LUK 22:33!7; LUK 2:35!2; LUK 4:10!9; LUK 4:7!8; LUK 6:42!22; LUK 6:42!34)|σύ (LUK 10:15!2; LUK 17:8!22; LUK 22:32!13)|σὰ (LUK 6:30!10)|σὲ (LUK 14:9!4; LUK 17:4!13; LUK 17:4!8; LUK 19:43!5; LUK 1:19!19; LUK 7:20!14; LUK 7:7!6)|σὸν (LUK 22:42!18)|σὺ (LUK 10:37!17; LUK 15:31!6; LUK 16:25!24; LUK 19:19!6; LUK 19:42!10; LUK 1:42!8; LUK 1:76!2; LUK 22:58!9; LUK 22:67!3; LUK 23:37!4; LUK 23:39!10; LUK 23:40!10; LUK 4:7!1; LUK 9:60!11)|τήν (LUK 2:16!6)|τί (LUK 10:25!10; LUK 10:26!9; LUK 12:11!18; LUK 12:11!21; LUK 12:22!15; LUK 12:22!20; LUK 12:26!6; LUK 12:29!5; LUK 12:29!8; LUK 15:26!7; LUK 16:4!2; LUK 17:8!6; LUK 18:18!9; LUK 18:36!6; LUK 18:6!6; LUK 19:15!23; LUK 19:48!5; LUK 1:62!7; LUK 20:15!8; LUK 21:7!11; LUK 23:31!12; LUK 23:34!11; LUK 2:48!13; LUK 3:12!11; LUK 5:23!1; LUK 6:11!9; LUK 6:41!1; LUK 7:25!2; LUK 7:26!2; LUK 9:25!1)|τίνα (LUK 11:11!1; LUK 12:5!4; LUK 9:20!6)|τίνι (LUK 11:19!13; LUK 12:20!19; LUK 13:18!11; LUK 14:34!12; LUK 6:47!16; LUK 7:31!10)|τίνος (LUK 20:24!4; LUK 20:33!7)|τίς (LUK 10:22!11; LUK 10:22!20; LUK 10:29!11; LUK 10:36!1; LUK 12:14!6; LUK 12:25!1; LUK 14:28!1; LUK 14:31!2; LUK 15:8!2; LUK 16:11!12; LUK 16:12!11; LUK 18:26!6; LUK 19:3!6; LUK 20:2!14; LUK 22:23!8; LUK 22:24!8; LUK 22:27!1; LUK 22:64!7; LUK 3:7!11; LUK 4:34!13; LUK 5:21!16; LUK 7:39!18; LUK 7:42!7; LUK 8:9!7; LUK 9:46!7; LUK 9:9!8)|ταύταις (LUK 1:39!7; LUK 23:7!19; LUK 24:18!23; LUK 6:12!6)|ταύτας (LUK 1:24!3)|ταύτην (LUK 12:41!10; LUK 13:16!1; LUK 13:6!3; LUK 15:3!7; LUK 18:5!9; LUK 18:9!19; LUK 20:19!29; LUK 20:2!21; LUK 20:9!9; LUK 23:48!9; LUK 24:21!19; LUK 4:23!10; LUK 4:6!10; LUK 7:44!10)|ταύτης (LUK 11:31!12; LUK 11:32!10; LUK 11:50!16; LUK 11:51!22; LUK 17:25!12; LUK 7:31!8)|ταύτῃ (LUK 11:30!17; LUK 12:20!7; LUK 13:32!8; LUK 13:7!17; LUK 16:24!30; LUK 17:34!3; LUK 17:6!15; LUK 19:42!8)|ταῖς (LUK 11:43!10; LUK 11:43!16; LUK 13:26!11; LUK 17:26!12; LUK 17:26!5; LUK 17:28!5; LUK 1:18!21; LUK 1:39!5; LUK 1:5!3; LUK 1:6!11; LUK 1:7!15; LUK 1:75!8; LUK 1:80!11; LUK 20:46!14; LUK 20:46!19; LUK 21:14!4; LUK 21:21!19; LUK 21:23!11; LUK 21:23!2; LUK 21:23!7; LUK 23:7!20; LUK 24:18!21; LUK 24:27!14; LUK 2:1!4; LUK 2:47!11; LUK 3:15!9; LUK 4:15!5; LUK 4:2!12; LUK 4:25!10; LUK 4:43!8; LUK 5:16!6; LUK 5:22!15; LUK 5:35!15; LUK 6:1!19; LUK 6:12!4; LUK 7:38!17; LUK 7:44!33; LUK 9:36!18)|ταῦτα (LUK 10:1!3; LUK 10:21!23; LUK 11:27!7; LUK 11:42!25; LUK 11:45!9; LUK 12:30!1; LUK 12:31!7; LUK 12:4!16; LUK 13:17!2; LUK 13:2!17; LUK 14:15!6; LUK 14:21!9; LUK 14:6!6; LUK 15:26!10; LUK 16:14!3; LUK 17:8!18; LUK 18:11!6; LUK 18:23!4; LUK 18:4!7; LUK 19:11!4; LUK 19:28!3; LUK 1:19!23; LUK 1:20!13; LUK 1:65!20; LUK 20:2!11; LUK 20:8!13; LUK 21:31!6; LUK 21:36!10; LUK 21:7!16; LUK 21:7!8; LUK 21:9!11; LUK 23:31!7; LUK 23:49!17; LUK 24:10!21; LUK 24:11!9; LUK 24:21!24; LUK 24:26!2; LUK 24:9!7; LUK 2:19!8; LUK 4:28!9; LUK 5:27!3; LUK 7:9!3; LUK 8:8!14; LUK 9:34!1)|τι (LUK 10:35!17; LUK 11:36!11; LUK 11:54!4; LUK 12:4!20; LUK 19:8!21; LUK 23:8!24)|τινά (LUK 10:38!10)|τινα (LUK 17:12!5; LUK 21:2!3; LUK 23:26!7; LUK 8:51!9; LUK 9:49!7)|τινας (LUK 18:9!5)|τινες (LUK 13:1!3; LUK 13:31!6; LUK 19:39!2; LUK 20:27!3; LUK 20:39!3; LUK 24:22!4; LUK 24:24!3; LUK 8:2!3; LUK 9:27!6)|τινι (LUK 18:2!6; LUK 7:41!5)|τινος (LUK 14:1!9; LUK 14:8!4; LUK 20:28!7; LUK 22:35!14; LUK 7:2!3)|τινων (LUK 21:5!2; LUK 9:7!15; LUK 9:8!2)|τινός (LUK 19:8!20)|τινὰ (LUK 23:19!5)|τινὰς (LUK 7:18!13)|τινὲς (LUK 11:15!1)|τινὶ (LUK 11:1!9; LUK 12:15!16)|τινὸς (LUK 12:16!8)|τις (LUK 10:25!4; LUK 10:30!7; LUK 10:31!5; LUK 10:33!3; LUK 10:38!13; LUK 11:1!14; LUK 11:27!9; LUK 11:45!3; LUK 12:13!3; LUK 13:23!3; LUK 13:6!8; LUK 14:15!3; LUK 14:16!6; LUK 14:2!4; LUK 14:26!2; LUK 15:11!4; LUK 16:1!8; LUK 16:19!3; LUK 16:20!3; LUK 16:30!9; LUK 16:31!13; LUK 18:18!3; LUK 18:2!3; LUK 18:35!10; LUK 19:12!4; LUK 19:31!3; LUK 1:5!10; LUK 22:50!4; LUK 22:56!5; LUK 22:59!7; LUK 7:36!3; LUK 8:27!9; LUK 8:46!7; LUK 8:49!5; LUK 9:19!15; LUK 9:23!6; LUK 9:57!8; LUK 9:8!11)|τοιαῦτα (LUK 9:9!15)|τοιούτων (LUK 18:16!19)|τούτοις (LUK 16:26!4; LUK 24:21!17)|τούτου (LUK 13:16!21; LUK 22:51!8; LUK 24:4!8; LUK 2:17!13; LUK 9:45!23)|τούτους (LUK 19:15!16; LUK 19:27!5; LUK 20:16!6; LUK 9:28!6; LUK 9:44!9)|τούτων (LUK 10:36!2; LUK 12:27!23; LUK 12:30!16; LUK 17:2!21; LUK 18:34!4; LUK 21:12!3; LUK 21:28!3; LUK 24:14!10; LUK 24:48!4; LUK 3:8!27; LUK 7:18!9)|τούτῳ (LUK 10:20!3; LUK 10:5!12; LUK 14:9!11; LUK 18:30!9; LUK 19:19!4; LUK 19:9!12; LUK 1:61!16; LUK 21:23!24; LUK 23:14!24; LUK 23:4!17; LUK 4:3!14; LUK 7:8!15)|τοὺς (LUK 10:11!12; LUK 10:23!4; LUK 10:36!12; LUK 10:39!11; LUK 10:9!3; LUK 11:1!28; LUK 11:43!13; LUK 11:46!11; LUK 11:52!15; LUK 12:1!14; LUK 12:17!13; LUK 12:22!4; LUK 12:24!2; LUK 12:45!19; LUK 13:2!13; LUK 13:28!19; LUK 13:34!5; LUK 13:34!9; LUK 13:4!23; LUK 13:4!25; LUK 14:12!14; LUK 14:12!18; LUK 14:12!22; LUK 14:21!28; LUK 14:26!22; LUK 14:3!7; LUK 14:7!4; LUK 15:15!14; LUK 15:22!27; LUK 15:22!6; LUK 15:5!5; LUK 15:6!10; LUK 15:6!7; LUK 16:1!5; LUK 16:23!6; LUK 16:29!7; LUK 16:4!13; LUK 16:8!20; LUK 17:1!4; LUK 17:16!6; LUK 17:22!4; LUK 18:13!9; LUK 18:31!3; LUK 18:9!15; LUK 18:9!6; LUK 19:15!14; LUK 19:27!2; LUK 19:27!6; LUK 19:45!8; LUK 1:33!8; LUK 1:55!4; LUK 1:65!6; LUK 1:79!11; LUK 20:10!5; LUK 20:16!4; LUK 20:43!4; LUK 21:1!4; LUK 21:35!7; LUK 22:32!17; LUK 22:45!8; LUK 22:52!5; LUK 23:13!4; LUK 23:13!7; LUK 23:33!14; LUK 23:4!6; LUK 23:4!9; LUK 24:10!19; LUK 24:33!12; LUK 24:33!15; LUK 24:39!6; LUK 24:40!9; LUK 2:27!13; LUK 5:22!5; LUK 5:3!23; LUK 5:30!10; LUK 5:34!8; LUK 5:37!17; LUK 5:9!7; LUK 6:1!16; LUK 6:13!6; LUK 6:20!4; LUK 6:20!8; LUK 6:27!7; LUK 6:28!2; LUK 6:32!15; LUK 6:32!4; LUK 6:33!4; LUK 6:35!27; LUK 6:35!3; LUK 6:4!27; LUK 6:4!9; LUK 6:8!4; LUK 7:24!9; LUK 7:31!4; LUK 7:38!13; LUK 7:38!25; LUK 7:38!5; LUK 7:44!30; LUK 7:45!14; LUK 7:46!11; LUK 8:33!10; LUK 8:34!15; LUK 8:35!25; LUK 8:41!17; LUK 9:1!3; LUK 9:11!18; LUK 9:14!9; LUK 9:16!3; LUK 9:16!7; LUK 9:26!7; LUK 9:28!4; LUK 9:32!18; LUK 9:32!21; LUK 9:43!18; LUK 9:44!7; LUK 9:60!5; LUK 9:60!8)|τοῖς (LUK 10:20!19; LUK 11:13!10; LUK 11:13!23; LUK 11:30!5; LUK 11:42!4; LUK 11:43!3; LUK 11:46!23; LUK 11:46!6; LUK 11:48!6; LUK 11:52!3; LUK 12:3!19; LUK 12:33!16; LUK 12:4!4; LUK 12:44!7; LUK 12:54!4; LUK 13:10!9; LUK 13:17!17; LUK 13:17!19; LUK 13:19!25; LUK 14:17!11; LUK 14:33!10; LUK 16:23!19; LUK 17:14!8; LUK 18:32!3; LUK 19:24!2; LUK 19:39!13; LUK 19:8!15; LUK 1:20!18; LUK 1:45!8; LUK 1:50!9; LUK 1:79!2; LUK 20:1!23; LUK 20:45!7; LUK 20:46!24; LUK 22:28!9; LUK 22:4!4; LUK 23:11!8; LUK 23:30!10; LUK 23:30!4; LUK 24:9!13; LUK 24:9!9; LUK 2:33!11; LUK 2:38!14; LUK 2:44!15; LUK 2:44!18; LUK 2:49!13; LUK 3:14!20; LUK 3:7!3; LUK 4:21!13; LUK 4:22!12; LUK 4:22!8; LUK 4:31!13; LUK 4:36!21; LUK 5:7!3; LUK 5:8!6; LUK 6:2!11; LUK 6:23!22; LUK 6:24!4; LUK 6:26!14; LUK 6:27!12; LUK 6:27!4; LUK 6:4!17; LUK 7:25!19; LUK 7:32!4; LUK 7:38!9; LUK 7:44!26; LUK 8:10!13; LUK 8:25!20; LUK 8:27!28; LUK 9:16!20; LUK 9:61!13)|τοῦ (LUK 10:11!23; LUK 10:15!9; LUK 10:18!10; LUK 10:19!17; LUK 10:19!6; LUK 10:2!15; LUK 10:2!17; LUK 10:21!16; LUK 10:22!5; LUK 10:36!9; LUK 10:39!13; LUK 10:7!17; LUK 10:9!15; LUK 11:14!8; LUK 11:20!15; LUK 11:24!7; LUK 11:26!18; LUK 11:27!13; LUK 11:28!10; LUK 11:30!13; LUK 11:34!3; LUK 11:38!11; LUK 11:39!13; LUK 11:39!16; LUK 11:42!23; LUK 11:49!6; LUK 11:51!10; LUK 11:51!13; LUK 11:51!7; LUK 11:54!6; LUK 12:1!6; LUK 12:10!9; LUK 12:13!5; LUK 12:23!11; LUK 12:30!6; LUK 12:40!12; LUK 12:42!21; LUK 12:46!4; LUK 12:47!9; LUK 12:52!4; LUK 12:56!7; LUK 12:58!5; LUK 12:6!15; LUK 12:8!16; LUK 12:8!24; LUK 12:9!12; LUK 13:14!32; LUK 13:16!19; LUK 13:16!24; LUK 13:18!8; LUK 13:19!21; LUK 13:20!8; LUK 13:28!24; LUK 13:29!17; LUK 14:15!16; LUK 14:17!8; LUK 14:24!13; LUK 14:5!20; LUK 15:10!9; LUK 15:17!8; LUK 16:13!20; LUK 16:15!26; LUK 16:16!12; LUK 16:17!11; LUK 16:21!10; LUK 16:24!16; LUK 16:27!13; LUK 16:5!7; LUK 16:8!15; LUK 16:8!22; LUK 16:9!9; LUK 17:1!9; LUK 17:20!10; LUK 17:20!20; LUK 17:21!11; LUK 17:22!13; LUK 17:22!15; LUK 17:24!20; LUK 17:26!14; LUK 17:26!16; LUK 17:30!9; LUK 17:31!8; LUK 17:7!13; LUK 18:12!3; LUK 18:16!23; LUK 18:17!10; LUK 18:24!16; LUK 18:25!14; LUK 18:29!25; LUK 18:3!16; LUK 18:31!22; LUK 18:8!13; LUK 19:10!5; LUK 19:11!22; LUK 19:22!4; LUK 19:26!10; LUK 19:3!12; LUK 19:37!8; LUK 19:39!6; LUK 19:47!22; LUK 1:10!12; LUK 1:10!6; LUK 1:11!11; LUK 1:11!9; LUK 1:19!13; LUK 1:2!11; LUK 1:26!12; LUK 1:32!17; LUK 1:37!5; LUK 1:43!9; LUK 1:44!7; LUK 1:48!12; LUK 1:57!7; LUK 1:59!18; LUK 1:6!15; LUK 1:6!6; LUK 1:68!5; LUK 1:73!9; LUK 1:77!1; LUK 1:79!9; LUK 1:8!14; LUK 1:9!13; LUK 1:9!7; LUK 20:10!10; LUK 20:10!12; LUK 20:13!5; LUK 20:15!14; LUK 20:15!5; LUK 20:20!21; LUK 20:21!21; LUK 20:25!13; LUK 20:26!8; LUK 20:34!8; LUK 20:35!4; LUK 20:45!4; LUK 21:12!25; LUK 21:22!6; LUK 21:27!6; LUK 21:31!14; LUK 21:36!18; LUK 21:36!20; LUK 21:4!15; LUK 21:4!5; LUK 21:5!5; LUK 22:15!14; LUK 22:16!15; LUK 22:18!11; LUK 22:18!19; LUK 22:18!8; LUK 22:21!5; LUK 22:22!5; LUK 22:3!11; LUK 22:30!21; LUK 22:31!8; LUK 22:40!4; LUK 22:48!9; LUK 22:50!7; LUK 22:51!11; LUK 22:52!12; LUK 22:53!25; LUK 22:54!10; LUK 22:6!6; LUK 22:61!12; LUK 22:61!14; LUK 22:66!8; LUK 22:69!15; LUK 22:69!2; LUK 22:69!8; LUK 22:70!9; LUK 22:71!13; LUK 23:26!18; LUK 23:27!6; LUK 23:35!21; LUK 23:45!1; LUK 23:45!8; LUK 23:51!20; LUK 23:52!8; LUK 24:16!6; LUK 24:19!12; LUK 24:19!24; LUK 24:19!28; LUK 24:2!7; LUK 24:25!12; LUK 24:29!19; LUK 24:35!15; LUK 24:45!6; LUK 24:49!7; LUK 24:7!4; LUK 24:9!4; LUK 2:17!11; LUK 2:17!5; LUK 2:17!7; LUK 2:21!18; LUK 2:21!21; LUK 2:21!6; LUK 2:22!6; LUK 2:24!2; LUK 2:25!19; LUK 2:26!6; LUK 2:26!8; LUK 2:27!18; LUK 2:27!24; LUK 2:37!11; LUK 2:41!12; LUK 2:49!14; LUK 2:6!11; LUK 3:1!21; LUK 3:15!13; LUK 3:15!3; LUK 3:19!13; LUK 3:23!14; LUK 3:24!1; LUK 3:24!3; LUK 3:24!5; LUK 3:24!7; LUK 3:24!9; LUK 3:25!1; LUK 3:25!3; LUK 3:25!5; LUK 3:25!7; LUK 3:25!9; LUK 3:26!1; LUK 3:26!3; LUK 3:26!5; LUK 3:26!7; LUK 3:26!9; LUK 3:27!1; LUK 3:27!3; LUK 3:27!5; LUK 3:27!7; LUK 3:27!9; LUK 3:28!1; LUK 3:28!3; LUK 3:28!5; LUK 3:28!7; LUK 3:28!9; LUK 3:29!1; LUK 3:29!3; LUK 3:29!5; LUK 3:29!7; LUK 3:29!9; LUK 3:3!6; LUK 3:30!1; LUK 3:30!3; LUK 3:30!5; LUK 3:30!7; LUK 3:30!9; LUK 3:31!1; LUK 3:31!3; LUK 3:31!5; LUK 3:31!7; LUK 3:31!9; LUK 3:32!1; LUK 3:32!3; LUK 3:32!5; LUK 3:32!7; LUK 3:32!9; LUK 3:33!1; LUK 3:33!11; LUK 3:33!3; LUK 3:33!5; LUK 3:33!7; LUK 3:33!9; LUK 3:34!1; LUK 3:34!3; LUK 3:34!5; LUK 3:34!7; LUK 3:34!9; LUK 3:35!1; LUK 3:35!3; LUK 3:35!5; LUK 3:35!7; LUK 3:35!9; LUK 3:36!1; LUK 3:36!3; LUK 3:36!5; LUK 3:36!7; LUK 3:36!9; LUK 3:37!1; LUK 3:37!3; LUK 3:37!5; LUK 3:37!7; LUK 3:37!9; LUK 3:38!1; LUK 3:38!3; LUK 3:38!5; LUK 3:38!7; LUK 3:4!7; LUK 3:6!7; LUK 4:1!8; LUK 4:10!10; LUK 4:14!8; LUK 4:17!5; LUK 4:2!5; LUK 4:22!15; LUK 4:27!10; LUK 4:29!13; LUK 4:3!9; LUK 4:34!17; LUK 4:38!13; LUK 4:40!3; LUK 4:41!15; LUK 4:42!21; LUK 4:43!16; LUK 4:9!11; LUK 4:9!19; LUK 5:1!13; LUK 5:10!24; LUK 5:14!16; LUK 5:19!26; LUK 5:24!7; LUK 5:3!20; LUK 5:34!10; LUK 5:36!34; LUK 5:7!9; LUK 6:12!19; LUK 6:17!17; LUK 6:20!20; LUK 6:22!22; LUK 6:22!24; LUK 6:29!13; LUK 6:30!7; LUK 6:4!6; LUK 6:41!10; LUK 6:42!32; LUK 6:42!44; LUK 6:44!5; LUK 6:45!18; LUK 6:45!5; LUK 6:5!10; LUK 6:5!6; LUK 7:1!10; LUK 7:28!16; LUK 7:3!4; LUK 7:30!9; LUK 7:34!4; LUK 7:36!16; LUK 7:37!17; LUK 8:1!18; LUK 8:10!11; LUK 8:11!11; LUK 8:14!18; LUK 8:21!17; LUK 8:24!18; LUK 8:28!18; LUK 8:28!20; LUK 8:29!28; LUK 8:29!9; LUK 8:33!17; LUK 8:33!6; LUK 8:35!27; LUK 8:44!14; LUK 8:44!4; LUK 8:44!6; LUK 8:47!21; LUK 8:49!7; LUK 8:5!25; LUK 8:5!4; LUK 9:11!15; LUK 9:2!7; LUK 9:20!16; LUK 9:22!6; LUK 9:26!13; LUK 9:26!23; LUK 9:27!20; LUK 9:29!9; LUK 9:37!9; LUK 9:38!5; LUK 9:43!7; LUK 9:44!13; LUK 9:45!21; LUK 9:51!16; LUK 9:54!15; LUK 9:58!13; LUK 9:58!19; LUK 9:60!17; LUK 9:62!20)|τοῦτο (LUK 10:11!17; LUK 10:28!6; LUK 13:8!10; LUK 16:2!7; LUK 18:34!10; LUK 18:36!8; LUK 1:18!10; LUK 1:34!9; LUK 1:43!4; LUK 1:66!15; LUK 20:17!11; LUK 22:15!7; LUK 22:17!7; LUK 22:19!19; LUK 22:23!14; LUK 22:37!5; LUK 22:42!6; LUK 23:46!16; LUK 24:40!2; LUK 2:12!2; LUK 2:15!25; LUK 3:20!3; LUK 4:43!20; LUK 5:6!2; LUK 6:3!9; LUK 7:4!16; LUK 7:8!29; LUK 9:21!8; LUK 9:45!6; LUK 9:48!7)|τοῦτον (LUK 12:5!20; LUK 12:56!14; LUK 16:28!16; LUK 19:14!15; LUK 20:12!8; LUK 20:13!16; LUK 23:14!8; LUK 23:18!6; LUK 9:13!31; LUK 9:26!10)|τό (LUK 22:37!12)|τὰ (LUK 10:17!11; LUK 10:20!14; LUK 10:20!7; LUK 10:34!4; LUK 10:7!10; LUK 10:8!11; LUK 11:15!13; LUK 11:17!5; LUK 11:18!20; LUK 11:19!7; LUK 11:20!7; LUK 11:21!12; LUK 11:22!16; LUK 11:26!16; LUK 11:41!2; LUK 11:44!6; LUK 11:44!8; LUK 11:47!5; LUK 11:7!14; LUK 12:18!19; LUK 12:27!2; LUK 12:30!4; LUK 12:33!2; LUK 13:19!19; LUK 13:34!16; LUK 14:26!19; LUK 14:32!11; LUK 15:31!13; LUK 15:4!15; LUK 16:1!20; LUK 16:21!18; LUK 16:25!18; LUK 16:25!8; LUK 16:6!13; LUK 16:7!18; LUK 17:1!10; LUK 17:10!7; LUK 17:30!2; LUK 17:31!11; LUK 17:31!29; LUK 17:9!8; LUK 18:15!5; LUK 18:16!8; LUK 18:24!10; LUK 18:28!8; LUK 18:31!15; LUK 18:34!17; LUK 19:35!10; LUK 19:36!5; LUK 19:42!11; LUK 19:44!5; LUK 19:8!9; LUK 1:44!11; LUK 1:65!18; LUK 20:25!12; LUK 20:25!8; LUK 21:1!9; LUK 21:21!8; LUK 21:22!9; LUK 21:24!8; LUK 21:29!10; LUK 21:36!12; LUK 21:4!10; LUK 22:41!11; LUK 23:28!20; LUK 23:34!15; LUK 23:48!11; LUK 23:48!14; LUK 24:11!7; LUK 24:12!12; LUK 24:18!16; LUK 24:27!16; LUK 24:35!4; LUK 24:44!21; LUK 24:47!13; LUK 24:5!7; LUK 2:19!6; LUK 2:39!5; LUK 2:51!19; LUK 3:5!12; LUK 5:11!3; LUK 5:2!16; LUK 5:4!15; LUK 5:5!18; LUK 5:6!10; LUK 5:7!18; LUK 6:23!18; LUK 6:26!10; LUK 6:30!9; LUK 6:34!18; LUK 7:1!4; LUK 8:10!7; LUK 8:29!24; LUK 8:33!3; LUK 8:35!18; LUK 8:38!9; LUK 8:5!23; LUK 9:1!12; LUK 9:44!4; LUK 9:58!11; LUK 9:62!14; LUK 9:7!6)|τὰς (LUK 10:10!13; LUK 11:4!4; LUK 12:11!12; LUK 12:11!6; LUK 12:11!9; LUK 12:18!7; LUK 12:45!22; LUK 13:13!4; LUK 13:34!26; LUK 14:21!21; LUK 14:23!10; LUK 14:26!25; LUK 14:7!9; LUK 15:9!4; LUK 16:15!16; LUK 16:9!19; LUK 18:20!1; LUK 19:24!13; LUK 1:24!4; LUK 20:19!11; LUK 20:47!3; LUK 21:12!15; LUK 21:12!8; LUK 21:19!6; LUK 21:28!8; LUK 21:37!3; LUK 21:37!9; LUK 22:30!17; LUK 22:53!12; LUK 24:32!22; LUK 24:39!2; LUK 24:40!6; LUK 24:45!8; LUK 24:50!9; LUK 2:28!6; LUK 2:43!3; LUK 3:4!20; LUK 4:40!20; LUK 4:44!5; LUK 4:5!7; LUK 7:1!8; LUK 8:14!4; LUK 8:29!31; LUK 9:12!18; LUK 9:51!6; LUK 9:6!5)|τὴν (LUK 10:19!15; LUK 10:19!4; LUK 10:35!3; LUK 10:4!11; LUK 10:42!9; LUK 11:21!6; LUK 11:22!8; LUK 11:31!24; LUK 11:33!13; LUK 11:42!18; LUK 11:42!21; LUK 11:43!7; LUK 11:52!7; LUK 11:7!20; LUK 11:8!16; LUK 12:13!16; LUK 12:20!10; LUK 12:25!8; LUK 12:31!3; LUK 12:32!13; LUK 12:41!8; LUK 12:49!5; LUK 12:5!15; LUK 12:53!15; LUK 12:53!19; LUK 12:53!25; LUK 13:20!6; LUK 13:25!17; LUK 13:25!9; LUK 13:34!22; LUK 13:6!4; LUK 13:7!25; LUK 14:26!13; LUK 14:26!16; LUK 14:26!30; LUK 14:28!12; LUK 14:8!10; LUK 15:13!18; LUK 15:14!9; LUK 15:16!4; LUK 15:22!12; LUK 15:22!21; LUK 15:3!5; LUK 15:8!16; LUK 15:9!13; LUK 16:17!7; LUK 16:18!4; LUK 16:24!22; LUK 16:3!14; LUK 16:8!25; LUK 16:8!27; LUK 17:2!14; LUK 17:24!12; LUK 17:27!11; LUK 17:33!4; LUK 18:17!8; LUK 18:20!17; LUK 18:24!14; LUK 18:25!12; LUK 18:35!13; LUK 18:5!7; LUK 18:7!7; LUK 18:8!18; LUK 18:8!5; LUK 18:9!17; LUK 19:1!4; LUK 19:15!8; LUK 19:24!8; LUK 19:30!4; LUK 19:41!5; LUK 1:39!10; LUK 1:4!7; LUK 1:40!9; LUK 1:48!4; LUK 20:19!27; LUK 20:2!19; LUK 20:21!19; LUK 20:23!4; LUK 20:28!21; LUK 20:9!7; LUK 21:29!6; LUK 22:10!20; LUK 22:10!9; LUK 22:19!22; LUK 22:44!17; LUK 22:54!8; LUK 23:44!12; LUK 23:48!7; LUK 23:51!18; LUK 23:56!13; LUK 24:26!10; LUK 24:28!4; LUK 24:49!5; LUK 24:5!10; LUK 2:1!14; LUK 2:3!7; LUK 2:34!9; LUK 2:35!5; LUK 2:39!12; LUK 2:4!12; LUK 2:8!16; LUK 3:17!17; LUK 3:17!9; LUK 3:4!15; LUK 3:9!7; LUK 4:14!11; LUK 4:16!20; LUK 4:23!18; LUK 4:23!8; LUK 4:25!32; LUK 4:38!8; LUK 4:43!14; LUK 4:6!13; LUK 4:6!8; LUK 5:1!20; LUK 5:11!6; LUK 5:13!3; LUK 5:2!7; LUK 5:20!3; LUK 6:10!8; LUK 6:24!8; LUK 6:29!5; LUK 6:29!9; LUK 6:41!13; LUK 6:41!16; LUK 6:42!18; LUK 6:42!29; LUK 6:48!14; LUK 6:49!13; LUK 6:6!9; LUK 6:8!14; LUK 7:24!16; LUK 7:27!16; LUK 7:30!7; LUK 7:44!11; LUK 7:44!16; LUK 7:44!4; LUK 7:46!2; LUK 7:5!7; LUK 7:50!4; LUK 7:6!31; LUK 8:1!16; LUK 8:12!4; LUK 8:23!10; LUK 8:26!4; LUK 8:27!5; LUK 8:31!9; LUK 8:33!20; LUK 8:34!11; LUK 8:39!17; LUK 8:5!18; LUK 8:51!25; LUK 8:51!4; LUK 8:6!5; LUK 8:8!5; LUK 8:8!7; LUK 9:2!5; LUK 9:24!15; LUK 9:24!5; LUK 9:27!18; LUK 9:3!8; LUK 9:31!6; LUK 9:32!14; LUK 9:34!17; LUK 9:36!5; LUK 9:58!24; LUK 9:60!15; LUK 9:62!7)|τὸ (LUK 10:34!15; LUK 10:37!6; LUK 11:2!9; LUK 11:24!2; LUK 11:29!22; LUK 11:3!8; LUK 11:32!17; LUK 11:33!18; LUK 11:34!17; LUK 11:34!27; LUK 11:35!4; LUK 11:35!6; LUK 11:36!3; LUK 11:39!11; LUK 11:39!19; LUK 11:40!5; LUK 11:40!8; LUK 11:42!11; LUK 11:42!8; LUK 11:50!3; LUK 11:50!8; LUK 11:8!10; LUK 12:10!16; LUK 12:12!1; LUK 12:23!9; LUK 12:3!15; LUK 12:32!3; LUK 12:4!12; LUK 12:42!25; LUK 12:46!22; LUK 12:47!18; LUK 12:47!7; LUK 12:5!9; LUK 12:56!2; LUK 12:57!8; LUK 12:59!9; LUK 13:1!14; LUK 13:11!17; LUK 13:8!11; LUK 13:9!6; LUK 14:34!3; LUK 14:34!8; LUK 15:12!11; LUK 15:4!24; LUK 15:6!18; LUK 15:6!21; LUK 16:11!10; LUK 16:12!9; LUK 16:15!20; LUK 16:24!14; LUK 17:35!5; LUK 17:37!12; LUK 18:1!6; LUK 18:10!5; LUK 18:13!17; LUK 18:34!8; LUK 18:5!3; LUK 19:10!10; LUK 19:11!9; LUK 19:15!19; LUK 19:23!7; LUK 19:29!10; LUK 19:29!12; LUK 19:37!14; LUK 19:4!4; LUK 19:45!4; LUK 19:47!4; LUK 19:48!4; LUK 1:10!3; LUK 1:13!25; LUK 1:27!12; LUK 1:31!11; LUK 1:35!19; LUK 1:38!11; LUK 1:41!12; LUK 1:44!17; LUK 1:47!3; LUK 1:49!9; LUK 1:5!24; LUK 1:50!2; LUK 1:58!12; LUK 1:59!10; LUK 1:62!6; LUK 1:64!3; LUK 1:66!13; LUK 1:9!2; LUK 20:17!9; LUK 21:1!7; LUK 21:17!7; LUK 21:30!11; LUK 21:37!15; LUK 21:37!17; LUK 21:7!12; LUK 21:9!17; LUK 22:11!13; LUK 22:11!16; LUK 22:13!9; LUK 22:15!8; LUK 22:19!12; LUK 22:19!15; LUK 22:2!8; LUK 22:20!10; LUK 22:20!19; LUK 22:20!2; LUK 22:20!6; LUK 22:22!8; LUK 22:23!7; LUK 22:24!7; LUK 22:36!18; LUK 22:37!19; LUK 22:37!6; LUK 22:39!5; LUK 22:39!8; LUK 22:4!8; LUK 22:42!13; LUK 22:42!17; LUK 22:42!7; LUK 22:49!6; LUK 22:50!13; LUK 22:50!16; LUK 22:56!8; LUK 22:66!18; LUK 22:66!6; LUK 22:7!10; LUK 22:8!10; LUK 23:1!4; LUK 23:2!9; LUK 23:24!5; LUK 23:45!6; LUK 23:46!13; LUK 23:47!5; LUK 23:52!6; LUK 23:55!13; LUK 23:55!18; LUK 23:56!8; LUK 23:8!18; LUK 24:1!9; LUK 24:12!20; LUK 24:12!7; LUK 24:22!12; LUK 24:23!4; LUK 24:24!8; LUK 24:3!5; LUK 2:15!23; LUK 2:15!26; LUK 2:16!13; LUK 2:21!11; LUK 2:21!15; LUK 2:24!6; LUK 2:27!15; LUK 2:27!22; LUK 2:27!7; LUK 2:29!8; LUK 2:30!6; LUK 2:4!21; LUK 2:42!9; LUK 2:50!5; LUK 3:13!9; LUK 3:17!2; LUK 3:17!20; LUK 3:22!3; LUK 3:22!5; LUK 3:6!5; LUK 4:16!11; LUK 4:17!10; LUK 4:20!3; LUK 4:35!15; LUK 4:35!18; LUK 4:9!9; LUK 5:17!34; LUK 5:19!12; LUK 5:19!23; LUK 5:24!24; LUK 5:27!12; LUK 5:36!22; LUK 5:36!30; LUK 5:36!32; LUK 5:4!11; LUK 6:12!10; LUK 6:22!16; LUK 6:29!16; LUK 6:33!14; LUK 6:41!4; LUK 6:41!6; LUK 6:42!10; LUK 6:42!12; LUK 6:42!38; LUK 6:42!40; LUK 6:45!12; LUK 6:45!21; LUK 6:45!28; LUK 6:48!31; LUK 6:49!26; LUK 6:8!20; LUK 7:29!13; LUK 7:43!7; LUK 7:5!3; LUK 8:14!1; LUK 8:15!1; LUK 8:16!20; LUK 8:22!22; LUK 8:34!5; LUK 8:35!4; LUK 8:37!5; LUK 8:55!3; LUK 8:56!12; LUK 8:6!11; LUK 9:17!8; LUK 9:28!19; LUK 9:29!7; LUK 9:42!7; LUK 9:45!4; LUK 9:46!6; LUK 9:48!8; LUK 9:51!13; LUK 9:53!6; LUK 9:7!12)|τὸν (LUK 10:11!2; LUK 10:11!4; LUK 10:16!17; LUK 10:18!5; LUK 10:2!23; LUK 10:27!34; LUK 10:27!7; LUK 10:29!8; LUK 10:32!6; LUK 10:39!16; LUK 11:11!5; LUK 11:24!21; LUK 11:28!8; LUK 11:3!1; LUK 11:3!4; LUK 11:33!9; LUK 12:10!7; LUK 12:18!16; LUK 12:28!5; LUK 12:36!6; LUK 12:39!18; LUK 12:5!7; LUK 12:56!11; LUK 12:58!22; LUK 13:13!11; LUK 13:15!15; LUK 13:15!19; LUK 13:7!4; LUK 14:10!7; LUK 14:17!3; LUK 14:23!6; LUK 14:26!9; LUK 14:27!4; LUK 14:9!18; LUK 15:12!20; LUK 15:18!13; LUK 15:18!4; LUK 15:20!24; LUK 15:20!5; LUK 15:21!9; LUK 15:23!3; LUK 15:23!5; LUK 15:27!15; LUK 15:27!17; LUK 15:30!10; LUK 15:30!17; LUK 15:6!4; LUK 16:13!13; LUK 16:13!9; LUK 16:17!4; LUK 16:2!12; LUK 16:20!8; LUK 16:22!13; LUK 16:22!4; LUK 16:27!11; LUK 16:28!14; LUK 16:8!5; LUK 17:15!13; LUK 17:2!8; LUK 17:24!9; LUK 18:13!13; LUK 18:14!7; LUK 18:2!8; LUK 18:20!13; LUK 18:4!14; LUK 18:43!8; LUK 19:3!4; LUK 19:33!14; LUK 19:33!4; LUK 19:35!13; LUK 19:35!16; LUK 19:35!5; LUK 19:37!20; LUK 19:44!22; LUK 19:5!5; LUK 19:8!6; LUK 1:16!9; LUK 1:18!5; LUK 1:20!24; LUK 1:21!6; LUK 1:23!12; LUK 1:32!14; LUK 1:33!4; LUK 1:34!5; LUK 1:40!4; LUK 1:41!5; LUK 1:46!8; LUK 1:55!14; LUK 1:56!12; LUK 1:64!14; LUK 1:73!6; LUK 1:80!18; LUK 1:9!11; LUK 20:1!9; LUK 20:13!10; LUK 20:13!13; LUK 20:16!9; LUK 20:18!6; LUK 20:19!19; LUK 20:37!15; LUK 20:41!7; LUK 20:9!4; LUK 21:27!4; LUK 21:4!19; LUK 22:2!14; LUK 22:3!6; LUK 22:31!11; LUK 22:48!7; LUK 22:50!9; LUK 23:1!10; LUK 23:13!10; LUK 23:14!11; LUK 23:14!6; LUK 23:18!10; LUK 23:20!8; LUK 23:25!13; LUK 23:25!3; LUK 23:26!14; LUK 23:33!5; LUK 23:33!7; LUK 23:40!11; LUK 23:47!8; LUK 23:5!7; LUK 23:8!5; LUK 24:2!3; LUK 24:21!10; LUK 24:26!5; LUK 24:30!10; LUK 24:45!4; LUK 24:46!8; LUK 24:5!17; LUK 24:51!14; LUK 24:53!9; LUK 24:7!2; LUK 2:13!11; LUK 2:15!8; LUK 2:16!10; LUK 2:20!8; LUK 2:22!10; LUK 2:26!17; LUK 2:28!10; LUK 2:29!3; LUK 2:39!7; LUK 2:7!3; LUK 2:7!6; LUK 3:16!21; LUK 3:17!14; LUK 3:18!8; LUK 3:2!11; LUK 3:20!8; LUK 3:21!15; LUK 3:21!7; LUK 3:8!15; LUK 4:11!11; LUK 4:12!12; LUK 4:17!13; LUK 4:41!25; LUK 4:8!9; LUK 5:1!11; LUK 5:1!5; LUK 5:10!17; LUK 5:12!18; LUK 5:19!8; LUK 5:24!29; LUK 5:25!12; LUK 5:25!16; LUK 5:26!7; LUK 5:4!7; LUK 6:14!8; LUK 6:15!10; LUK 6:29!19; LUK 6:38!12; LUK 6:4!4; LUK 6:40!5; LUK 7:10!4; LUK 7:10!9; LUK 7:16!21; LUK 7:16!7; LUK 7:19!3; LUK 7:27!8; LUK 7:29!10; LUK 7:3!17; LUK 7:36!14; LUK 7:4!5; LUK 8:12!15; LUK 8:13!12; LUK 8:15!16; LUK 8:19!17; LUK 8:21!15; LUK 8:28!3; LUK 8:35!14; LUK 8:35!9; LUK 8:39!3; LUK 8:40!5; LUK 8:41!25; LUK 8:49!17; LUK 8:5!6; LUK 8:51!20; LUK 9:12!13; LUK 9:13!29; LUK 9:16!12; LUK 9:19!6; LUK 9:22!4; LUK 9:23!15; LUK 9:25!6; LUK 9:33!13; LUK 9:38!14; LUK 9:41!21; LUK 9:42!21; LUK 9:47!5; LUK 9:48!22; LUK 9:5!12; LUK 9:59!16; LUK 9:61!15)|τῆς (LUK 10:11!8; LUK 10:21!19; LUK 10:27!12; LUK 11:31!10; LUK 11:31!21; LUK 11:32!8; LUK 11:50!14; LUK 11:51!20; LUK 11:52!9; LUK 12:1!21; LUK 12:23!6; LUK 12:42!18; LUK 12:56!4; LUK 12:7!5; LUK 13:12!12; LUK 13:15!22; LUK 13:24!4; LUK 14:21!25; LUK 15:12!14; LUK 15:15!7; LUK 16:2!14; LUK 16:21!8; LUK 16:28!17; LUK 16:4!8; LUK 16:8!7; LUK 16:9!11; LUK 17:24!7; LUK 17:25!10; LUK 17:32!2; LUK 17:4!4; LUK 18:29!23; LUK 18:6!9; LUK 18:8!21; LUK 19:44!24; LUK 1:23!7; LUK 1:26!16; LUK 1:27!14; LUK 1:33!11; LUK 1:41!7; LUK 1:42!15; LUK 1:48!6; LUK 1:5!7; LUK 1:61!9; LUK 1:65!14; LUK 1:8!10; LUK 1:9!4; LUK 20:35!11; LUK 20:35!9; LUK 20:36!13; LUK 20:37!10; LUK 21:18!4; LUK 21:23!18; LUK 21:25!12; LUK 21:35!12; LUK 22:11!5; LUK 22:18!13; LUK 22:21!11; LUK 22:30!6; LUK 22:45!14; LUK 22:45!4; LUK 22:55!6; LUK 22:69!13; LUK 23:49!14; LUK 23:5!12; LUK 23:5!17; LUK 23:55!9; LUK 23:7!5; LUK 24:41!6; LUK 2:2!6; LUK 2:36!21; LUK 2:4!6; LUK 2:42!11; LUK 2:8!13; LUK 3:1!12; LUK 3:1!16; LUK 3:1!25; LUK 3:1!32; LUK 3:1!5; LUK 3:19!11; LUK 3:7!16; LUK 3:8!5; LUK 4:14!18; LUK 4:22!10; LUK 4:26!11; LUK 4:29!6; LUK 4:31!6; LUK 4:37!9; LUK 4:38!4; LUK 4:44!7; LUK 4:5!9; LUK 5:17!23; LUK 5:24!12; LUK 5:3!13; LUK 6:17!21; LUK 6:17!26; LUK 6:4!11; LUK 6:45!8; LUK 6:49!28; LUK 7:12!23; LUK 7:12!6; LUK 7:14!4; LUK 7:31!6; LUK 7:38!19; LUK 7:6!14; LUK 8:10!9; LUK 8:12!18; LUK 8:13!4; LUK 8:22!24; LUK 8:26!11; LUK 8:27!11; LUK 8:37!7; LUK 8:41!11; LUK 8:51!22; LUK 8:54!4; LUK 9:11!13; LUK 9:35!5; LUK 9:47!7; LUK 9:5!9; LUK 9:51!8)|τῇ (LUK 10:12!12; LUK 10:12!6; LUK 10:14!8; LUK 10:21!3; LUK 10:27!18; LUK 10:27!24; LUK 10:27!30; LUK 10:31!8; LUK 10:7!4; LUK 11:30!15; LUK 11:31!5; LUK 11:32!5; LUK 11:36!20; LUK 12:12!9; LUK 12:19!3; LUK 12:20!8; LUK 12:22!13; LUK 12:27!17; LUK 12:3!5; LUK 12:38!3; LUK 12:38!7; LUK 12:45!8; LUK 12:51!7; LUK 12:58!11; LUK 13:14!30; LUK 13:16!22; LUK 13:28!22; LUK 13:29!15; LUK 13:31!3; LUK 13:32!19; LUK 13:32!6; LUK 13:33!8; LUK 13:7!15; LUK 14:14!13; LUK 14:15!14; LUK 14:17!6; LUK 15:25!14; LUK 15:4!19; LUK 16:24!28; LUK 16:25!12; LUK 17:24!23; LUK 17:31!15; LUK 17:31!3; LUK 17:34!4; LUK 17:6!13; LUK 17:6!20; LUK 18:3!5; LUK 18:33!6; LUK 18:33!8; LUK 19:3!15; LUK 19:36!9; LUK 19:37!6; LUK 19:42!6; LUK 1:10!10; LUK 1:14!10; LUK 1:36!20; LUK 1:41!15; LUK 1:44!20; LUK 1:59!4; LUK 1:59!6; LUK 1:65!12; LUK 1:66!7; LUK 1:8!8; LUK 20:19!15; LUK 20:20!16; LUK 20:20!19; LUK 20:26!13; LUK 20:33!5; LUK 21:19!2; LUK 21:21!4; LUK 21:26!9; LUK 22:16!13; LUK 22:30!10; LUK 23:12!12; LUK 23:19!14; LUK 23:19!8; LUK 23:51!5; LUK 23:51!8; LUK 24:1!1; LUK 24:13!8; LUK 24:25!10; LUK 24:32!17; LUK 24:33!4; LUK 24:35!13; LUK 24:35!6; LUK 24:38!13; LUK 24:46!14; LUK 24:49!16; LUK 24:6!13; LUK 24:7!16; LUK 2:16!17; LUK 2:19!11; LUK 2:21!25; LUK 2:38!3; LUK 2:41!10; LUK 2:44!6; LUK 2:47!8; LUK 2:5!4; LUK 2:51!23; LUK 2:8!5; LUK 2:8!7; LUK 3:17!5; LUK 3:2!15; LUK 3:4!12; LUK 4:1!16; LUK 4:14!6; LUK 4:16!15; LUK 4:20!14; LUK 4:23!24; LUK 4:24!12; LUK 4:28!6; LUK 4:32!4; LUK 4:33!3; LUK 5:29!8; LUK 5:9!11; LUK 6:12!17; LUK 6:23!4; LUK 6:48!22; LUK 7:12!14; LUK 7:12!4; LUK 7:15!11; LUK 7:17!14; LUK 7:17!8; LUK 7:21!3; LUK 7:28!14; LUK 7:37!15; LUK 7:37!7; LUK 8:15!4; LUK 9:22!22; LUK 9:26!19; LUK 9:37!3; LUK 9:43!5; LUK 9:57!5; LUK 9:62!18)|τῇδε (LUK 10:39!2)|τῶν (LUK 10:36!3; LUK 11:1!15; LUK 11:15!10; LUK 11:26!22; LUK 11:31!19; LUK 11:31!8; LUK 11:45!4; LUK 11:46!18; LUK 11:47!7; LUK 11:48!8; LUK 11:50!6; LUK 12:1!26; LUK 12:1!4; LUK 12:15!22; LUK 12:24!24; LUK 12:26!8; LUK 12:3!23; LUK 12:36!12; LUK 12:4!10; LUK 12:46!26; LUK 12:8!11; LUK 12:8!22; LUK 12:9!10; LUK 12:9!6; LUK 13:1!11; LUK 13:1!19; LUK 13:10!6; LUK 13:28!8; LUK 14:1!10; LUK 14:1!12; LUK 14:10!27; LUK 14:14!15; LUK 14:15!4; LUK 14:24!6; LUK 14:24!9; LUK 15:10!7; LUK 15:15!5; LUK 15:16!8; LUK 15:19!11; LUK 15:26!4; LUK 15:29!25; LUK 16:15!10; LUK 16:21!5; LUK 16:22!10; LUK 16:31!7; LUK 16:5!5; LUK 17:2!19; LUK 17:20!4; LUK 17:22!11; LUK 18:11!18; LUK 18:16!17; LUK 18:31!18; LUK 18:7!12; LUK 18:7!9; LUK 19:29!17; LUK 19:37!10; LUK 19:37!16; LUK 19:39!3; LUK 19:8!12; LUK 1:1!7; LUK 1:16!3; LUK 1:5!20; LUK 1:70!5; LUK 1:71!9; LUK 1:72!4; LUK 20:1!5; LUK 20:27!4; LUK 20:39!4; LUK 20:43!8; LUK 20:46!3; LUK 20:46!5; LUK 20:47!5; LUK 21:26!14; LUK 21:26!7; LUK 22:1!5; LUK 22:11!19; LUK 22:25!7; LUK 22:3!13; LUK 22:39!10; LUK 22:47!11; LUK 22:7!5; LUK 23:3!11; LUK 23:37!8; LUK 23:38!9; LUK 23:39!3; LUK 23:51!14; LUK 24:1!4; LUK 24:14!8; LUK 24:24!4; LUK 24:27!8; LUK 24:5!20; LUK 24:8!3; LUK 2:18!10; LUK 2:18!7; LUK 2:31!6; LUK 2:46!14; LUK 3:16!23; LUK 3:8!25; LUK 3:9!9; LUK 4:16!17; LUK 5:12!9; LUK 5:15!16; LUK 5:17!5; LUK 5:19!15; LUK 5:3!5; LUK 5:30!17; LUK 5:33!17; LUK 5:9!13; LUK 6:18!8; LUK 6:2!3; LUK 6:28!7; LUK 6:47!9; LUK 7:18!14; LUK 7:24!3; LUK 7:3!10; LUK 7:35!7; LUK 7:36!5; LUK 8:22!5; LUK 8:26!6; LUK 8:3!16; LUK 8:37!9; LUK 8:4!6; LUK 8:7!6; LUK 9:19!16; LUK 9:22!13; LUK 9:26!26; LUK 9:27!7; LUK 9:40!3; LUK 9:5!15; LUK 9:8!12)|τῷ (LUK 10:17!16; LUK 10:21!6; LUK 10:21!8; LUK 10:26!7; LUK 10:35!22; LUK 10:35!9; LUK 10:38!3; LUK 10:5!10; LUK 11:1!4; LUK 11:10!11; LUK 11:15!8; LUK 11:27!4; LUK 11:37!3; LUK 12:10!13; LUK 12:13!10; LUK 12:15!14; LUK 12:22!18; LUK 12:3!9; LUK 12:58!29; LUK 13:1!6; LUK 13:14!13; LUK 13:14!7; LUK 13:15!11; LUK 13:4!11; LUK 13:6!11; LUK 14:1!4; LUK 14:12!4; LUK 14:21!15; LUK 14:21!6; LUK 14:3!13; LUK 14:31!21; LUK 15:12!6; LUK 15:29!5; LUK 15:7!7; LUK 16:11!4; LUK 16:12!4; LUK 16:23!3; LUK 16:5!11; LUK 16:5!15; LUK 17:11!4; LUK 17:14!13; LUK 17:18!6; LUK 17:5!5; LUK 17:9!4; LUK 18:13!25; LUK 18:27!10; LUK 18:30!12; LUK 18:30!14; LUK 18:30!7; LUK 18:31!20; LUK 18:35!4; LUK 18:43!17; LUK 19:15!4; LUK 19:24!12; LUK 19:26!5; LUK 19:47!8; LUK 19:5!19; LUK 19:9!10; LUK 1:21!11; LUK 1:21!14; LUK 1:22!13; LUK 1:26!3; LUK 1:26!5; LUK 1:29!4; LUK 1:30!13; LUK 1:47!7; LUK 1:47!9; LUK 1:55!10; LUK 1:55!7; LUK 1:59!16; LUK 1:61!14; LUK 1:62!3; LUK 1:68!12; LUK 1:77!5; LUK 1:8!4; LUK 20:1!12; LUK 20:25!15; LUK 20:28!26; LUK 20:42!10; LUK 21:23!22; LUK 21:37!6; LUK 21:38!9; LUK 21:8!11; LUK 22:11!3; LUK 22:20!16; LUK 22:22!13; LUK 22:47!17; LUK 22:53!8; LUK 22:61!6; LUK 23:11!18; LUK 23:14!22; LUK 23:25!17; LUK 23:31!10; LUK 23:4!15; LUK 23:40!15; LUK 23:43!12; LUK 23:52!3; LUK 24:15!4; LUK 24:30!4; LUK 24:4!4; LUK 24:44!24; LUK 24:47!4; LUK 24:51!4; LUK 24:53!6; LUK 2:10!17; LUK 2:13!5; LUK 2:22!18; LUK 2:23!12; LUK 2:24!9; LUK 2:27!11; LUK 2:27!4; LUK 2:34!21; LUK 2:38!7; LUK 2:43!6; LUK 2:46!9; LUK 2:6!4; LUK 2:7!22; LUK 3:11!10; LUK 3:21!4; LUK 3:8!30; LUK 4:1!13; LUK 4:20!6; LUK 4:25!14; LUK 4:27!6; LUK 4:3!12; LUK 4:39!6; LUK 5:1!4; LUK 5:10!12; LUK 5:12!4; LUK 5:14!11; LUK 5:19!20; LUK 5:24!17; LUK 5:36!26; LUK 5:5!14; LUK 5:7!6; LUK 6:11!12; LUK 6:23!15; LUK 6:29!1; LUK 6:41!18; LUK 6:41!8; LUK 6:42!14; LUK 6:42!20; LUK 6:42!4; LUK 6:42!42; LUK 6:7!10; LUK 6:8!11; LUK 6:8!9; LUK 6:9!11; LUK 7:11!4; LUK 7:38!30; LUK 7:44!6; LUK 7:8!25; LUK 7:9!10; LUK 7:9!19; LUK 8:1!4; LUK 8:24!13; LUK 8:24!16; LUK 8:25!24; LUK 8:29!3; LUK 8:29!5; LUK 8:32!9; LUK 8:40!3; LUK 8:42!14; LUK 8:5!11; LUK 9:16!23; LUK 9:18!4; LUK 9:29!4; LUK 9:33!4; LUK 9:34!13; LUK 9:36!3; LUK 9:42!15; LUK 9:42!17; LUK 9:42!26; LUK 9:48!11; LUK 9:49!9; LUK 9:51!4)|ἀλλήλοις (LUK 7:32!10)|ἀλλήλους (LUK 12:1!10; LUK 20:14!8; LUK 24:14!5; LUK 24:17!12; LUK 24:32!4; LUK 2:15!16; LUK 4:36!9; LUK 6:11!8; LUK 8:25!13)|ἀλλήλων (LUK 23:12!15)|ἀλλοτρίῳ (LUK 16:12!5)|ἃ (LUK 10:23!14; LUK 10:24!11; LUK 10:24!19; LUK 12:12!11; LUK 12:20!16; LUK 21:6!2; LUK 24:1!13; LUK 6:46!10; LUK 7:22!8; LUK 7:32!11)|ἐγώ (LUK 22:70!19; LUK 24:39!10)|ἐγὼ (LUK 10:35!20; LUK 11:19!3; LUK 15:17!13; LUK 16:9!2; LUK 19:22!13; LUK 1:18!11; LUK 20:8!7; LUK 21:15!1; LUK 22:27!12; LUK 22:32!1; LUK 23:14!15; LUK 24:49!3; LUK 7:8!3; LUK 8:46!8; LUK 9:9!6)|ἐκείναις (LUK 21:23!10; LUK 2:1!6; LUK 4:2!14; LUK 5:35!14; LUK 9:36!17)|ἐκείνη (LUK 21:34!23)|ἐκείνην (LUK 15:14!11)|ἐκείνης (LUK 15:15!9; LUK 19:4!13; LUK 6:49!30; LUK 9:5!11)|ἐκείνου (LUK 11:26!20; LUK 12:46!6; LUK 20:35!6)|ἐκείνους (LUK 8:32!18)|ἐκείνων (LUK 14:24!8)|ἐκείνῃ (LUK 10:12!14; LUK 10:12!8; LUK 10:31!10; LUK 17:31!2; LUK 18:3!7; LUK 6:23!3; LUK 6:48!24; LUK 7:21!2)|ἐκείνῳ (LUK 22:22!15)|ἐκεῖνοι (LUK 12:37!4; LUK 12:38!16; LUK 13:4!2)|ἐκεῖνον (LUK 18:14!11; LUK 20:18!5)|ἐκεῖνος (LUK 12:43!4; LUK 12:45!6; LUK 12:47!1)|ἐμέ (LUK 1:43!13; LUK 22:53!15; LUK 23:28!13; LUK 4:18!4)|ἐμαυτὸν (LUK 7:7!3; LUK 7:8!11)|ἐμοί (LUK 22:37!11; LUK 7:23!9)|ἐμοὶ (LUK 12:8!9; LUK 15:29!19; LUK 4:6!17; LUK 8:28!13)|ἐμοὺς (LUK 9:26!8)|ἐμοῦ (LUK 10:16!4; LUK 11:23!14; LUK 11:23!5; LUK 11:23!7; LUK 11:7!18; LUK 12:13!15; LUK 13:27!11; LUK 15:31!9; LUK 16:3!17; LUK 22:21!9; LUK 22:28!7; LUK 22:37!21; LUK 22:42!10; LUK 23:43!9; LUK 24:44!32; LUK 4:7!6; LUK 5:8!12; LUK 8:46!14; LUK 9:24!19)|ἐμὰ (LUK 15:31!14)|ἐμὲ (LUK 10:16!10; LUK 10:16!14; LUK 24:39!25; LUK 9:48!14; LUK 9:48!19)|ἐμὴν (LUK 22:19!23)|ἑαυτούς (LUK 22:17!11; LUK 7:30!13)|ἑαυτοὺς (LUK 16:15!8; LUK 17:14!7; LUK 20:20!6; LUK 20:5!5; LUK 22:23!6)|ἑαυτοῖς (LUK 12:1!19; LUK 12:33!9; LUK 16:9!5; LUK 17:3!2; LUK 18:9!9; LUK 21:34!3; LUK 3:8!12; LUK 7:49!7)|ἑαυτοῦ (LUK 11:21!7; LUK 11:26!8; LUK 13:19!11; LUK 14:26!32; LUK 14:27!6; LUK 14:33!11; LUK 15:20!7; LUK 16:5!9; LUK 19:13!5; LUK 24:27!18; LUK 2:3!8)|ἑαυτόν (LUK 23:35!15)|ἑαυτὰς (LUK 23:28!16)|ἑαυτὴν (LUK 11:17!12; LUK 1:24!13)|ἑαυτὸν (LUK 10:29!5; LUK 11:18!7; LUK 14:11!10; LUK 14:11!5; LUK 15:17!2; LUK 18:11!5; LUK 18:14!16; LUK 18:14!21; LUK 9:23!12; LUK 9:25!9)|ἑαυτῆς (LUK 13:34!23)|ἑαυτῶν (LUK 12:36!8; LUK 12:57!5; LUK 16:8!28; LUK 21:30!6; LUK 2:39!16; LUK 9:60!9)|ἑαυτῷ (LUK 12:17!4; LUK 12:21!4; LUK 16:3!4; LUK 18:4!11; LUK 19:12!11; LUK 7:39!10; LUK 9:47!15)|ἑνὶ (LUK 15:15!4; LUK 4:40!17)|ἓν (LUK 12:27!22; LUK 5:3!4)|ἕνα (LUK 15:19!10; LUK 15:26!3; LUK 16:5!3; LUK 17:2!22)|Ἐγώ (LUK 1:19!7; LUK 21:8!15)|Ἐγὼ (LUK 3:16!6)|ἡ (LUK 10:11!21; LUK 10:40!1; LUK 10:40!16; LUK 10:6!10; LUK 10:9!13; LUK 11:18!11; LUK 11:2!13; LUK 11:20!13; LUK 11:27!18; LUK 11:27!20; LUK 11:49!4; LUK 11:7!10; LUK 12:15!17; LUK 12:16!11; LUK 12:23!1; LUK 12:34!9; LUK 13:18!6; LUK 13:34!3; LUK 16:16!10; LUK 17:19!6; LUK 17:20!18; LUK 17:20!8; LUK 17:21!9; LUK 17:24!3; LUK 17:35!10; LUK 17:35!7; LUK 18:16!21; LUK 18:42!7; LUK 19:11!20; LUK 19:16!7; LUK 19:20!8; LUK 1:13!12; LUK 1:13!16; LUK 1:18!16; LUK 1:24!8; LUK 1:29!1; LUK 1:36!4; LUK 1:38!5; LUK 1:41!22; LUK 1:41!9; LUK 1:43!7; LUK 1:44!5; LUK 1:45!3; LUK 1:46!5; LUK 1:60!3; LUK 1:64!8; LUK 1:7!8; LUK 20:14!19; LUK 20:32!3; LUK 20:33!1; LUK 21:20!12; LUK 21:28!13; LUK 21:3!7; LUK 21:3!9; LUK 21:31!12; LUK 21:32!8; LUK 21:33!4; LUK 21:34!21; LUK 22:1!3; LUK 22:1!7; LUK 22:14!4; LUK 22:18!17; LUK 22:20!12; LUK 22:21!3; LUK 22:32!9; LUK 22:53!20; LUK 22:53!23; LUK 22:7!3; LUK 24:10!10; LUK 24:10!3; LUK 24:29!15; LUK 24:32!6; LUK 2:19!1; LUK 2:33!7; LUK 2:48!9; LUK 2:51!14; LUK 3:9!4; LUK 4:21!9; LUK 4:29!17; LUK 5:13!12; LUK 6:10!16; LUK 6:20!18; LUK 6:6!18; LUK 6:6!21; LUK 7:35!3; LUK 7:39!21; LUK 8:11!4; LUK 8:19!5; LUK 8:2!13; LUK 8:25!5; LUK 8:33!14; LUK 8:44!12; LUK 8:47!3; LUK 8:48!6; LUK 8:49!12; LUK 8:9!10)|ἡμεῖς (LUK 18:28!6; LUK 23:41!2; LUK 24:21!1; LUK 3:14!10; LUK 9:13!25)|ἡμᾶς (LUK 11:1!22; LUK 11:4!17; LUK 11:45!12; LUK 12:41!7; LUK 16:26!24; LUK 17:13!9; LUK 19:14!18; LUK 1:71!11; LUK 1:78!9; LUK 20:22!2; LUK 20:6!10; LUK 23:15!8; LUK 23:30!13; LUK 23:30!8; LUK 23:39!17; LUK 24:22!8; LUK 4:34!10; LUK 7:20!12; LUK 9:33!18)|ἡμῖν (LUK 10:11!6; LUK 10:17!14; LUK 11:3!7; LUK 11:4!13; LUK 11:4!3; LUK 13:25!22; LUK 17:5!8; LUK 1:1!10; LUK 1:2!3; LUK 1:69!5; LUK 1:73!11; LUK 20:2!7; LUK 20:28!5; LUK 22:67!8; LUK 22:8!9; LUK 23:18!9; LUK 24:24!6; LUK 24:32!12; LUK 24:32!15; LUK 24:32!21; LUK 2:15!32; LUK 2:48!15; LUK 4:34!3; LUK 7:16!15; LUK 7:5!11; LUK 9:13!14)|ἡμῶν (LUK 11:3!3; LUK 11:4!6; LUK 13:26!13; LUK 16:26!6; LUK 1:55!6; LUK 1:71!4; LUK 1:72!6; LUK 1:73!8; LUK 1:75!10; LUK 1:78!5; LUK 1:79!13; LUK 20:14!17; LUK 23:2!11; LUK 24:20!10; LUK 24:22!6; LUK 24:29!7; LUK 24:32!8; LUK 7:5!5; LUK 9:49!21)|ἣ (LUK 10:39!7; LUK 2:37!8)|ἣν (LUK 10:10!2; LUK 10:5!2; LUK 10:8!3; LUK 13:16!6; LUK 13:21!4; LUK 15:9!15; LUK 19:20!11; LUK 22:10!23; LUK 8:47!14; LUK 9:31!9; LUK 9:4!3)|ἥτις (LUK 10:42!13; LUK 12:1!23; LUK 2:10!14; LUK 2:4!17; LUK 7:37!4; LUK 7:39!23; LUK 8:26!8; LUK 8:43!10)|ἧς (LUK 17:27!6; LUK 1:20!10; LUK 7:45!8; LUK 8:2!17)|Ἡ (LUK 11:29!7; LUK 19:18!6; LUK 7:50!6; LUK 8:20!4; LUK 8:54!9; LUK 9:12!1)|ὁ (LUK 10:1!5; LUK 10:16!12; LUK 10:16!7; LUK 10:21!33; LUK 10:22!13; LUK 10:22!17; LUK 10:22!22; LUK 10:22!26; LUK 10:22!32; LUK 10:26!1; LUK 10:27!1; LUK 10:30!3; LUK 10:37!1; LUK 10:37!13; LUK 10:41!5; LUK 10:7!15; LUK 11:10!3; LUK 11:10!7; LUK 11:11!8; LUK 11:13!15; LUK 11:13!17; LUK 11:14!12; LUK 11:18!4; LUK 11:21!2; LUK 11:23!1; LUK 11:23!10; LUK 11:30!11; LUK 11:34!1; LUK 11:34!10; LUK 11:34!6; LUK 11:36!18; LUK 11:38!1; LUK 11:39!3; LUK 11:40!3; LUK 11:46!1; LUK 12:14!1; LUK 12:20!4; LUK 12:21!2; LUK 12:24!16; LUK 12:28!14; LUK 12:30!11; LUK 12:32!8; LUK 12:34!4; LUK 12:37!7; LUK 12:39!11; LUK 12:39!7; LUK 12:40!10; LUK 12:41!3; LUK 12:42!11; LUK 12:42!15; LUK 12:42!3; LUK 12:42!8; LUK 12:43!2; LUK 12:43!7; LUK 12:45!12; LUK 12:45!4; LUK 12:46!2; LUK 12:47!3; LUK 12:47!5; LUK 12:48!1; LUK 12:58!25; LUK 12:58!32; LUK 12:8!14; LUK 12:9!1; LUK 13:12!4; LUK 13:14!10; LUK 13:14!3; LUK 13:15!4; LUK 13:16!8; LUK 13:17!12; LUK 13:23!10; LUK 13:25!5; LUK 13:28!3; LUK 13:28!6; LUK 13:35!19; LUK 13:35!4; LUK 13:4!8; LUK 13:8!1; LUK 14:10!13; LUK 14:11!3; LUK 14:11!8; LUK 14:16!1; LUK 14:18!7; LUK 14:21!12; LUK 14:21!3; LUK 14:22!3; LUK 14:23!20; LUK 14:23!3; LUK 14:3!3; LUK 14:30!4; LUK 14:35!12; LUK 14:9!3; LUK 15:12!16; LUK 15:12!3; LUK 15:13!8; LUK 15:20!15; LUK 15:21!3; LUK 15:22!3; LUK 15:24!3; LUK 15:25!3; LUK 15:25!6; LUK 15:27!1; LUK 15:27!12; LUK 15:28!7; LUK 15:29!1; LUK 15:30!3; LUK 15:30!7; LUK 15:31!1; LUK 15:32!7; LUK 16:10!11; LUK 16:15!12; LUK 16:18!12; LUK 16:18!2; LUK 16:22!19; LUK 16:3!10; LUK 16:3!5; LUK 16:30!1; LUK 16:6!1; LUK 16:6!7; LUK 16:7!8; LUK 16:8!3; LUK 17:17!3; LUK 17:18!10; LUK 17:24!18; LUK 17:27!15; LUK 17:3!5; LUK 17:30!7; LUK 17:31!22; LUK 17:34!11; LUK 17:34!15; LUK 17:37!7; LUK 17:6!3; LUK 18:10!12; LUK 18:10!8; LUK 18:11!1; LUK 18:11!27; LUK 18:13!1; LUK 18:14!14; LUK 18:14!18; LUK 18:16!1; LUK 18:19!15; LUK 18:19!4; LUK 18:21!1; LUK 18:22!3; LUK 18:23!1; LUK 18:24!4; LUK 18:27!1; LUK 18:28!3; LUK 18:29!1; LUK 18:37!6; LUK 18:40!3; LUK 18:41!5; LUK 18:42!2; LUK 18:43!12; LUK 18:6!3; LUK 18:6!7; LUK 18:7!1; LUK 18:8!11; LUK 19:10!3; LUK 19:16!3; LUK 19:18!3; LUK 19:20!2; LUK 19:38!3; LUK 19:46!6; LUK 19:48!7; LUK 19:5!8; LUK 19:9!5; LUK 1:13!5; LUK 1:19!10; LUK 1:19!3; LUK 1:21!3; LUK 1:26!8; LUK 1:28!8; LUK 1:29!11; LUK 1:30!3; LUK 1:32!12; LUK 1:35!3; LUK 1:38!18; LUK 1:42!13; LUK 1:49!5; LUK 1:57!5; LUK 1:67!3; LUK 1:68!3; LUK 20:13!3; LUK 20:14!12; LUK 20:15!12; LUK 20:17!1; LUK 20:18!2; LUK 20:2!16; LUK 20:25!1; LUK 20:28!18; LUK 20:29!6; LUK 20:30!2; LUK 20:31!2; LUK 20:34!4; LUK 20:6!6; LUK 20:8!2; LUK 21:33!1; LUK 21:38!3; LUK 21:8!1; LUK 22:10!1; LUK 22:11!9; LUK 22:22!2; LUK 22:23!13; LUK 22:25!1; LUK 22:26!12; LUK 22:26!15; LUK 22:26!18; LUK 22:26!6; LUK 22:27!10; LUK 22:27!19; LUK 22:27!4; LUK 22:27!7; LUK 22:29!7; LUK 22:31!4; LUK 22:33!1; LUK 22:34!1; LUK 22:36!14; LUK 22:36!6; LUK 22:38!9; LUK 22:44!9; LUK 22:47!7; LUK 22:51!3; LUK 22:54!12; LUK 22:55!11; LUK 22:57!1; LUK 22:58!13; LUK 22:60!3; LUK 22:61!10; LUK 22:61!3; LUK 22:64!9; LUK 22:67!5; LUK 22:69!6; LUK 22:70!11; LUK 22:70!7; LUK 23:11!5; LUK 23:12!8; LUK 23:20!3; LUK 23:22!1; LUK 23:3!1; LUK 23:3!13; LUK 23:3!9; LUK 23:34!1; LUK 23:35!19; LUK 23:35!23; LUK 23:35!3; LUK 23:37!6; LUK 23:39!12; LUK 23:4!1; LUK 23:40!3; LUK 23:46!5; LUK 23:47!12; LUK 23:47!3; LUK 23:6!6; LUK 23:8!1; LUK 24:21!7; LUK 24:34!5; LUK 2:10!4; LUK 2:15!29; LUK 2:25!11; LUK 2:33!3; LUK 2:43!11; LUK 2:48!18; LUK 3:11!14; LUK 3:13!1; LUK 3:15!18; LUK 3:16!13; LUK 3:16!4; LUK 3:19!1; LUK 3:19!22; LUK 3:19!4; LUK 3:22!20; LUK 3:22!23; LUK 3:8!22; LUK 4:12!5; LUK 4:13!5; LUK 4:14!3; LUK 4:25!18; LUK 4:27!19; LUK 4:3!4; LUK 4:32!11; LUK 4:34!15; LUK 4:35!4; LUK 4:36!12; LUK 4:4!14; LUK 4:4!5; LUK 4:40!15; LUK 4:41!13; LUK 4:43!1; LUK 4:6!4; LUK 4:8!3; LUK 5:10!19; LUK 5:15!4; LUK 5:21!23; LUK 5:22!3; LUK 5:24!5; LUK 5:31!3; LUK 5:34!1; LUK 5:34!14; LUK 5:35!9; LUK 5:37!13; LUK 5:37!15; LUK 6:10!11; LUK 6:19!3; LUK 6:23!10; LUK 6:3!6; LUK 6:35!14; LUK 6:36!4; LUK 6:40!12; LUK 6:45!1; LUK 6:45!15; LUK 6:47!2; LUK 6:48!20; LUK 6:49!1; LUK 6:49!19; LUK 6:5!8; LUK 6:9!3; LUK 7:13!4; LUK 7:15!3; LUK 7:16!19; LUK 7:17!3; LUK 7:18!17; LUK 7:19!8; LUK 7:20!18; LUK 7:20!9; LUK 7:28!10; LUK 7:29!3; LUK 7:33!4; LUK 7:34!2; LUK 7:39!3; LUK 7:39!5; LUK 7:40!13; LUK 7:40!3; LUK 7:41!11; LUK 7:41!6; LUK 7:43!10; LUK 7:6!1; LUK 7:6!18; LUK 7:7!13; LUK 7:9!4; LUK 8:10!1; LUK 8:11!9; LUK 8:12!11; LUK 8:21!1; LUK 8:24!9; LUK 8:30!10; LUK 8:30!4; LUK 8:36!8; LUK 8:38!4; LUK 8:39!11; LUK 8:39!23; LUK 8:40!9; LUK 8:45!13; LUK 8:45!3; LUK 8:45!6; LUK 8:46!1; LUK 8:48!1; LUK 8:5!2; LUK 8:50!1; LUK 8:52!7; LUK 8:56!6; LUK 9:26!11; LUK 9:29!14; LUK 9:32!1; LUK 9:33!10; LUK 9:35!10; LUK 9:35!13; LUK 9:41!3; LUK 9:42!13; LUK 9:44!10; LUK 9:47!1; LUK 9:48!25; LUK 9:58!16; LUK 9:58!4; LUK 9:59!7; LUK 9:62!3; LUK 9:7!4)|ὃ (LUK 11:6!12; LUK 12:2!10; LUK 12:2!5; LUK 12:3!13; LUK 14:22!7; LUK 17:10!15; LUK 19:21!14; LUK 19:21!9; LUK 19:22!18; LUK 19:22!23; LUK 19:26!14; LUK 22:60!8; LUK 2:15!28; LUK 2:31!1; LUK 2:50!7; LUK 5:25!8; LUK 5:3!7; LUK 6:2!8; LUK 6:3!11; LUK 8:17!11; LUK 8:17!5; LUK 8:18!17; LUK 9:33!35)|ὃν (LUK 12:42!13; LUK 12:43!5; LUK 13:19!5; LUK 13:34!19; LUK 19:30!14; LUK 1:73!2; LUK 20:17!13; LUK 20:18!10; LUK 21:4!21; LUK 23:25!11; LUK 23:33!16; LUK 23:33!20; LUK 6:14!2)|ὃς (LUK 12:10!3; LUK 12:8!5; LUK 14:33!6; LUK 16:1!11; LUK 17:31!5; LUK 17:33!1; LUK 17:33!10; LUK 17:7!10; LUK 18:17!4; LUK 18:29!11; LUK 18:30!1; LUK 1:61!12; LUK 21:6!13; LUK 23:51!16; LUK 24:19!14; LUK 5:18!8; LUK 5:21!13; LUK 6:16!7; LUK 6:48!6; LUK 7:2!9; LUK 7:23!4; LUK 7:27!14; LUK 7:49!11; LUK 8:18!12; LUK 8:18!5; LUK 9:24!1; LUK 9:24!11; LUK 9:26!1; LUK 9:48!17; LUK 9:50!9)|ὅ (LUK 10:35!16; LUK 23:12!4)|ὅπως (LUK 24:20!1)|ὅστις (LUK 14:15!10; LUK 14:27!1; LUK 23:19!1)|ὅτου (LUK 12:50!9; LUK 13:8!14; LUK 22:16!10)|Ὁ (LUK 10:16!1; LUK 10:2!5; LUK 10:29!1; LUK 10:37!4; LUK 15:27!6; LUK 16:10!1; LUK 16:16!1; LUK 18:11!8; LUK 18:13!21; LUK 19:31!12; LUK 19:34!5; LUK 21:8!18; LUK 23:38!7; LUK 24:12!1; LUK 3:11!5; LUK 5:39!9; LUK 8:11!6; LUK 8:8!17; LUK 9:21!1)|Ὃς (LUK 9:48!4)|ὑμέτερον (LUK 16:12!10)|ὑμετέρα (LUK 6:20!16)|ὑμεῖς (LUK 10:24!12; LUK 11:13!3; LUK 11:39!8; LUK 11:48!16; LUK 12:24!22; LUK 12:29!2; LUK 12:36!2; LUK 12:40!2; LUK 17:10!3; LUK 19:46!11; LUK 21:31!3; LUK 22:26!1; LUK 24:48!1; LUK 24:49!12; LUK 9:13!7; LUK 9:44!2)|ὑμᾶς (LUK 10:10!10; LUK 10:16!9; LUK 10:19!21; LUK 10:3!4; LUK 10:6!17; LUK 10:8!9; LUK 10:9!12; LUK 11:20!12; LUK 12:11!4; LUK 12:12!6; LUK 12:14!13; LUK 12:28!20; LUK 13:25!29; LUK 13:28!26; LUK 16:26!18; LUK 16:9!17; LUK 19:31!4; LUK 20:3!7; LUK 21:12!7; LUK 21:34!19; LUK 22:31!7; LUK 22:35!6; LUK 24:44!12; LUK 24:49!11; LUK 3:16!10; LUK 3:16!27; LUK 6:22!11; LUK 6:22!5; LUK 6:26!4; LUK 6:27!14; LUK 6:28!4; LUK 6:28!9; LUK 6:32!6; LUK 6:33!6; LUK 6:9!8; LUK 9:41!15; LUK 9:5!6)|ὑμῖν (LUK 10:11!15; LUK 10:12!2; LUK 10:13!19; LUK 10:14!11; LUK 10:19!3; LUK 10:20!9; LUK 10:24!3; LUK 10:8!13; LUK 11:41!10; LUK 11:42!3; LUK 11:43!2; LUK 11:44!2; LUK 11:46!5; LUK 11:47!2; LUK 11:51!17; LUK 11:52!2; LUK 11:8!2; LUK 11:9!14; LUK 11:9!2; LUK 11:9!7; LUK 12:22!10; LUK 12:27!12; LUK 12:31!9; LUK 12:32!12; LUK 12:37!13; LUK 12:4!3; LUK 12:44!3; LUK 12:5!19; LUK 12:5!3; LUK 12:51!11; LUK 12:8!3; LUK 13:24!10; LUK 13:25!26; LUK 13:27!4; LUK 13:3!3; LUK 13:35!3; LUK 13:35!9; LUK 13:5!3; LUK 14:24!3; LUK 15:10!3; LUK 15:7!2; LUK 16:11!13; LUK 16:12!13; LUK 16:9!3; LUK 17:10!9; LUK 17:23!3; LUK 17:34!2; LUK 17:6!25; LUK 18:14!2; LUK 18:17!3; LUK 18:29!7; LUK 18:8!2; LUK 19:26!2; LUK 19:40!5; LUK 20:8!9; LUK 21:13!2; LUK 21:15!17; LUK 21:15!4; LUK 21:3!5; LUK 21:32!3; LUK 22:10!12; LUK 22:12!2; LUK 22:16!3; LUK 22:18!3; LUK 22:26!9; LUK 22:29!3; LUK 22:37!3; LUK 22:67!13; LUK 24:44!16; LUK 24:6!9; LUK 2:10!11; LUK 2:11!3; LUK 2:12!3; LUK 3:13!11; LUK 3:7!13; LUK 3:8!19; LUK 4:24!5; LUK 4:25!5; LUK 6:24!3; LUK 6:25!2; LUK 6:27!2; LUK 6:31!6; LUK 6:32!8; LUK 6:33!8; LUK 6:34!9; LUK 6:38!20; LUK 6:38!4; LUK 6:47!15; LUK 7:26!8; LUK 7:28!2; LUK 7:32!14; LUK 7:9!16; LUK 9:27!3; LUK 9:48!30)|ὑμῶν (LUK 10:11!10; LUK 10:16!3; LUK 10:20!16; LUK 10:6!12; LUK 11:11!4; LUK 11:13!12; LUK 11:19!11; LUK 11:19!18; LUK 11:39!22; LUK 11:46!20; LUK 11:47!12; LUK 11:48!10; LUK 11:5!7; LUK 12:25!4; LUK 12:30!9; LUK 12:32!10; LUK 12:33!4; LUK 12:34!11; LUK 12:34!6; LUK 12:35!2; LUK 12:7!7; LUK 13:15!10; LUK 13:35!6; LUK 14:28!4; LUK 14:33!5; LUK 14:5!6; LUK 15:4!4; LUK 16:15!18; LUK 16:26!8; LUK 17:21!14; LUK 17:7!4; LUK 21:14!6; LUK 21:16!15; LUK 21:18!6; LUK 21:19!4; LUK 21:19!8; LUK 21:28!10; LUK 21:28!15; LUK 21:34!6; LUK 22:10!7; LUK 22:15!12; LUK 22:19!17; LUK 22:20!21; LUK 22:27!16; LUK 22:53!19; LUK 22:53!6; LUK 23:14!17; LUK 23:28!22; LUK 24:38!15; LUK 3:14!22; LUK 4:21!15; LUK 5:22!17; LUK 5:4!17; LUK 6:22!18; LUK 6:23!12; LUK 6:24!10; LUK 6:27!9; LUK 6:35!16; LUK 6:35!5; LUK 6:36!6; LUK 6:38!14; LUK 8:25!7; LUK 9:41!18; LUK 9:44!6; LUK 9:5!17; LUK 9:50!14; LUK 9:50!16)|Ὑμεῖς (LUK 16:15!4; LUK 22:28!1; LUK 22:70!16; LUK 9:20!4)|Ὑμῖν (LUK 8:10!4)|ὧν (LUK 13:1!13; LUK 15:16!10; LUK 19:37!26; LUK 1:4!4; LUK 23:14!26; LUK 23:41!7; LUK 3:19!19; LUK 6:34!5; LUK 9:36!21)|ᾗ (LUK 11:22!13; LUK 12:40!6; LUK 12:46!15; LUK 12:46!9; LUK 17:29!1; LUK 17:30!5; LUK 19:30!8; LUK 1:26!18; LUK 21:15!8; LUK 22:7!7; LUK 24:13!19; LUK 6:49!17)|ᾧ (LUK 10:22!29; LUK 12:48!13; LUK 12:48!21; LUK 19:13!16; LUK 1:27!5; LUK 2:25!7; LUK 4:6!20; LUK 6:38!15; LUK 7:4!14; LUK 7:43!6; LUK 7:47!14; LUK 8:41!5)
9.2.3,Pronouns,29,242,5229,"92.1, 92.10, 92.11, 92.12, 92.14, 92.15, 92.16, 92.17, 92.18, 92.2, 92.20, 92.22, 92.23, 92.24, 92.25, 92.26, 92.27, 92.29, 92.3, 92.30, 92.31, 92.32, 92.36, 92.37, 92.4, 92.6, 92.7, 92.8, 92.9",Αἱ (LUK 9:58!6)|Κἀγὼ (LUK 11:9!1)|Μηδένα (LUK 3:14!14)|Μηδὲν (LUK 3:13!6; LUK 9:3!5)|Οἱ (LUK 20:34!6; LUK 22:25!5; LUK 5:33!1; LUK 5:33!6)|Οὐδείς (LUK 1:61!6)|Οὐδεὶς (LUK 11:33!1; LUK 5:36!8; LUK 8:16!1; LUK 9:62!5)|Οὐδὲν (LUK 23:4!11)|Οὐθενός (LUK 22:35!19)|Οὗτοι (LUK 24:44!5)|Οὗτος (LUK 14:30!3; LUK 15:2!11; LUK 7:39!12)|Οὗτός (LUK 20:14!10; LUK 9:35!8)|Ποῖα (LUK 24:19!4)|Πῶς (LUK 18:24!7; LUK 1:34!7; LUK 20:41!5)|Σοὶ (LUK 4:6!6; LUK 5:24!19)|Σὺ (LUK 16:7!4; LUK 22:70!4; LUK 23:3!18; LUK 23:3!7; LUK 24:18!9; LUK 3:22!18; LUK 4:41!11; LUK 7:19!6; LUK 7:20!16)|Τί (LUK 12:17!6; LUK 12:57!1; LUK 16:2!6; LUK 16:3!7; LUK 18:19!6; LUK 18:41!1; LUK 19:33!12; LUK 1:66!11; LUK 20:13!7; LUK 20:17!6; LUK 22:46!4; LUK 22:71!4; LUK 23:22!7; LUK 24:38!4; LUK 24:5!15; LUK 2:49!5; LUK 3:10!7; LUK 3:14!7; LUK 5:22!12; LUK 6:2!6; LUK 6:46!1; LUK 7:24!13; LUK 8:30!6)|Τίνα (LUK 9:18!18)|Τίνες (LUK 24:17!5)|Τίνι (LUK 13:18!3; LUK 13:20!4; LUK 7:31!1)|Τίνος (LUK 14:5!5)|Τίς (LUK 11:5!5; LUK 12:42!5; LUK 15:4!1; LUK 17:7!1; LUK 4:36!11; LUK 5:21!10; LUK 7:49!8; LUK 8:25!14; LUK 8:45!5)|Ταῦτα (LUK 18:21!4; LUK 21:6!1; LUK 24:36!1)|Τοῖς (LUK 4:10!4)|Τοῦτο (LUK 12:18!3; LUK 12:39!1; LUK 22:20!9)|Τοῦτον (LUK 23:2!6)|Τοῦτό (LUK 22:19!10)|Τὰ (LUK 18:27!4; LUK 24:19!9)|Τὸ (LUK 1:80!1; LUK 20:4!1; LUK 2:40!1)|Τὸν (LUK 9:20!14)|Τῇ (LUK 1:57!1)|Τῶν (LUK 11:29!1)|αἱ (LUK 10:13!14; LUK 10:13!16; LUK 12:35!3; LUK 12:7!3; LUK 1:23!5; LUK 1:48!17; LUK 21:26!11; LUK 21:34!7; LUK 23:23!11; LUK 23:29!12; LUK 23:29!9; LUK 23:49!10; LUK 23:55!3; LUK 24:10!13; LUK 24:24!15; LUK 2:22!4; LUK 2:6!9; LUK 3:5!17; LUK 5:20!10; LUK 5:23!7; LUK 7:47!6; LUK 7:47!9; LUK 7:48!6; LUK 8:7!10)|αἳ (LUK 23:27!10; LUK 23:29!14; LUK 8:2!4)|αἵτινες (LUK 23:55!5; LUK 8:3!12)|αἷς (LUK 13:14!20; LUK 1:25!8; LUK 21:6!7; LUK 23:29!6)|αὐτά (LUK 14:19!11; LUK 17:31!20; LUK 18:16!16; LUK 5:7!22)|αὐτάς (LUK 24:5!14)|αὐτήν (LUK 11:32!13; LUK 13:18!13; LUK 13:34!12; LUK 13:7!22; LUK 13:9!12; LUK 17:33!15; LUK 17:33!9; LUK 18:17!18; LUK 18:5!11; LUK 19:41!9; LUK 1:57!9; LUK 20:31!5; LUK 21:21!24; LUK 2:6!13; LUK 4:39!10; LUK 4:6!24; LUK 6:48!34; LUK 8:52!6; LUK 9:24!10; LUK 9:24!22)|αὐταῖς (LUK 13:14!24; LUK 24:10!16; LUK 24:11!12; LUK 24:4!14; LUK 8:3!18)|αὐτούς (LUK 10:2!4; LUK 11:31!15; LUK 11:47!14; LUK 11:5!4; LUK 12:15!4; LUK 12:24!19; LUK 13:23!14; LUK 13:4!15; LUK 14:25!10; LUK 14:7!14; LUK 18:31!7; LUK 19:13!13; LUK 19:33!11; LUK 1:65!8; LUK 20:23!8; LUK 20:25!5; LUK 20:3!5; LUK 20:41!4; LUK 22:15!4; LUK 22:47!14; LUK 23:14!3; LUK 23:22!6; LUK 24:17!4; LUK 24:25!5; LUK 24:44!4; LUK 24:50!13; LUK 2:18!13; LUK 2:20!19; LUK 2:46!21; LUK 2:49!4; LUK 2:9!10; LUK 3:13!5; LUK 4:23!4; LUK 4:40!24; LUK 5:22!11; LUK 5:31!7; LUK 5:34!5; LUK 6:47!13; LUK 6:9!6; LUK 8:21!6; LUK 8:22!19; LUK 9:13!4; LUK 9:3!4; LUK 9:34!9; LUK 9:5!22; LUK 9:54!19)|αὐτοὶ (LUK 11:19!17; LUK 11:4!9; LUK 11:46!16; LUK 11:48!12; LUK 11:52!11; LUK 13:4!18; LUK 14:1!18; LUK 14:12!30; LUK 16:28!11; LUK 17:13!2; LUK 18:34!2; LUK 22:23!2; LUK 22:71!9; LUK 24:14!2; LUK 24:35!2; LUK 24:52!2; LUK 2:50!2; LUK 6:11!1; LUK 9:36!11)|αὐτοὺς (LUK 10:1!13; LUK 10:38!5; LUK 11:48!15; LUK 11:49!11; LUK 12:16!5; LUK 12:37!18; LUK 14:5!3; LUK 15:3!4; LUK 16:30!14; LUK 17:14!15; LUK 18:1!10; LUK 19:11!16; LUK 19:27!12; LUK 19:27!17; LUK 20:19!25; LUK 22:45!12; LUK 22:70!14; LUK 24:15!6; LUK 24:50!3; LUK 24:51!7; LUK 2:27!20; LUK 2:34!3; LUK 2:43!8; LUK 2:6!6; LUK 4:21!5; LUK 4:31!11; LUK 4:40!12; LUK 4:43!5; LUK 5:36!6; LUK 6:10!4; LUK 6:3!4; LUK 6:32!17; LUK 9:10!11; LUK 9:11!9; LUK 9:14!13; LUK 9:16!15; LUK 9:18!16; LUK 9:2!3; LUK 9:33!6; LUK 9:34!15)|αὐτοῖς (LUK 10:18!3; LUK 10:9!9; LUK 11:17!8; LUK 11:2!3; LUK 12:37!22; LUK 13:2!4; LUK 13:32!3; LUK 15:12!19; LUK 15:2!16; LUK 15:6!13; LUK 16:15!3; LUK 16:28!7; LUK 17:14!4; LUK 17:20!13; LUK 17:37!10; LUK 18:1!4; LUK 18:15!15; LUK 18:29!4; LUK 18:7!21; LUK 19:13!7; LUK 19:32!8; LUK 19:46!2; LUK 1:22!19; LUK 1:22!6; LUK 1:7!4; LUK 20:15!11; LUK 20:17!4; LUK 20:34!3; LUK 20:8!5; LUK 21:10!3; LUK 21:29!4; LUK 21:4!7; LUK 22:10!4; LUK 22:13!6; LUK 22:19!8; LUK 22:24!6; LUK 22:25!4; LUK 22:35!3; LUK 22:36!3; LUK 22:38!12; LUK 22:4!10; LUK 22:40!7; LUK 22:46!3; LUK 22:6!11; LUK 22:67!11; LUK 23:34!7; LUK 24:15!14; LUK 24:19!3; LUK 24:27!11; LUK 24:29!22; LUK 24:30!16; LUK 24:33!17; LUK 24:35!11; LUK 24:38!3; LUK 24:40!5; LUK 24:41!11; LUK 2:10!3; LUK 2:17!9; LUK 2:50!9; LUK 2:51!12; LUK 2:7!19; LUK 2:9!5; LUK 3:11!4; LUK 3:14!13; LUK 4:39!15; LUK 5:14!24; LUK 5:7!12; LUK 6:31!10; LUK 6:39!5; LUK 6:5!3; LUK 7:22!4; LUK 7:6!6; LUK 8:25!3; LUK 8:3!14; LUK 8:31!7; LUK 8:32!16; LUK 8:32!22; LUK 8:36!3; LUK 8:56!9; LUK 9:1!6; LUK 9:11!11; LUK 9:13!6; LUK 9:17!10; LUK 9:20!3; LUK 9:21!4; LUK 9:46!5; LUK 9:48!3; LUK 9:55!4)|αὐτοῦ (LUK 10:1!19; LUK 10:2!25; LUK 10:34!24; LUK 10:34!6; LUK 10:35!14; LUK 10:37!9; LUK 10:39!18; LUK 10:7!19; LUK 11:1!17; LUK 11:1!30; LUK 11:16!9; LUK 11:18!13; LUK 11:21!14; LUK 11:22!10; LUK 11:22!18; LUK 11:22!4; LUK 11:53!3; LUK 11:54!8; LUK 11:8!13; LUK 11:8!18; LUK 12:1!16; LUK 12:15!19; LUK 12:22!6; LUK 12:25!10; LUK 12:27!19; LUK 12:31!5; LUK 12:39!20; LUK 12:42!20; LUK 12:43!9; LUK 12:44!9; LUK 12:45!10; LUK 12:46!24; LUK 12:47!11; LUK 12:47!20; LUK 12:48!19; LUK 12:58!17; LUK 13:15!17; LUK 13:17!22; LUK 13:17!4; LUK 13:19!27; LUK 13:6!13; LUK 14:17!5; LUK 14:2!8; LUK 14:21!17; LUK 14:21!8; LUK 14:29!4; LUK 14:32!5; LUK 14:8!18; LUK 15:1!12; LUK 15:13!20; LUK 15:14!3; LUK 15:15!16; LUK 15:20!10; LUK 15:20!17; LUK 15:20!26; LUK 15:22!23; LUK 15:22!8; LUK 15:25!5; LUK 15:28!10; LUK 15:5!7; LUK 16:1!22; LUK 16:18!6; LUK 16:20!10; LUK 16:21!20; LUK 16:23!21; LUK 16:23!8; LUK 16:24!18; LUK 17:1!6; LUK 17:12!3; LUK 17:16!8; LUK 17:2!10; LUK 17:24!25; LUK 17:31!13; LUK 17:33!6; LUK 18:13!19; LUK 18:14!9; LUK 18:40!12; LUK 18:7!11; LUK 19:14!11; LUK 19:14!4; LUK 19:24!7; LUK 19:31!14; LUK 19:33!9; LUK 19:34!7; LUK 19:36!3; LUK 19:37!3; LUK 19:48!12; LUK 1:13!27; LUK 1:14!12; LUK 1:15!22; LUK 1:17!5; LUK 1:23!14; LUK 1:23!9; LUK 1:24!10; LUK 1:31!13; LUK 1:32!19; LUK 1:33!13; LUK 1:48!8; LUK 1:49!11; LUK 1:50!4; LUK 1:51!5; LUK 1:54!4; LUK 1:55!12; LUK 1:58!14; LUK 1:59!20; LUK 1:60!5; LUK 1:62!5; LUK 1:63!9; LUK 1:64!10; LUK 1:64!5; LUK 1:66!23; LUK 1:67!5; LUK 1:68!14; LUK 1:69!10; LUK 1:70!10; LUK 1:72!11; LUK 1:75!6; LUK 1:76!14; LUK 1:77!7; LUK 1:8!12; LUK 1:80!16; LUK 20:1!8; LUK 20:20!11; LUK 20:26!15; LUK 20:28!20; LUK 20:28!28; LUK 20:44!8; LUK 21:38!12; LUK 22:36!20; LUK 22:44!11; LUK 22:47!2; LUK 22:50!15; LUK 22:59!15; LUK 22:60!14; LUK 22:71!15; LUK 23:10!10; LUK 23:11!10; LUK 23:14!29; LUK 23:2!4; LUK 23:34!17; LUK 23:55!20; LUK 23:8!21; LUK 23:8!28; LUK 24:23!6; LUK 24:26!12; LUK 24:47!6; LUK 24:50!11; LUK 24:8!5; LUK 2:21!13; LUK 2:27!27; LUK 2:33!14; LUK 2:33!5; LUK 2:34!11; LUK 2:38!12; LUK 2:41!5; LUK 2:43!20; LUK 2:47!13; LUK 2:47!6; LUK 2:48!11; LUK 2:51!16; LUK 3:1!23; LUK 3:16!25; LUK 3:17!11; LUK 3:17!19; LUK 3:17!7; LUK 3:19!15; LUK 3:19!8; LUK 3:4!22; LUK 3:7!8; LUK 4:10!6; LUK 4:13!9; LUK 4:14!21; LUK 4:22!17; LUK 4:24!14; LUK 4:32!13; LUK 4:32!6; LUK 4:35!11; LUK 4:35!22; LUK 4:37!5; LUK 4:42!17; LUK 5:12!24; LUK 5:13!16; LUK 5:13!6; LUK 5:15!7; LUK 5:18!18; LUK 5:25!14; LUK 5:29!10; LUK 5:30!12; LUK 6:1!13; LUK 6:10!18; LUK 6:13!8; LUK 6:14!10; LUK 6:17!13; LUK 6:18!4; LUK 6:19!11; LUK 6:19!7; LUK 6:20!10; LUK 6:20!6; LUK 6:3!20; LUK 6:4!19; LUK 6:40!14; LUK 6:45!30; LUK 6:6!20; LUK 6:7!16; LUK 7:1!6; LUK 7:11!16; LUK 7:12!16; LUK 7:15!13; LUK 7:16!23; LUK 7:17!11; LUK 7:18!16; LUK 7:18!6; LUK 7:28!19; LUK 7:3!19; LUK 7:30!17; LUK 7:36!10; LUK 7:38!15; LUK 7:38!27; LUK 7:38!7; LUK 7:39!25; LUK 7:6!9; LUK 8:18!22; LUK 8:19!10; LUK 8:22!15; LUK 8:38!3; LUK 8:41!27; LUK 8:44!8; LUK 8:47!17; LUK 8:49!2; LUK 8:5!8; LUK 8:53!3; LUK 8:9!6; LUK 9:14!11; LUK 9:23!17; LUK 9:24!17; LUK 9:24!7; LUK 9:26!21; LUK 9:29!11; LUK 9:29!16; LUK 9:31!8; LUK 9:32!16; LUK 9:33!8; LUK 9:34!3; LUK 9:35!15; LUK 9:39!18; LUK 9:42!28; LUK 9:42!4; LUK 9:43!20; LUK 9:51!10; LUK 9:52!6; LUK 9:53!8)|αὐτό (LUK 14:35!11; LUK 15:4!28; LUK 1:62!11; LUK 2:40!14; LUK 8:5!28; LUK 8:7!13; LUK 9:40!8; LUK 9:45!15)|αὐτόν (LUK 10:26!5; LUK 11:1!19; LUK 11:13!25; LUK 11:22!7; LUK 11:39!6; LUK 12:44!11; LUK 12:48!26; LUK 14:1!21; LUK 14:12!6; LUK 14:18!18; LUK 14:31!27; LUK 15:20!29; LUK 15:22!16; LUK 15:28!13; LUK 16:14!11; LUK 18:33!4; LUK 18:40!14; LUK 18:40!9; LUK 19:14!6; LUK 19:39!10; LUK 19:4!11; LUK 19:5!12; LUK 1:12!9; LUK 1:21!16; LUK 1:50!11; LUK 20:14!15; LUK 20:18!15; LUK 20:2!5; LUK 22:2!11; LUK 22:4!12; LUK 22:43!8; LUK 22:47!20; LUK 22:51!14; LUK 22:57!7; LUK 22:65!7; LUK 23:21!7; LUK 23:26!4; LUK 23:27!14; LUK 23:39!7; LUK 24:16!9; LUK 24:18!8; LUK 24:20!16; LUK 24:31!8; LUK 2:21!8; LUK 2:25!26; LUK 2:45!8; LUK 3:12!9; LUK 3:22!12; LUK 4:29!23; LUK 4:35!25; LUK 4:40!14; LUK 4:42!13; LUK 5:17!36; LUK 5:33!5; LUK 7:40!7; LUK 7:42!12; LUK 7:9!7; LUK 8:29!15; LUK 8:30!19; LUK 8:40!15; LUK 8:42!20; LUK 9:39!20; LUK 9:39!5; LUK 9:53!4; LUK 9:57!10; LUK 9:9!19)|αὐτός (LUK 24:21!5; LUK 24:39!12)|αὐτὰ (LUK 10:21!30; LUK 18:16!5; LUK 4:41!21)|αὐτὰς (LUK 23:28!4; LUK 24:4!6)|αὐτὴ (LUK 1:36!8; LUK 2:37!2; LUK 7:12!18; LUK 8:42!10)|αὐτὴν (LUK 13:12!3; LUK 13:8!17; LUK 13:8!8; LUK 16:16!18; LUK 1:28!4; LUK 1:61!4; LUK 20:33!15; LUK 6:48!29; LUK 7:13!3)|αὐτὸ (LUK 19:23!16; LUK 1:59!14; LUK 22:16!8; LUK 23:53!4; LUK 2:28!4; LUK 9:47!13)|αὐτὸν (LUK 10:25!7; LUK 10:30!19; LUK 10:31!13; LUK 10:33!7; LUK 10:34!13; LUK 10:34!19; LUK 10:38!17; LUK 10:6!9; LUK 11:1!6; LUK 11:27!6; LUK 11:37!6; LUK 11:5!13; LUK 11:53!14; LUK 11:54!2; LUK 12:46!20; LUK 14:1!6; LUK 14:4!7; LUK 14:5!17; LUK 14:9!6; LUK 15:15!12; LUK 15:20!14; LUK 15:27!21; LUK 16:2!3; LUK 16:22!8; LUK 16:27!9; LUK 17:25!4; LUK 18:18!4; LUK 18:24!3; LUK 18:3!11; LUK 18:35!6; LUK 18:40!6; LUK 19:11!13; LUK 19:15!6; LUK 19:30!21; LUK 19:35!3; LUK 19:46!13; LUK 19:47!17; LUK 19:6!6; LUK 19:9!4; LUK 1:13!4; LUK 1:8!6; LUK 20:10!20; LUK 20:14!3; LUK 20:15!3; LUK 20:19!10; LUK 20:20!15; LUK 20:21!3; LUK 20:27!12; LUK 20:40!5; LUK 20:44!3; LUK 20:9!15; LUK 21:38!7; LUK 21:7!3; LUK 22:49!5; LUK 22:52!8; LUK 22:54!3; LUK 22:56!3; LUK 22:58!6; LUK 22:6!8; LUK 22:63!6; LUK 22:64!3; LUK 22:66!16; LUK 23:1!8; LUK 23:11!17; LUK 23:11!3; LUK 23:15!6; LUK 23:16!3; LUK 23:22!20; LUK 23:23!7; LUK 23:3!5; LUK 23:33!12; LUK 23:53!8; LUK 23:7!10; LUK 23:7!15; LUK 23:8!16; LUK 23:9!3; LUK 24:20!4; LUK 24:23!15; LUK 24:24!18; LUK 24:29!3; LUK 24:30!6; LUK 24:51!6; LUK 24:52!4; LUK 2:21!23; LUK 2:22!14; LUK 2:4!23; LUK 2:44!13; LUK 2:44!3; LUK 2:46!7; LUK 2:48!3; LUK 2:48!8; LUK 2:7!10; LUK 2:7!13; LUK 3:10!3; LUK 3:14!3; LUK 4:29!10; LUK 4:29!4; LUK 4:35!14; LUK 4:38!21; LUK 4:4!4; LUK 4:41!27; LUK 4:42!20; LUK 4:5!3; LUK 4:9!3; LUK 5:12!6; LUK 5:18!13; LUK 5:19!18; LUK 5:19!6; LUK 5:3!11; LUK 5:9!4; LUK 6:1!6; LUK 6:12!8; LUK 6:6!7; LUK 7:15!10; LUK 7:20!4; LUK 7:3!13; LUK 7:3!8; LUK 7:36!4; LUK 7:39!7; LUK 7:4!8; LUK 8:16!6; LUK 8:19!4; LUK 8:24!4; LUK 8:30!3; LUK 8:31!3; LUK 8:32!13; LUK 8:37!3; LUK 8:38!16; LUK 8:4!11; LUK 8:40!8; LUK 8:41!22; LUK 8:42!16; LUK 8:5!13; LUK 8:9!3; LUK 9:18!6; LUK 9:29!6; LUK 9:39!11; LUK 9:42!25; LUK 9:42!6; LUK 9:45!19; LUK 9:49!16; LUK 9:50!4)|αὐτὸς (LUK 10:1!27; LUK 10:38!6; LUK 11:17!1; LUK 11:28!1; LUK 15:14!13; LUK 16:24!2; LUK 17:11!9; LUK 17:16!12; LUK 18:39!8; LUK 19:2!12; LUK 19:2!8; LUK 19:9!16; LUK 1:17!2; LUK 1:22!16; LUK 20:42!1; LUK 22:41!2; LUK 23:9!7; LUK 24:15!10; LUK 24:25!2; LUK 24:28!9; LUK 24:31!10; LUK 24:36!5; LUK 2:28!2; LUK 3:15!16; LUK 3:16!26; LUK 3:23!2; LUK 4:15!2; LUK 4:30!1; LUK 5:1!16; LUK 5:14!2; LUK 5:16!1; LUK 5:17!8; LUK 5:37!20; LUK 6:20!2; LUK 6:3!16; LUK 6:35!23; LUK 6:42!17; LUK 6:8!1; LUK 7:5!9; LUK 8:1!7; LUK 8:22!8; LUK 8:37!18; LUK 8:54!1; LUK 9:51!12)|αὐτῆς (LUK 10:10!15; LUK 10:42!16; LUK 12:53!21; LUK 1:18!23; LUK 1:36!13; LUK 1:38!17; LUK 1:41!17; LUK 1:5!26; LUK 1:56!14; LUK 1:58!16; LUK 1:58!8; LUK 21:20!14; LUK 21:21!14; LUK 21:4!17; LUK 2:19!13; LUK 2:35!4; LUK 2:36!23; LUK 2:51!25; LUK 2:7!5; LUK 4:38!23; LUK 4:39!4; LUK 7:35!9; LUK 7:38!21; LUK 7:44!35; LUK 7:47!8; LUK 8:44!16; LUK 8:54!6; LUK 8:55!5; LUK 8:56!5)|αὐτῇ (LUK 10:21!2; LUK 10:40!25; LUK 10:41!4; LUK 10:7!2; LUK 10:9!5; LUK 11:29!19; LUK 13:12!9; LUK 13:13!3; LUK 13:6!19; LUK 1:30!5; LUK 1:35!6; LUK 1:36!19; LUK 1:45!10; LUK 1:56!5; LUK 1:58!19; LUK 20:19!14; LUK 23:12!11; LUK 24:13!7; LUK 24:18!19; LUK 24:33!3; LUK 7:12!28; LUK 7:13!11; LUK 7:13!8; LUK 7:48!3; LUK 8:48!4; LUK 8:55!11)|αὐτῶν (LUK 10:7!12; LUK 11:15!4; LUK 11:17!4; LUK 11:49!17; LUK 12:6!10; LUK 13:1!21; LUK 15:12!5; LUK 15:4!11; LUK 16:29!10; LUK 17:15!4; LUK 18:15!8; LUK 18:34!13; LUK 18:8!7; LUK 19:11!3; LUK 19:33!3; LUK 19:35!9; LUK 1:16!11; LUK 1:20!26; LUK 1:51!10; LUK 1:66!9; LUK 1:7!17; LUK 1:77!11; LUK 20:23!3; LUK 20:33!8; LUK 21:1!11; LUK 21:12!10; LUK 21:8!24; LUK 22:23!12; LUK 22:24!9; LUK 22:25!10; LUK 22:25!14; LUK 22:41!5; LUK 22:50!6; LUK 22:55!14; LUK 22:58!11; LUK 22:66!20; LUK 23:1!6; LUK 23:23!13; LUK 23:24!7; LUK 23:25!19; LUK 23:51!10; LUK 24:11!4; LUK 24:13!5; LUK 24:16!4; LUK 24:30!8; LUK 24:31!1; LUK 24:31!14; LUK 24:36!3; LUK 24:36!9; LUK 24:41!4; LUK 24:43!4; LUK 24:45!3; LUK 24:5!4; LUK 24:51!10; LUK 2:15!6; LUK 2:22!8; LUK 2:42!7; LUK 2:46!18; LUK 2:51!4; LUK 2:8!18; LUK 3:15!11; LUK 4:15!7; LUK 4:2!17; LUK 4:26!4; LUK 4:27!14; LUK 4:29!20; LUK 4:30!6; LUK 4:40!19; LUK 4:42!25; LUK 4:6!15; LUK 5:15!18; LUK 5:2!13; LUK 5:20!5; LUK 5:22!7; LUK 5:25!5; LUK 5:29!21; LUK 5:30!8; LUK 5:34!17; LUK 5:35!8; LUK 5:6!12; LUK 6:13!12; LUK 6:17!4; LUK 6:18!10; LUK 6:23!26; LUK 6:26!18; LUK 6:8!6; LUK 7:42!3; LUK 7:42!9; LUK 8:12!20; LUK 8:23!3; LUK 8:37!13; LUK 9:37!7; LUK 9:45!11; LUK 9:46!11; LUK 9:47!9; LUK 9:57!3)|αὐτῷ (LUK 10:28!3; LUK 10:37!12; LUK 11:11!15; LUK 11:12!6; LUK 11:27!16; LUK 11:37!11; LUK 11:45!7; LUK 11:5!17; LUK 11:6!14; LUK 11:8!21; LUK 11:8!7; LUK 12:10!12; LUK 12:13!7; LUK 12:14!4; LUK 12:15!24; LUK 12:20!3; LUK 12:36!20; LUK 12:8!20; LUK 13:1!5; LUK 13:1!9; LUK 13:15!3; LUK 13:17!9; LUK 13:23!4; LUK 13:31!9; LUK 13:8!5; LUK 14:15!8; LUK 14:16!4; LUK 14:18!10; LUK 14:25!3; LUK 14:29!14; LUK 15:1!3; LUK 15:16!17; LUK 15:18!9; LUK 15:21!5; LUK 15:27!4; LUK 15:30!16; LUK 15:31!4; LUK 16:1!17; LUK 16:2!5; LUK 16:31!3; LUK 16:6!10; LUK 16:7!15; LUK 17:16!10; LUK 17:19!3; LUK 17:2!2; LUK 17:3!14; LUK 17:3!9; LUK 17:37!4; LUK 17:4!17; LUK 17:7!16; LUK 17:8!4; LUK 18:15!3; LUK 18:19!3; LUK 18:22!6; LUK 18:37!3; LUK 18:39!5; LUK 18:42!5; LUK 18:43!6; LUK 18:7!14; LUK 19:15!13; LUK 19:17!3; LUK 19:22!2; LUK 19:25!3; LUK 1:11!3; LUK 1:19!6; LUK 1:32!10; LUK 1:5!18; LUK 1:74!7; LUK 20:10!15; LUK 20:38!10; LUK 20:5!17; LUK 22:10!18; LUK 22:14!11; LUK 22:33!4; LUK 22:39!14; LUK 22:43!3; LUK 22:48!4; LUK 22:5!5; LUK 22:56!12; LUK 22:56!17; LUK 22:61!18; LUK 22:63!8; LUK 22:9!4; LUK 23:15!16; LUK 23:22!17; LUK 23:26!13; LUK 23:27!3; LUK 23:3!16; LUK 23:32!8; LUK 23:36!10; LUK 23:36!3; LUK 23:38!6; LUK 23:40!6; LUK 23:43!3; LUK 23:49!12; LUK 23:49!6; LUK 23:55!11; LUK 23:9!11; LUK 24:19!8; LUK 24:42!4; LUK 2:26!3; LUK 2:5!6; LUK 4:12!4; LUK 4:16!13; LUK 4:17!3; LUK 4:20!18; LUK 4:22!4; LUK 4:3!3; LUK 4:35!3; LUK 4:5!5; LUK 4:6!3; LUK 4:8!14; LUK 4:8!6; LUK 4:9!15; LUK 5:1!8; LUK 5:11!11; LUK 5:14!4; LUK 5:27!16; LUK 5:28!6; LUK 5:29!6; LUK 5:9!9; LUK 6:10!6; LUK 7:11!13; LUK 7:2!11; LUK 7:43!13; LUK 7:6!21; LUK 7:9!12; LUK 8:1!24; LUK 8:18!10; LUK 8:19!15; LUK 8:20!3; LUK 8:25!28; LUK 8:27!3; LUK 8:28!7; LUK 8:38!13; LUK 8:39!22; LUK 8:42!5; LUK 8:47!12; LUK 8:50!6; LUK 8:51!11; LUK 9:10!6; LUK 9:11!6; LUK 9:12!11; LUK 9:18!11; LUK 9:30!6; LUK 9:32!23; LUK 9:32!7; LUK 9:37!12; LUK 9:52!15; LUK 9:58!3; LUK 9:60!3)|αὑτούς (LUK 23:12!22)|αὑτὸν (LUK 23:2!19)|αὕτη (LUK 11:29!9; LUK 21:3!11; LUK 21:32!10; LUK 21:4!12; LUK 22:53!17; LUK 2:2!1; LUK 2:36!10; LUK 4:21!11; LUK 7:44!24; LUK 7:45!5; LUK 7:46!7; LUK 8:11!3; LUK 8:9!8)|αὗταί (LUK 21:22!4)|εἷς (LUK 22:47!10; LUK 22:50!3; LUK 24:18!3)|κἀγὼ (LUK 19:23!11; LUK 20:3!8; LUK 22:29!1)|κἀκεῖνα (LUK 11:42!29)|κἀκεῖνον (LUK 20:11!8)|κἀκεῖνος (LUK 11:7!1; LUK 22:12!1)|κἀμοὶ (LUK 1:3!2)|μίαν (LUK 17:22!10)|με (LUK 10:16!19; LUK 10:35!24; LUK 10:40!20; LUK 11:18!19; LUK 11:6!8; LUK 12:14!7; LUK 12:9!4; LUK 13:33!3; LUK 13:35!13; LUK 14:18!22; LUK 14:19!15; LUK 14:26!5; LUK 15:19!8; LUK 16:24!8; LUK 16:4!11; LUK 18:16!12; LUK 18:19!7; LUK 18:3!14; LUK 18:38!8; LUK 18:39!16; LUK 18:5!18; LUK 19:27!9; LUK 19:5!23; LUK 1:48!15; LUK 22:15!15; LUK 22:21!7; LUK 22:34!13; LUK 22:61!25; LUK 24:39!14; LUK 2:49!19; LUK 2:49!8; LUK 4:18!12; LUK 4:18!8; LUK 4:43!12; LUK 5:12!30; LUK 6:46!3; LUK 6:47!5; LUK 8:28!25; LUK 9:18!19; LUK 9:20!7; LUK 9:26!5; LUK 9:48!24)|μηδένα (LUK 10:4!9)|μηδενὶ (LUK 5:14!5; LUK 8:56!10; LUK 9:21!6)|μηδὲν (LUK 4:35!23; LUK 6:35!10)|μιᾷ (LUK 13:10!5; LUK 20:1!4; LUK 5:12!8; LUK 5:17!4; LUK 8:22!4)|μοί (LUK 9:38!19)|μοι (LUK 10:22!2; LUK 10:40!27; LUK 11:5!20; LUK 11:7!6; LUK 15:12!10; LUK 15:6!15; LUK 15:9!10; LUK 17:8!11; LUK 18:13!24; LUK 18:22!26; LUK 18:5!5; LUK 1:25!3; LUK 1:38!9; LUK 1:43!3; LUK 1:49!3; LUK 20:24!2; LUK 20:3!12; LUK 22:29!6; LUK 23:14!5; LUK 4:23!7; LUK 5:27!18; LUK 7:44!19; LUK 7:45!2; LUK 9:23!22; LUK 9:59!12; LUK 9:59!6; LUK 9:61!11)|μου (LUK 10:22!7; LUK 10:29!13; LUK 10:40!18; LUK 11:24!23; LUK 11:6!3; LUK 11:7!16; LUK 12:13!12; LUK 12:17!15; LUK 12:18!21; LUK 12:18!6; LUK 12:19!5; LUK 12:4!6; LUK 12:45!14; LUK 14:23!19; LUK 14:24!12; LUK 14:26!36; LUK 14:27!10; LUK 14:27!14; LUK 14:33!16; LUK 15:17!10; LUK 15:18!6; LUK 15:24!5; LUK 15:29!27; LUK 15:6!20; LUK 16:24!24; LUK 16:27!15; LUK 16:3!12; LUK 16:5!17; LUK 18:3!18; LUK 19:23!6; LUK 19:27!19; LUK 19:27!4; LUK 19:46!8; LUK 19:8!11; LUK 1:18!18; LUK 1:20!20; LUK 1:25!12; LUK 1:43!11; LUK 1:44!13; LUK 1:44!22; LUK 1:46!7; LUK 1:47!11; LUK 1:47!5; LUK 20:13!12; LUK 20:42!12; LUK 20:42!16; LUK 21:12!27; LUK 21:17!9; LUK 21:33!10; LUK 21:8!13; LUK 22:11!21; LUK 22:19!14; LUK 22:20!18; LUK 22:28!11; LUK 22:29!9; LUK 22:30!12; LUK 22:30!8; LUK 22:42!15; LUK 22:53!4; LUK 23:42!5; LUK 23:46!15; LUK 24:39!4; LUK 24:39!8; LUK 24:44!8; LUK 24:49!9; LUK 2:30!5; LUK 2:49!16; LUK 3:16!15; LUK 3:22!22; LUK 6:47!8; LUK 7:27!10; LUK 7:44!29; LUK 7:45!13; LUK 7:46!13; LUK 7:46!4; LUK 7:6!33; LUK 7:7!15; LUK 7:8!27; LUK 8:21!11; LUK 8:21!8; LUK 8:45!8; LUK 9:23!9; LUK 9:35!12; LUK 9:38!16; LUK 9:48!13; LUK 9:59!18; LUK 9:61!17)|μού (LUK 8:46!6)|οἱ (LUK 10:17!3; LUK 10:2!9; LUK 10:23!10; LUK 10:23!12; LUK 11:14!16; LUK 11:19!9; LUK 11:28!6; LUK 11:33!16; LUK 11:39!9; LUK 11:44!11; LUK 11:44!13; LUK 11:47!9; LUK 11:53!5; LUK 11:53!8; LUK 12:35!7; LUK 12:37!2; LUK 13:17!7; LUK 13:2!7; LUK 13:23!8; LUK 13:4!3; LUK 14:29!11; LUK 14:4!1; LUK 15:1!6; LUK 15:1!9; LUK 15:16!12; LUK 15:2!7; LUK 16:14!5; LUK 16:15!6; LUK 16:16!4; LUK 16:21!14; LUK 16:26!13; LUK 16:8!13; LUK 17:17!10; LUK 17:17!7; LUK 17:37!16; LUK 17:5!3; LUK 18:11!16; LUK 18:15!12; LUK 18:24!9; LUK 18:26!3; LUK 18:39!2; LUK 19:14!1; LUK 19:32!3; LUK 19:33!7; LUK 19:34!1; LUK 19:40!10; LUK 19:43!8; LUK 19:47!10; LUK 19:47!14; LUK 19:47!20; LUK 1:2!4; LUK 1:58!3; LUK 1:58!6; LUK 1:66!4; LUK 20:1!17; LUK 20:1!20; LUK 20:10!16; LUK 20:11!6; LUK 20:12!5; LUK 20:14!4; LUK 20:17!15; LUK 20:19!3; LUK 20:19!6; LUK 20:27!6; LUK 20:31!9; LUK 20:33!11; LUK 20:35!1; LUK 20:37!4; LUK 20:5!1; LUK 21:15!15; LUK 21:21!11; LUK 21:21!17; LUK 21:21!2; LUK 21:33!7; LUK 22:14!8; LUK 22:2!3; LUK 22:2!6; LUK 22:25!12; LUK 22:28!4; LUK 22:35!16; LUK 22:38!1; LUK 22:39!16; LUK 22:49!3; LUK 22:63!2; LUK 22:63!4; LUK 22:71!1; LUK 22:9!1; LUK 23:10!3; LUK 23:10!6; LUK 23:21!1; LUK 23:23!1; LUK 23:35!9; LUK 23:36!5; LUK 23:48!3; LUK 23:49!4; LUK 23:5!1; LUK 24:16!1; LUK 24:17!6; LUK 24:19!5; LUK 24:20!5; LUK 24:20!8; LUK 24:25!18; LUK 24:31!4; LUK 24:42!1; LUK 24:44!6; LUK 2:15!10; LUK 2:15!12; LUK 2:18!3; LUK 2:20!3; LUK 2:30!3; LUK 2:41!3; LUK 2:43!18; LUK 2:47!4; LUK 3:10!4; LUK 4:20!11; LUK 4:42!10; LUK 5:2!9; LUK 5:21!4; LUK 5:21!7; LUK 5:30!3; LUK 5:30!6; LUK 5:31!11; LUK 5:31!15; LUK 5:33!16; LUK 5:33!19; LUK 5:37!23; LUK 6:1!11; LUK 6:18!12; LUK 6:20!13; LUK 6:21!2; LUK 6:21!8; LUK 6:22!6; LUK 6:23!24; LUK 6:25!3; LUK 6:25!9; LUK 6:26!16; LUK 6:26!7; LUK 6:3!18; LUK 6:31!7; LUK 6:32!13; LUK 6:33!12; LUK 6:7!3; LUK 6:7!6; LUK 7:10!6; LUK 7:11!14; LUK 7:14!6; LUK 7:18!4; LUK 7:20!5; LUK 7:25!11; LUK 7:29!7; LUK 7:30!1; LUK 7:30!5; LUK 7:4!1; LUK 7:49!3; LUK 8:1!21; LUK 8:12!1; LUK 8:12!7; LUK 8:13!1; LUK 8:14!9; LUK 8:16!17; LUK 8:19!8; LUK 8:20!8; LUK 8:21!14; LUK 8:22!13; LUK 8:34!3; LUK 8:36!4; LUK 8:42!17; LUK 8:45!16; LUK 8:56!3; LUK 8:9!4; LUK 9:10!3; LUK 9:11!1; LUK 9:12!8; LUK 9:13!9; LUK 9:18!12; LUK 9:18!20; LUK 9:19!1; LUK 9:32!5; LUK 9:45!1; LUK 9:54!3)|οἳ (LUK 10:30!16; LUK 13:30!11; LUK 13:30!5; LUK 17:12!11; LUK 20:47!1; LUK 23:29!19; LUK 24:23!13; LUK 5:10!9; LUK 5:17!17; LUK 5:29!18; LUK 6:18!1; LUK 8:13!19; LUK 8:13!6; LUK 9:27!10; LUK 9:31!1)|οἵ (LUK 15:2!3)|οἵτινες (LUK 15:7!19; LUK 1:20!21; LUK 8:15!9; LUK 9:30!7)|οἷς (LUK 12:1!2; LUK 12:24!9; LUK 19:15!17; LUK 1:78!7; LUK 24:25!16; LUK 2:20!12; LUK 9:43!14)|οὐδέν (LUK 20:40!6)|οὐδείς (LUK 18:29!9; LUK 7:28!8)|οὐδεμίαν (LUK 4:26!3)|οὐδενὶ (LUK 9:36!14)|οὐδενὸς (LUK 8:43!19)|οὐδεὶς (LUK 10:22!9; LUK 14:24!5; LUK 15:16!15; LUK 16:13!1; LUK 18:19!10; LUK 19:30!15; LUK 23:53!15; LUK 4:24!7; LUK 4:27!13; LUK 5:37!2; LUK 5:39!2)|οὐδὲν (LUK 10:19!20; LUK 12:2!1; LUK 18:34!3; LUK 23:15!11; LUK 23:22!12; LUK 23:41!12; LUK 23:9!9; LUK 4:2!10; LUK 5:5!10; LUK 9:36!20)|οὐθὲν (LUK 23:14!19)|οὓς (LUK 11:27!25; LUK 12:37!5; LUK 13:4!6; LUK 24:17!9; LUK 24:44!9; LUK 6:13!14; LUK 6:4!20)|οὗ (LUK 13:25!2; LUK 13:7!10; LUK 17:1!17; LUK 22:22!17; LUK 24:21!23; LUK 3:16!16; LUK 3:17!1; LUK 4:18!5; LUK 4:29!16; LUK 7:27!4; LUK 8:35!17; LUK 8:38!7; LUK 9:9!13)|οὗτοί (LUK 8:14!7; LUK 8:15!7; LUK 8:21!12)|οὗτοι (LUK 13:2!9; LUK 19:40!8; LUK 20:47!11; LUK 21:4!3; LUK 24:17!8; LUK 8:13!15)|οὗτος (LUK 15:24!2; LUK 15:30!6; LUK 15:32!10; LUK 16:1!15; LUK 17:18!12; LUK 18:11!26; LUK 18:14!4; LUK 1:29!13; LUK 1:32!1; LUK 1:36!15; LUK 20:17!17; LUK 20:28!13; LUK 22:56!15; LUK 22:59!13; LUK 23:22!11; LUK 23:38!11; LUK 23:41!10; LUK 23:47!14; LUK 23:51!1; LUK 23:52!1; LUK 2:25!13; LUK 2:34!13; LUK 4:22!24; LUK 4:36!14; LUK 5:21!12; LUK 7:17!5; LUK 8:41!9; LUK 9:24!20; LUK 9:9!11)|οὗτός (LUK 23:35!17; LUK 7:27!1; LUK 7:49!9; LUK 8:25!16; LUK 9:48!32)|ποίας (LUK 5:19!4)|ποίᾳ (LUK 12:39!9; LUK 20:2!9; LUK 20:8!11)|πῶς (LUK 10:26!11; LUK 11:18!9; LUK 12:11!16; LUK 12:27!4; LUK 12:50!6; LUK 12:56!15; LUK 14:7!8; LUK 20:44!7; LUK 22:2!9; LUK 22:4!9; LUK 6:42!1; LUK 8:18!3; LUK 8:36!6)|σά (LUK 15:31!15)|σέ (LUK 1:35!11)|σε (LUK 11:27!22; LUK 11:36!23; LUK 12:58!20; LUK 12:58!27; LUK 12:58!34; LUK 13:31!17; LUK 14:10!15; LUK 14:12!32; LUK 14:18!20; LUK 14:19!13; LUK 16:27!4; LUK 17:19!10; LUK 18:42!11; LUK 19:21!3; LUK 19:22!8; LUK 19:43!15; LUK 19:43!18; LUK 19:44!3; LUK 22:64!11; LUK 2:48!25; LUK 4:10!12; LUK 4:11!6; LUK 4:34!12; LUK 6:29!3; LUK 6:30!3; LUK 7:50!10; LUK 8:20!14; LUK 8:45!19; LUK 8:48!10)|σεαυτόν (LUK 10:27!38; LUK 23:37!11; LUK 4:23!13)|σεαυτὸν (LUK 23:39!15; LUK 4:9!22; LUK 5:14!10)|σοί (LUK 19:44!17; LUK 19:44!9; LUK 7:40!10)|σοι (LUK 10:13!2; LUK 10:13!5; LUK 10:21!13; LUK 10:35!26; LUK 10:36!7; LUK 10:40!14; LUK 11:7!27; LUK 12:59!2; LUK 14:10!17; LUK 14:10!23; LUK 14:10!29; LUK 14:12!36; LUK 14:14!11; LUK 14:14!8; LUK 14:9!9; LUK 15:29!12; LUK 18:11!11; LUK 18:22!9; LUK 18:28!11; LUK 18:41!2; LUK 19:43!12; LUK 1:13!22; LUK 1:14!4; LUK 1:19!22; LUK 1:3!8; LUK 1:35!16; LUK 20:2!18; LUK 22:11!8; LUK 22:34!5; LUK 23:43!5; LUK 5:20!9; LUK 5:23!6; LUK 7:47!4; LUK 8:30!7; LUK 8:39!9; LUK 9:57!12; LUK 9:61!6)|σου (LUK 10:17!18; LUK 10:21!40; LUK 10:27!14; LUK 10:27!20; LUK 10:27!26; LUK 10:27!32; LUK 10:27!36; LUK 10:27!9; LUK 11:2!11; LUK 11:2!15; LUK 11:34!12; LUK 11:34!19; LUK 11:34!29; LUK 11:34!8; LUK 11:36!5; LUK 12:20!12; LUK 12:58!7; LUK 13:12!14; LUK 13:26!6; LUK 13:34!18; LUK 14:12!16; LUK 14:12!20; LUK 14:12!24; LUK 14:8!14; LUK 15:18!17; LUK 15:19!13; LUK 15:19!6; LUK 15:21!13; LUK 15:21!19; LUK 15:27!14; LUK 15:27!8; LUK 15:29!16; LUK 15:30!5; LUK 15:30!9; LUK 15:32!9; LUK 16:2!16; LUK 16:25!10; LUK 16:25!14; LUK 16:6!12; LUK 16:7!17; LUK 17:19!8; LUK 17:3!7; LUK 18:20!15; LUK 18:42!9; LUK 19:16!9; LUK 19:18!8; LUK 19:20!10; LUK 19:22!6; LUK 19:39!15; LUK 19:42!19; LUK 19:43!10; LUK 19:44!26; LUK 19:44!7; LUK 19:5!21; LUK 1:13!14; LUK 1:13!18; LUK 1:36!6; LUK 1:38!13; LUK 1:42!17; LUK 1:44!9; LUK 1:61!11; LUK 20:43!10; LUK 20:43!6; LUK 22:32!11; LUK 22:32!19; LUK 23:42!11; LUK 23:46!11; LUK 2:29!10; LUK 2:29!5; LUK 2:30!8; LUK 2:32!8; LUK 2:48!20; LUK 4:11!13; LUK 4:12!14; LUK 4:23!26; LUK 4:8!11; LUK 5:14!18; LUK 5:20!12; LUK 5:23!9; LUK 5:24!26; LUK 5:24!31; LUK 5:5!16; LUK 6:10!10; LUK 6:29!15; LUK 6:41!12; LUK 6:42!16; LUK 6:42!46; LUK 6:42!6; LUK 7:27!13; LUK 7:27!18; LUK 7:27!20; LUK 7:44!14; LUK 7:48!5; LUK 7:50!8; LUK 8:20!10; LUK 8:20!6; LUK 8:28!23; LUK 8:39!5; LUK 8:48!8; LUK 8:49!14; LUK 9:38!11; LUK 9:40!5; LUK 9:41!23; LUK 9:49!11)|σοὶ (LUK 11:35!8; LUK 3:22!26; LUK 5:33!21; LUK 7:14!13; LUK 9:33!26)|σοῦ (LUK 12:20!15; LUK 16:2!10; LUK 1:28!11; LUK 22:32!5; LUK 22:33!7; LUK 2:35!2; LUK 4:10!9; LUK 4:7!8; LUK 6:42!22; LUK 6:42!34)|σύ (LUK 10:15!2; LUK 17:8!22; LUK 22:32!13)|σὰ (LUK 6:30!10)|σὲ (LUK 14:9!4; LUK 17:4!13; LUK 17:4!8; LUK 19:43!5; LUK 1:19!19; LUK 7:20!14; LUK 7:7!6)|σὸν (LUK 22:42!18)|σὺ (LUK 10:37!17; LUK 15:31!6; LUK 16:25!24; LUK 19:19!6; LUK 19:42!10; LUK 1:42!8; LUK 1:76!2; LUK 22:58!9; LUK 22:67!3; LUK 23:37!4; LUK 23:39!10; LUK 23:40!10; LUK 4:7!1; LUK 9:60!11)|τήν (LUK 2:16!6)|τί (LUK 10:25!10; LUK 10:26!9; LUK 12:11!18; LUK 12:11!21; LUK 12:22!15; LUK 12:22!20; LUK 12:26!6; LUK 12:29!5; LUK 12:29!8; LUK 15:26!7; LUK 16:4!2; LUK 17:8!6; LUK 18:18!9; LUK 18:36!6; LUK 18:6!6; LUK 19:15!23; LUK 19:48!5; LUK 1:62!7; LUK 20:15!8; LUK 21:7!11; LUK 23:31!12; LUK 23:34!11; LUK 2:48!13; LUK 3:12!11; LUK 5:23!1; LUK 6:11!9; LUK 6:41!1; LUK 7:25!2; LUK 7:26!2; LUK 9:25!1)|τίνα (LUK 11:11!1; LUK 12:5!4; LUK 9:20!6)|τίνι (LUK 11:19!13; LUK 12:20!19; LUK 13:18!11; LUK 14:34!12; LUK 6:47!16; LUK 7:31!10)|τίνος (LUK 20:24!4; LUK 20:33!7)|τίς (LUK 10:22!11; LUK 10:22!20; LUK 10:29!11; LUK 10:36!1; LUK 12:14!6; LUK 12:25!1; LUK 14:28!1; LUK 14:31!2; LUK 15:8!2; LUK 16:11!12; LUK 16:12!11; LUK 18:26!6; LUK 19:3!6; LUK 20:2!14; LUK 22:23!8; LUK 22:24!8; LUK 22:27!1; LUK 22:64!7; LUK 3:7!11; LUK 4:34!13; LUK 5:21!16; LUK 7:39!18; LUK 7:42!7; LUK 8:9!7; LUK 9:46!7; LUK 9:9!8)|ταύταις (LUK 1:39!7; LUK 23:7!19; LUK 24:18!23; LUK 6:12!6)|ταύτας (LUK 1:24!3)|ταύτην (LUK 12:41!10; LUK 13:16!1; LUK 13:6!3; LUK 15:3!7; LUK 18:5!9; LUK 18:9!19; LUK 20:19!29; LUK 20:2!21; LUK 20:9!9; LUK 23:48!9; LUK 24:21!19; LUK 4:23!10; LUK 4:6!10; LUK 7:44!10)|ταύτης (LUK 11:31!12; LUK 11:32!10; LUK 11:50!16; LUK 11:51!22; LUK 17:25!12; LUK 7:31!8)|ταύτῃ (LUK 11:30!17; LUK 12:20!7; LUK 13:32!8; LUK 13:7!17; LUK 16:24!30; LUK 17:34!3; LUK 17:6!15; LUK 19:42!8)|ταῖς (LUK 11:43!10; LUK 11:43!16; LUK 13:26!11; LUK 17:26!12; LUK 17:26!5; LUK 17:28!5; LUK 1:18!21; LUK 1:39!5; LUK 1:5!3; LUK 1:6!11; LUK 1:7!15; LUK 1:75!8; LUK 1:80!11; LUK 20:46!14; LUK 20:46!19; LUK 21:14!4; LUK 21:21!19; LUK 21:23!11; LUK 21:23!2; LUK 21:23!7; LUK 23:7!20; LUK 24:18!21; LUK 24:27!14; LUK 2:1!4; LUK 2:47!11; LUK 3:15!9; LUK 4:15!5; LUK 4:2!12; LUK 4:25!10; LUK 4:43!8; LUK 5:16!6; LUK 5:22!15; LUK 5:35!15; LUK 6:1!19; LUK 6:12!4; LUK 7:38!17; LUK 7:44!33; LUK 9:36!18)|ταῦτα (LUK 10:1!3; LUK 10:21!23; LUK 11:27!7; LUK 11:42!25; LUK 11:45!9; LUK 12:30!1; LUK 12:31!7; LUK 12:4!16; LUK 13:17!2; LUK 13:2!17; LUK 14:15!6; LUK 14:21!9; LUK 14:6!6; LUK 15:26!10; LUK 16:14!3; LUK 17:8!18; LUK 18:11!6; LUK 18:23!4; LUK 18:4!7; LUK 19:11!4; LUK 19:28!3; LUK 1:19!23; LUK 1:20!13; LUK 1:65!20; LUK 20:2!11; LUK 20:8!13; LUK 21:31!6; LUK 21:36!10; LUK 21:7!16; LUK 21:7!8; LUK 21:9!11; LUK 23:31!7; LUK 23:49!17; LUK 24:10!21; LUK 24:11!9; LUK 24:21!24; LUK 24:26!2; LUK 24:9!7; LUK 2:19!8; LUK 4:28!9; LUK 5:27!3; LUK 7:9!3; LUK 8:8!14; LUK 9:34!1)|τι (LUK 10:35!17; LUK 11:36!11; LUK 11:54!4; LUK 12:4!20; LUK 19:8!21; LUK 23:8!24)|τινά (LUK 10:38!10)|τινα (LUK 17:12!5; LUK 21:2!3; LUK 23:26!7; LUK 8:51!9; LUK 9:49!7)|τινας (LUK 18:9!5)|τινες (LUK 13:1!3; LUK 13:31!6; LUK 19:39!2; LUK 20:27!3; LUK 20:39!3; LUK 24:22!4; LUK 24:24!3; LUK 8:2!3; LUK 9:27!6)|τινι (LUK 18:2!6; LUK 7:41!5)|τινος (LUK 14:1!9; LUK 14:8!4; LUK 20:28!7; LUK 22:35!14; LUK 7:2!3)|τινων (LUK 21:5!2; LUK 9:7!15; LUK 9:8!2)|τινός (LUK 19:8!20)|τινὰ (LUK 23:19!5)|τινὰς (LUK 7:18!13)|τινὲς (LUK 11:15!1)|τινὶ (LUK 11:1!9; LUK 12:15!16)|τινὸς (LUK 12:16!8)|τις (LUK 10:25!4; LUK 10:30!7; LUK 10:31!5; LUK 10:33!3; LUK 10:38!13; LUK 11:1!14; LUK 11:27!9; LUK 11:45!3; LUK 12:13!3; LUK 13:23!3; LUK 13:6!8; LUK 14:15!3; LUK 14:16!6; LUK 14:2!4; LUK 14:26!2; LUK 15:11!4; LUK 16:1!8; LUK 16:19!3; LUK 16:20!3; LUK 16:30!9; LUK 16:31!13; LUK 18:18!3; LUK 18:2!3; LUK 18:35!10; LUK 19:12!4; LUK 19:31!3; LUK 1:5!10; LUK 22:50!4; LUK 22:56!5; LUK 22:59!7; LUK 7:36!3; LUK 8:27!9; LUK 8:46!7; LUK 8:49!5; LUK 9:19!15; LUK 9:23!6; LUK 9:57!8; LUK 9:8!11)|τοιαῦτα (LUK 9:9!15)|τοιούτων (LUK 18:16!19)|τούτοις (LUK 16:26!4; LUK 24:21!17)|τούτου (LUK 13:16!21; LUK 22:51!8; LUK 24:4!8; LUK 2:17!13; LUK 9:45!23)|τούτους (LUK 19:15!16; LUK 19:27!5; LUK 20:16!6; LUK 9:28!6; LUK 9:44!9)|τούτων (LUK 10:36!2; LUK 12:27!23; LUK 12:30!16; LUK 17:2!21; LUK 18:34!4; LUK 21:12!3; LUK 21:28!3; LUK 24:14!10; LUK 24:48!4; LUK 3:8!27; LUK 7:18!9)|τούτῳ (LUK 10:20!3; LUK 10:5!12; LUK 14:9!11; LUK 18:30!9; LUK 19:19!4; LUK 19:9!12; LUK 1:61!16; LUK 21:23!24; LUK 23:14!24; LUK 23:4!17; LUK 4:3!14; LUK 7:8!15)|τοὺς (LUK 10:11!12; LUK 10:23!4; LUK 10:36!12; LUK 10:39!11; LUK 10:9!3; LUK 11:1!28; LUK 11:43!13; LUK 11:46!11; LUK 11:52!15; LUK 12:1!14; LUK 12:17!13; LUK 12:22!4; LUK 12:24!2; LUK 12:45!19; LUK 13:2!13; LUK 13:28!19; LUK 13:34!5; LUK 13:34!9; LUK 13:4!23; LUK 13:4!25; LUK 14:12!14; LUK 14:12!18; LUK 14:12!22; LUK 14:21!28; LUK 14:26!22; LUK 14:3!7; LUK 14:7!4; LUK 15:15!14; LUK 15:22!27; LUK 15:22!6; LUK 15:5!5; LUK 15:6!10; LUK 15:6!7; LUK 16:1!5; LUK 16:23!6; LUK 16:29!7; LUK 16:4!13; LUK 16:8!20; LUK 17:1!4; LUK 17:16!6; LUK 17:22!4; LUK 18:13!9; LUK 18:31!3; LUK 18:9!15; LUK 18:9!6; LUK 19:15!14; LUK 19:27!2; LUK 19:27!6; LUK 19:45!8; LUK 1:33!8; LUK 1:55!4; LUK 1:65!6; LUK 1:79!11; LUK 20:10!5; LUK 20:16!4; LUK 20:43!4; LUK 21:1!4; LUK 21:35!7; LUK 22:32!17; LUK 22:45!8; LUK 22:52!5; LUK 23:13!4; LUK 23:13!7; LUK 23:33!14; LUK 23:4!6; LUK 23:4!9; LUK 24:10!19; LUK 24:33!12; LUK 24:33!15; LUK 24:39!6; LUK 24:40!9; LUK 2:27!13; LUK 5:22!5; LUK 5:3!23; LUK 5:30!10; LUK 5:34!8; LUK 5:37!17; LUK 5:9!7; LUK 6:1!16; LUK 6:13!6; LUK 6:20!4; LUK 6:20!8; LUK 6:27!7; LUK 6:28!2; LUK 6:32!15; LUK 6:32!4; LUK 6:33!4; LUK 6:35!27; LUK 6:35!3; LUK 6:4!27; LUK 6:4!9; LUK 6:8!4; LUK 7:24!9; LUK 7:31!4; LUK 7:38!13; LUK 7:38!25; LUK 7:38!5; LUK 7:44!30; LUK 7:45!14; LUK 7:46!11; LUK 8:33!10; LUK 8:34!15; LUK 8:35!25; LUK 8:41!17; LUK 9:1!3; LUK 9:11!18; LUK 9:14!9; LUK 9:16!3; LUK 9:16!7; LUK 9:26!7; LUK 9:28!4; LUK 9:32!18; LUK 9:32!21; LUK 9:43!18; LUK 9:44!7; LUK 9:60!5; LUK 9:60!8)|τοῖς (LUK 10:20!19; LUK 11:13!10; LUK 11:13!23; LUK 11:30!5; LUK 11:42!4; LUK 11:43!3; LUK 11:46!23; LUK 11:46!6; LUK 11:48!6; LUK 11:52!3; LUK 12:3!19; LUK 12:33!16; LUK 12:4!4; LUK 12:44!7; LUK 12:54!4; LUK 13:10!9; LUK 13:17!17; LUK 13:17!19; LUK 13:19!25; LUK 14:17!11; LUK 14:33!10; LUK 16:23!19; LUK 17:14!8; LUK 18:32!3; LUK 19:24!2; LUK 19:39!13; LUK 19:8!15; LUK 1:20!18; LUK 1:45!8; LUK 1:50!9; LUK 1:79!2; LUK 20:1!23; LUK 20:45!7; LUK 20:46!24; LUK 22:28!9; LUK 22:4!4; LUK 23:11!8; LUK 23:30!10; LUK 23:30!4; LUK 24:9!13; LUK 24:9!9; LUK 2:33!11; LUK 2:38!14; LUK 2:44!15; LUK 2:44!18; LUK 2:49!13; LUK 3:14!20; LUK 3:7!3; LUK 4:21!13; LUK 4:22!12; LUK 4:22!8; LUK 4:31!13; LUK 4:36!21; LUK 5:7!3; LUK 5:8!6; LUK 6:2!11; LUK 6:23!22; LUK 6:24!4; LUK 6:26!14; LUK 6:27!12; LUK 6:27!4; LUK 6:4!17; LUK 7:25!19; LUK 7:32!4; LUK 7:38!9; LUK 7:44!26; LUK 8:10!13; LUK 8:25!20; LUK 8:27!28; LUK 9:16!20; LUK 9:61!13)|τοῦ (LUK 10:11!23; LUK 10:15!9; LUK 10:18!10; LUK 10:19!17; LUK 10:19!6; LUK 10:2!15; LUK 10:2!17; LUK 10:21!16; LUK 10:22!5; LUK 10:36!9; LUK 10:39!13; LUK 10:7!17; LUK 10:9!15; LUK 11:14!8; LUK 11:20!15; LUK 11:24!7; LUK 11:26!18; LUK 11:27!13; LUK 11:28!10; LUK 11:30!13; LUK 11:34!3; LUK 11:38!11; LUK 11:39!13; LUK 11:39!16; LUK 11:42!23; LUK 11:49!6; LUK 11:51!10; LUK 11:51!13; LUK 11:51!7; LUK 11:54!6; LUK 12:1!6; LUK 12:10!9; LUK 12:13!5; LUK 12:23!11; LUK 12:30!6; LUK 12:40!12; LUK 12:42!21; LUK 12:46!4; LUK 12:47!9; LUK 12:52!4; LUK 12:56!7; LUK 12:58!5; LUK 12:6!15; LUK 12:8!16; LUK 12:8!24; LUK 12:9!12; LUK 13:14!32; LUK 13:16!19; LUK 13:16!24; LUK 13:18!8; LUK 13:19!21; LUK 13:20!8; LUK 13:28!24; LUK 13:29!17; LUK 14:15!16; LUK 14:17!8; LUK 14:24!13; LUK 14:5!20; LUK 15:10!9; LUK 15:17!8; LUK 16:13!20; LUK 16:15!26; LUK 16:16!12; LUK 16:17!11; LUK 16:21!10; LUK 16:24!16; LUK 16:27!13; LUK 16:5!7; LUK 16:8!15; LUK 16:8!22; LUK 16:9!9; LUK 17:1!9; LUK 17:20!10; LUK 17:20!20; LUK 17:21!11; LUK 17:22!13; LUK 17:22!15; LUK 17:24!20; LUK 17:26!14; LUK 17:26!16; LUK 17:30!9; LUK 17:31!8; LUK 17:7!13; LUK 18:12!3; LUK 18:16!23; LUK 18:17!10; LUK 18:24!16; LUK 18:25!14; LUK 18:29!25; LUK 18:3!16; LUK 18:31!22; LUK 18:8!13; LUK 19:10!5; LUK 19:11!22; LUK 19:22!4; LUK 19:26!10; LUK 19:3!12; LUK 19:37!8; LUK 19:39!6; LUK 19:47!22; LUK 1:10!12; LUK 1:10!6; LUK 1:11!11; LUK 1:11!9; LUK 1:19!13; LUK 1:2!11; LUK 1:26!12; LUK 1:32!17; LUK 1:37!5; LUK 1:43!9; LUK 1:44!7; LUK 1:48!12; LUK 1:57!7; LUK 1:59!18; LUK 1:6!15; LUK 1:6!6; LUK 1:68!5; LUK 1:73!9; LUK 1:77!1; LUK 1:79!9; LUK 1:8!14; LUK 1:9!13; LUK 1:9!7; LUK 20:10!10; LUK 20:10!12; LUK 20:13!5; LUK 20:15!14; LUK 20:15!5; LUK 20:20!21; LUK 20:21!21; LUK 20:25!13; LUK 20:26!8; LUK 20:34!8; LUK 20:35!4; LUK 20:45!4; LUK 21:12!25; LUK 21:22!6; LUK 21:27!6; LUK 21:31!14; LUK 21:36!18; LUK 21:36!20; LUK 21:4!15; LUK 21:4!5; LUK 21:5!5; LUK 22:15!14; LUK 22:16!15; LUK 22:18!11; LUK 22:18!19; LUK 22:18!8; LUK 22:21!5; LUK 22:22!5; LUK 22:3!11; LUK 22:30!21; LUK 22:31!8; LUK 22:40!4; LUK 22:48!9; LUK 22:50!7; LUK 22:51!11; LUK 22:52!12; LUK 22:53!25; LUK 22:54!10; LUK 22:6!6; LUK 22:61!12; LUK 22:61!14; LUK 22:66!8; LUK 22:69!15; LUK 22:69!2; LUK 22:69!8; LUK 22:70!9; LUK 22:71!13; LUK 23:26!18; LUK 23:27!6; LUK 23:35!21; LUK 23:45!1; LUK 23:45!8; LUK 23:51!20; LUK 23:52!8; LUK 24:16!6; LUK 24:19!12; LUK 24:19!24; LUK 24:19!28; LUK 24:2!7; LUK 24:25!12; LUK 24:29!19; LUK 24:35!15; LUK 24:45!6; LUK 24:49!7; LUK 24:7!4; LUK 24:9!4; LUK 2:17!11; LUK 2:17!5; LUK 2:17!7; LUK 2:21!18; LUK 2:21!21; LUK 2:21!6; LUK 2:22!6; LUK 2:24!2; LUK 2:25!19; LUK 2:26!6; LUK 2:26!8; LUK 2:27!18; LUK 2:27!24; LUK 2:37!11; LUK 2:41!12; LUK 2:49!14; LUK 2:6!11; LUK 3:1!21; LUK 3:15!13; LUK 3:15!3; LUK 3:19!13; LUK 3:23!14; LUK 3:24!1; LUK 3:24!3; LUK 3:24!5; LUK 3:24!7; LUK 3:24!9; LUK 3:25!1; LUK 3:25!3; LUK 3:25!5; LUK 3:25!7; LUK 3:25!9; LUK 3:26!1; LUK 3:26!3; LUK 3:26!5; LUK 3:26!7; LUK 3:26!9; LUK 3:27!1; LUK 3:27!3; LUK 3:27!5; LUK 3:27!7; LUK 3:27!9; LUK 3:28!1; LUK 3:28!3; LUK 3:28!5; LUK 3:28!7; LUK 3:28!9; LUK 3:29!1; LUK 3:29!3; LUK 3:29!5; LUK 3:29!7; LUK 3:29!9; LUK 3:3!6; LUK 3:30!1; LUK 3:30!3; LUK 3:30!5; LUK 3:30!7; LUK 3:30!9; LUK 3:31!1; LUK 3:31!3; LUK 3:31!5; LUK 3:31!7; LUK 3:31!9; LUK 3:32!1; LUK 3:32!3; LUK 3:32!5; LUK 3:32!7; LUK 3:32!9; LUK 3:33!1; LUK 3:33!11; LUK 3:33!3; LUK 3:33!5; LUK 3:33!7; LUK 3:33!9; LUK 3:34!1; LUK 3:34!3; LUK 3:34!5; LUK 3:34!7; LUK 3:34!9; LUK 3:35!1; LUK 3:35!3; LUK 3:35!5; LUK 3:35!7; LUK 3:35!9; LUK 3:36!1; LUK 3:36!3; LUK 3:36!5; LUK 3:36!7; LUK 3:36!9; LUK 3:37!1; LUK 3:37!3; LUK 3:37!5; LUK 3:37!7; LUK 3:37!9; LUK 3:38!1; LUK 3:38!3; LUK 3:38!5; LUK 3:38!7; LUK 3:4!7; LUK 3:6!7; LUK 4:1!8; LUK 4:10!10; LUK 4:14!8; LUK 4:17!5; LUK 4:2!5; LUK 4:22!15; LUK 4:27!10; LUK 4:29!13; LUK 4:3!9; LUK 4:34!17; LUK 4:38!13; LUK 4:40!3; LUK 4:41!15; LUK 4:42!21; LUK 4:43!16; LUK 4:9!11; LUK 4:9!19; LUK 5:1!13; LUK 5:10!24; LUK 5:14!16; LUK 5:19!26; LUK 5:24!7; LUK 5:3!20; LUK 5:34!10; LUK 5:36!34; LUK 5:7!9; LUK 6:12!19; LUK 6:17!17; LUK 6:20!20; LUK 6:22!22; LUK 6:22!24; LUK 6:29!13; LUK 6:30!7; LUK 6:4!6; LUK 6:41!10; LUK 6:42!32; LUK 6:42!44; LUK 6:44!5; LUK 6:45!18; LUK 6:45!5; LUK 6:5!10; LUK 6:5!6; LUK 7:1!10; LUK 7:28!16; LUK 7:3!4; LUK 7:30!9; LUK 7:34!4; LUK 7:36!16; LUK 7:37!17; LUK 8:1!18; LUK 8:10!11; LUK 8:11!11; LUK 8:14!18; LUK 8:21!17; LUK 8:24!18; LUK 8:28!18; LUK 8:28!20; LUK 8:29!28; LUK 8:29!9; LUK 8:33!17; LUK 8:33!6; LUK 8:35!27; LUK 8:44!14; LUK 8:44!4; LUK 8:44!6; LUK 8:47!21; LUK 8:49!7; LUK 8:5!25; LUK 8:5!4; LUK 9:11!15; LUK 9:2!7; LUK 9:20!16; LUK 9:22!6; LUK 9:26!13; LUK 9:26!23; LUK 9:27!20; LUK 9:29!9; LUK 9:37!9; LUK 9:38!5; LUK 9:43!7; LUK 9:44!13; LUK 9:45!21; LUK 9:51!16; LUK 9:54!15; LUK 9:58!13; LUK 9:58!19; LUK 9:60!17; LUK 9:62!20)|τοῦτο (LUK 10:11!17; LUK 10:28!6; LUK 13:8!10; LUK 16:2!7; LUK 18:34!10; LUK 18:36!8; LUK 1:18!10; LUK 1:34!9; LUK 1:43!4; LUK 1:66!15; LUK 20:17!11; LUK 22:15!7; LUK 22:17!7; LUK 22:19!19; LUK 22:23!14; LUK 22:37!5; LUK 22:42!6; LUK 23:46!16; LUK 24:40!2; LUK 2:12!2; LUK 2:15!25; LUK 3:20!3; LUK 4:43!20; LUK 5:6!2; LUK 6:3!9; LUK 7:4!16; LUK 7:8!29; LUK 9:21!8; LUK 9:45!6; LUK 9:48!7)|τοῦτον (LUK 12:5!20; LUK 12:56!14; LUK 16:28!16; LUK 19:14!15; LUK 20:12!8; LUK 20:13!16; LUK 23:14!8; LUK 23:18!6; LUK 9:13!31; LUK 9:26!10)|τό (LUK 22:37!12)|τὰ (LUK 10:17!11; LUK 10:20!14; LUK 10:20!7; LUK 10:34!4; LUK 10:7!10; LUK 10:8!11; LUK 11:15!13; LUK 11:17!5; LUK 11:18!20; LUK 11:19!7; LUK 11:20!7; LUK 11:21!12; LUK 11:22!16; LUK 11:26!16; LUK 11:41!2; LUK 11:44!6; LUK 11:44!8; LUK 11:47!5; LUK 11:7!14; LUK 12:18!19; LUK 12:27!2; LUK 12:30!4; LUK 12:33!2; LUK 13:19!19; LUK 13:34!16; LUK 14:26!19; LUK 14:32!11; LUK 15:31!13; LUK 15:4!15; LUK 16:1!20; LUK 16:21!18; LUK 16:25!18; LUK 16:25!8; LUK 16:6!13; LUK 16:7!18; LUK 17:1!10; LUK 17:10!7; LUK 17:30!2; LUK 17:31!11; LUK 17:31!29; LUK 17:9!8; LUK 18:15!5; LUK 18:16!8; LUK 18:24!10; LUK 18:28!8; LUK 18:31!15; LUK 18:34!17; LUK 19:35!10; LUK 19:36!5; LUK 19:42!11; LUK 19:44!5; LUK 19:8!9; LUK 1:44!11; LUK 1:65!18; LUK 20:25!12; LUK 20:25!8; LUK 21:1!9; LUK 21:21!8; LUK 21:22!9; LUK 21:24!8; LUK 21:29!10; LUK 21:36!12; LUK 21:4!10; LUK 22:41!11; LUK 23:28!20; LUK 23:34!15; LUK 23:48!11; LUK 23:48!14; LUK 24:11!7; LUK 24:12!12; LUK 24:18!16; LUK 24:27!16; LUK 24:35!4; LUK 24:44!21; LUK 24:47!13; LUK 24:5!7; LUK 2:19!6; LUK 2:39!5; LUK 2:51!19; LUK 3:5!12; LUK 5:11!3; LUK 5:2!16; LUK 5:4!15; LUK 5:5!18; LUK 5:6!10; LUK 5:7!18; LUK 6:23!18; LUK 6:26!10; LUK 6:30!9; LUK 6:34!18; LUK 7:1!4; LUK 8:10!7; LUK 8:29!24; LUK 8:33!3; LUK 8:35!18; LUK 8:38!9; LUK 8:5!23; LUK 9:1!12; LUK 9:44!4; LUK 9:58!11; LUK 9:62!14; LUK 9:7!6)|τὰς (LUK 10:10!13; LUK 11:4!4; LUK 12:11!12; LUK 12:11!6; LUK 12:11!9; LUK 12:18!7; LUK 12:45!22; LUK 13:13!4; LUK 13:34!26; LUK 14:21!21; LUK 14:23!10; LUK 14:26!25; LUK 14:7!9; LUK 15:9!4; LUK 16:15!16; LUK 16:9!19; LUK 18:20!1; LUK 19:24!13; LUK 1:24!4; LUK 20:19!11; LUK 20:47!3; LUK 21:12!15; LUK 21:12!8; LUK 21:19!6; LUK 21:28!8; LUK 21:37!3; LUK 21:37!9; LUK 22:30!17; LUK 22:53!12; LUK 24:32!22; LUK 24:39!2; LUK 24:40!6; LUK 24:45!8; LUK 24:50!9; LUK 2:28!6; LUK 2:43!3; LUK 3:4!20; LUK 4:40!20; LUK 4:44!5; LUK 4:5!7; LUK 7:1!8; LUK 8:14!4; LUK 8:29!31; LUK 9:12!18; LUK 9:51!6; LUK 9:6!5)|τὴν (LUK 10:19!15; LUK 10:19!4; LUK 10:35!3; LUK 10:4!11; LUK 10:42!9; LUK 11:21!6; LUK 11:22!8; LUK 11:31!24; LUK 11:33!13; LUK 11:42!18; LUK 11:42!21; LUK 11:43!7; LUK 11:52!7; LUK 11:7!20; LUK 11:8!16; LUK 12:13!16; LUK 12:20!10; LUK 12:25!8; LUK 12:31!3; LUK 12:32!13; LUK 12:41!8; LUK 12:49!5; LUK 12:5!15; LUK 12:53!15; LUK 12:53!19; LUK 12:53!25; LUK 13:20!6; LUK 13:25!17; LUK 13:25!9; LUK 13:34!22; LUK 13:6!4; LUK 13:7!25; LUK 14:26!13; LUK 14:26!16; LUK 14:26!30; LUK 14:28!12; LUK 14:8!10; LUK 15:13!18; LUK 15:14!9; LUK 15:16!4; LUK 15:22!12; LUK 15:22!21; LUK 15:3!5; LUK 15:8!16; LUK 15:9!13; LUK 16:17!7; LUK 16:18!4; LUK 16:24!22; LUK 16:3!14; LUK 16:8!25; LUK 16:8!27; LUK 17:2!14; LUK 17:24!12; LUK 17:27!11; LUK 17:33!4; LUK 18:17!8; LUK 18:20!17; LUK 18:24!14; LUK 18:25!12; LUK 18:35!13; LUK 18:5!7; LUK 18:7!7; LUK 18:8!18; LUK 18:8!5; LUK 18:9!17; LUK 19:1!4; LUK 19:15!8; LUK 19:24!8; LUK 19:30!4; LUK 19:41!5; LUK 1:39!10; LUK 1:4!7; LUK 1:40!9; LUK 1:48!4; LUK 20:19!27; LUK 20:2!19; LUK 20:21!19; LUK 20:23!4; LUK 20:28!21; LUK 20:9!7; LUK 21:29!6; LUK 22:10!20; LUK 22:10!9; LUK 22:19!22; LUK 22:44!17; LUK 22:54!8; LUK 23:44!12; LUK 23:48!7; LUK 23:51!18; LUK 23:56!13; LUK 24:26!10; LUK 24:28!4; LUK 24:49!5; LUK 24:5!10; LUK 2:1!14; LUK 2:3!7; LUK 2:34!9; LUK 2:35!5; LUK 2:39!12; LUK 2:4!12; LUK 2:8!16; LUK 3:17!17; LUK 3:17!9; LUK 3:4!15; LUK 3:9!7; LUK 4:14!11; LUK 4:16!20; LUK 4:23!18; LUK 4:23!8; LUK 4:25!32; LUK 4:38!8; LUK 4:43!14; LUK 4:6!13; LUK 4:6!8; LUK 5:1!20; LUK 5:11!6; LUK 5:13!3; LUK 5:2!7; LUK 5:20!3; LUK 6:10!8; LUK 6:24!8; LUK 6:29!5; LUK 6:29!9; LUK 6:41!13; LUK 6:41!16; LUK 6:42!18; LUK 6:42!29; LUK 6:48!14; LUK 6:49!13; LUK 6:6!9; LUK 6:8!14; LUK 7:24!16; LUK 7:27!16; LUK 7:30!7; LUK 7:44!11; LUK 7:44!16; LUK 7:44!4; LUK 7:46!2; LUK 7:5!7; LUK 7:50!4; LUK 7:6!31; LUK 8:1!16; LUK 8:12!4; LUK 8:23!10; LUK 8:26!4; LUK 8:27!5; LUK 8:31!9; LUK 8:33!20; LUK 8:34!11; LUK 8:39!17; LUK 8:5!18; LUK 8:51!25; LUK 8:51!4; LUK 8:6!5; LUK 8:8!5; LUK 8:8!7; LUK 9:2!5; LUK 9:24!15; LUK 9:24!5; LUK 9:27!18; LUK 9:3!8; LUK 9:31!6; LUK 9:32!14; LUK 9:34!17; LUK 9:36!5; LUK 9:58!24; LUK 9:60!15; LUK 9:62!7)|τὸ (LUK 10:34!15; LUK 10:37!6; LUK 11:2!9; LUK 11:24!2; LUK 11:29!22; LUK 11:3!8; LUK 11:32!17; LUK 11:33!18; LUK 11:34!17; LUK 11:34!27; LUK 11:35!4; LUK 11:35!6; LUK 11:36!3; LUK 11:39!11; LUK 11:39!19; LUK 11:40!5; LUK 11:40!8; LUK 11:42!11; LUK 11:42!8; LUK 11:50!3; LUK 11:50!8; LUK 11:8!10; LUK 12:10!16; LUK 12:12!1; LUK 12:23!9; LUK 12:3!15; LUK 12:32!3; LUK 12:4!12; LUK 12:42!25; LUK 12:46!22; LUK 12:47!18; LUK 12:47!7; LUK 12:5!9; LUK 12:56!2; LUK 12:57!8; LUK 12:59!9; LUK 13:1!14; LUK 13:11!17; LUK 13:8!11; LUK 13:9!6; LUK 14:34!3; LUK 14:34!8; LUK 15:12!11; LUK 15:4!24; LUK 15:6!18; LUK 15:6!21; LUK 16:11!10; LUK 16:12!9; LUK 16:15!20; LUK 16:24!14; LUK 17:35!5; LUK 17:37!12; LUK 18:1!6; LUK 18:10!5; LUK 18:13!17; LUK 18:34!8; LUK 18:5!3; LUK 19:10!10; LUK 19:11!9; LUK 19:15!19; LUK 19:23!7; LUK 19:29!10; LUK 19:29!12; LUK 19:37!14; LUK 19:4!4; LUK 19:45!4; LUK 19:47!4; LUK 19:48!4; LUK 1:10!3; LUK 1:13!25; LUK 1:27!12; LUK 1:31!11; LUK 1:35!19; LUK 1:38!11; LUK 1:41!12; LUK 1:44!17; LUK 1:47!3; LUK 1:49!9; LUK 1:5!24; LUK 1:50!2; LUK 1:58!12; LUK 1:59!10; LUK 1:62!6; LUK 1:64!3; LUK 1:66!13; LUK 1:9!2; LUK 20:17!9; LUK 21:1!7; LUK 21:17!7; LUK 21:30!11; LUK 21:37!15; LUK 21:37!17; LUK 21:7!12; LUK 21:9!17; LUK 22:11!13; LUK 22:11!16; LUK 22:13!9; LUK 22:15!8; LUK 22:19!12; LUK 22:19!15; LUK 22:2!8; LUK 22:20!10; LUK 22:20!19; LUK 22:20!2; LUK 22:20!6; LUK 22:22!8; LUK 22:23!7; LUK 22:24!7; LUK 22:36!18; LUK 22:37!19; LUK 22:37!6; LUK 22:39!5; LUK 22:39!8; LUK 22:4!8; LUK 22:42!13; LUK 22:42!17; LUK 22:42!7; LUK 22:49!6; LUK 22:50!13; LUK 22:50!16; LUK 22:56!8; LUK 22:66!18; LUK 22:66!6; LUK 22:7!10; LUK 22:8!10; LUK 23:1!4; LUK 23:2!9; LUK 23:24!5; LUK 23:45!6; LUK 23:46!13; LUK 23:47!5; LUK 23:52!6; LUK 23:55!13; LUK 23:55!18; LUK 23:56!8; LUK 23:8!18; LUK 24:1!9; LUK 24:12!20; LUK 24:12!7; LUK 24:22!12; LUK 24:23!4; LUK 24:24!8; LUK 24:3!5; LUK 2:15!23; LUK 2:15!26; LUK 2:16!13; LUK 2:21!11; LUK 2:21!15; LUK 2:24!6; LUK 2:27!15; LUK 2:27!22; LUK 2:27!7; LUK 2:29!8; LUK 2:30!6; LUK 2:4!21; LUK 2:42!9; LUK 2:50!5; LUK 3:13!9; LUK 3:17!2; LUK 3:17!20; LUK 3:22!3; LUK 3:22!5; LUK 3:6!5; LUK 4:16!11; LUK 4:17!10; LUK 4:20!3; LUK 4:35!15; LUK 4:35!18; LUK 4:9!9; LUK 5:17!34; LUK 5:19!12; LUK 5:19!23; LUK 5:24!24; LUK 5:27!12; LUK 5:36!22; LUK 5:36!30; LUK 5:36!32; LUK 5:4!11; LUK 6:12!10; LUK 6:22!16; LUK 6:29!16; LUK 6:33!14; LUK 6:41!4; LUK 6:41!6; LUK 6:42!10; LUK 6:42!12; LUK 6:42!38; LUK 6:42!40; LUK 6:45!12; LUK 6:45!21; LUK 6:45!28; LUK 6:48!31; LUK 6:49!26; LUK 6:8!20; LUK 7:29!13; LUK 7:43!7; LUK 7:5!3; LUK 8:14!1; LUK 8:15!1; LUK 8:16!20; LUK 8:22!22; LUK 8:34!5; LUK 8:35!4; LUK 8:37!5; LUK 8:55!3; LUK 8:56!12; LUK 8:6!11; LUK 9:17!8; LUK 9:28!19; LUK 9:29!7; LUK 9:42!7; LUK 9:45!4; LUK 9:46!6; LUK 9:48!8; LUK 9:51!13; LUK 9:53!6; LUK 9:7!12)|τὸν (LUK 10:11!2; LUK 10:11!4; LUK 10:16!17; LUK 10:18!5; LUK 10:2!23; LUK 10:27!34; LUK 10:27!7; LUK 10:29!8; LUK 10:32!6; LUK 10:39!16; LUK 11:11!5; LUK 11:24!21; LUK 11:28!8; LUK 11:3!1; LUK 11:3!4; LUK 11:33!9; LUK 12:10!7; LUK 12:18!16; LUK 12:28!5; LUK 12:36!6; LUK 12:39!18; LUK 12:5!7; LUK 12:56!11; LUK 12:58!22; LUK 13:13!11; LUK 13:15!15; LUK 13:15!19; LUK 13:7!4; LUK 14:10!7; LUK 14:17!3; LUK 14:23!6; LUK 14:26!9; LUK 14:27!4; LUK 14:9!18; LUK 15:12!20; LUK 15:18!13; LUK 15:18!4; LUK 15:20!24; LUK 15:20!5; LUK 15:21!9; LUK 15:23!3; LUK 15:23!5; LUK 15:27!15; LUK 15:27!17; LUK 15:30!10; LUK 15:30!17; LUK 15:6!4; LUK 16:13!13; LUK 16:13!9; LUK 16:17!4; LUK 16:2!12; LUK 16:20!8; LUK 16:22!13; LUK 16:22!4; LUK 16:27!11; LUK 16:28!14; LUK 16:8!5; LUK 17:15!13; LUK 17:2!8; LUK 17:24!9; LUK 18:13!13; LUK 18:14!7; LUK 18:2!8; LUK 18:20!13; LUK 18:4!14; LUK 18:43!8; LUK 19:3!4; LUK 19:33!14; LUK 19:33!4; LUK 19:35!13; LUK 19:35!16; LUK 19:35!5; LUK 19:37!20; LUK 19:44!22; LUK 19:5!5; LUK 19:8!6; LUK 1:16!9; LUK 1:18!5; LUK 1:20!24; LUK 1:21!6; LUK 1:23!12; LUK 1:32!14; LUK 1:33!4; LUK 1:34!5; LUK 1:40!4; LUK 1:41!5; LUK 1:46!8; LUK 1:55!14; LUK 1:56!12; LUK 1:64!14; LUK 1:73!6; LUK 1:80!18; LUK 1:9!11; LUK 20:1!9; LUK 20:13!10; LUK 20:13!13; LUK 20:16!9; LUK 20:18!6; LUK 20:19!19; LUK 20:37!15; LUK 20:41!7; LUK 20:9!4; LUK 21:27!4; LUK 21:4!19; LUK 22:2!14; LUK 22:3!6; LUK 22:31!11; LUK 22:48!7; LUK 22:50!9; LUK 23:1!10; LUK 23:13!10; LUK 23:14!11; LUK 23:14!6; LUK 23:18!10; LUK 23:20!8; LUK 23:25!13; LUK 23:25!3; LUK 23:26!14; LUK 23:33!5; LUK 23:33!7; LUK 23:40!11; LUK 23:47!8; LUK 23:5!7; LUK 23:8!5; LUK 24:2!3; LUK 24:21!10; LUK 24:26!5; LUK 24:30!10; LUK 24:45!4; LUK 24:46!8; LUK 24:5!17; LUK 24:51!14; LUK 24:53!9; LUK 24:7!2; LUK 2:13!11; LUK 2:15!8; LUK 2:16!10; LUK 2:20!8; LUK 2:22!10; LUK 2:26!17; LUK 2:28!10; LUK 2:29!3; LUK 2:39!7; LUK 2:7!3; LUK 2:7!6; LUK 3:16!21; LUK 3:17!14; LUK 3:18!8; LUK 3:2!11; LUK 3:20!8; LUK 3:21!15; LUK 3:21!7; LUK 3:8!15; LUK 4:11!11; LUK 4:12!12; LUK 4:17!13; LUK 4:41!25; LUK 4:8!9; LUK 5:1!11; LUK 5:1!5; LUK 5:10!17; LUK 5:12!18; LUK 5:19!8; LUK 5:24!29; LUK 5:25!12; LUK 5:25!16; LUK 5:26!7; LUK 5:4!7; LUK 6:14!8; LUK 6:15!10; LUK 6:29!19; LUK 6:38!12; LUK 6:4!4; LUK 6:40!5; LUK 7:10!4; LUK 7:10!9; LUK 7:16!21; LUK 7:16!7; LUK 7:19!3; LUK 7:27!8; LUK 7:29!10; LUK 7:3!17; LUK 7:36!14; LUK 7:4!5; LUK 8:12!15; LUK 8:13!12; LUK 8:15!16; LUK 8:19!17; LUK 8:21!15; LUK 8:28!3; LUK 8:35!14; LUK 8:35!9; LUK 8:39!3; LUK 8:40!5; LUK 8:41!25; LUK 8:49!17; LUK 8:5!6; LUK 8:51!20; LUK 9:12!13; LUK 9:13!29; LUK 9:16!12; LUK 9:19!6; LUK 9:22!4; LUK 9:23!15; LUK 9:25!6; LUK 9:33!13; LUK 9:38!14; LUK 9:41!21; LUK 9:42!21; LUK 9:47!5; LUK 9:48!22; LUK 9:5!12; LUK 9:59!16; LUK 9:61!15)|τῆς (LUK 10:11!8; LUK 10:21!19; LUK 10:27!12; LUK 11:31!10; LUK 11:31!21; LUK 11:32!8; LUK 11:50!14; LUK 11:51!20; LUK 11:52!9; LUK 12:1!21; LUK 12:23!6; LUK 12:42!18; LUK 12:56!4; LUK 12:7!5; LUK 13:12!12; LUK 13:15!22; LUK 13:24!4; LUK 14:21!25; LUK 15:12!14; LUK 15:15!7; LUK 16:2!14; LUK 16:21!8; LUK 16:28!17; LUK 16:4!8; LUK 16:8!7; LUK 16:9!11; LUK 17:24!7; LUK 17:25!10; LUK 17:32!2; LUK 17:4!4; LUK 18:29!23; LUK 18:6!9; LUK 18:8!21; LUK 19:44!24; LUK 1:23!7; LUK 1:26!16; LUK 1:27!14; LUK 1:33!11; LUK 1:41!7; LUK 1:42!15; LUK 1:48!6; LUK 1:5!7; LUK 1:61!9; LUK 1:65!14; LUK 1:8!10; LUK 1:9!4; LUK 20:35!11; LUK 20:35!9; LUK 20:36!13; LUK 20:37!10; LUK 21:18!4; LUK 21:23!18; LUK 21:25!12; LUK 21:35!12; LUK 22:11!5; LUK 22:18!13; LUK 22:21!11; LUK 22:30!6; LUK 22:45!14; LUK 22:45!4; LUK 22:55!6; LUK 22:69!13; LUK 23:49!14; LUK 23:5!12; LUK 23:5!17; LUK 23:55!9; LUK 23:7!5; LUK 24:41!6; LUK 2:2!6; LUK 2:36!21; LUK 2:4!6; LUK 2:42!11; LUK 2:8!13; LUK 3:1!12; LUK 3:1!16; LUK 3:1!25; LUK 3:1!32; LUK 3:1!5; LUK 3:19!11; LUK 3:7!16; LUK 3:8!5; LUK 4:14!18; LUK 4:22!10; LUK 4:26!11; LUK 4:29!6; LUK 4:31!6; LUK 4:37!9; LUK 4:38!4; LUK 4:44!7; LUK 4:5!9; LUK 5:17!23; LUK 5:24!12; LUK 5:3!13; LUK 6:17!21; LUK 6:17!26; LUK 6:4!11; LUK 6:45!8; LUK 6:49!28; LUK 7:12!23; LUK 7:12!6; LUK 7:14!4; LUK 7:31!6; LUK 7:38!19; LUK 7:6!14; LUK 8:10!9; LUK 8:12!18; LUK 8:13!4; LUK 8:22!24; LUK 8:26!11; LUK 8:27!11; LUK 8:37!7; LUK 8:41!11; LUK 8:51!22; LUK 8:54!4; LUK 9:11!13; LUK 9:35!5; LUK 9:47!7; LUK 9:5!9; LUK 9:51!8)|τῇ (LUK 10:12!12; LUK 10:12!6; LUK 10:14!8; LUK 10:21!3; LUK 10:27!18; LUK 10:27!24; LUK 10:27!30; LUK 10:31!8; LUK 10:7!4; LUK 11:30!15; LUK 11:31!5; LUK 11:32!5; LUK 11:36!20; LUK 12:12!9; LUK 12:19!3; LUK 12:20!8; LUK 12:22!13; LUK 12:27!17; LUK 12:3!5; LUK 12:38!3; LUK 12:38!7; LUK 12:45!8; LUK 12:51!7; LUK 12:58!11; LUK 13:14!30; LUK 13:16!22; LUK 13:28!22; LUK 13:29!15; LUK 13:31!3; LUK 13:32!19; LUK 13:32!6; LUK 13:33!8; LUK 13:7!15; LUK 14:14!13; LUK 14:15!14; LUK 14:17!6; LUK 15:25!14; LUK 15:4!19; LUK 16:24!28; LUK 16:25!12; LUK 17:24!23; LUK 17:31!15; LUK 17:31!3; LUK 17:34!4; LUK 17:6!13; LUK 17:6!20; LUK 18:3!5; LUK 18:33!6; LUK 18:33!8; LUK 19:3!15; LUK 19:36!9; LUK 19:37!6; LUK 19:42!6; LUK 1:10!10; LUK 1:14!10; LUK 1:36!20; LUK 1:41!15; LUK 1:44!20; LUK 1:59!4; LUK 1:59!6; LUK 1:65!12; LUK 1:66!7; LUK 1:8!8; LUK 20:19!15; LUK 20:20!16; LUK 20:20!19; LUK 20:26!13; LUK 20:33!5; LUK 21:19!2; LUK 21:21!4; LUK 21:26!9; LUK 22:16!13; LUK 22:30!10; LUK 23:12!12; LUK 23:19!14; LUK 23:19!8; LUK 23:51!5; LUK 23:51!8; LUK 24:1!1; LUK 24:13!8; LUK 24:25!10; LUK 24:32!17; LUK 24:33!4; LUK 24:35!13; LUK 24:35!6; LUK 24:38!13; LUK 24:46!14; LUK 24:49!16; LUK 24:6!13; LUK 24:7!16; LUK 2:16!17; LUK 2:19!11; LUK 2:21!25; LUK 2:38!3; LUK 2:41!10; LUK 2:44!6; LUK 2:47!8; LUK 2:5!4; LUK 2:51!23; LUK 2:8!5; LUK 2:8!7; LUK 3:17!5; LUK 3:2!15; LUK 3:4!12; LUK 4:1!16; LUK 4:14!6; LUK 4:16!15; LUK 4:20!14; LUK 4:23!24; LUK 4:24!12; LUK 4:28!6; LUK 4:32!4; LUK 4:33!3; LUK 5:29!8; LUK 5:9!11; LUK 6:12!17; LUK 6:23!4; LUK 6:48!22; LUK 7:12!14; LUK 7:12!4; LUK 7:15!11; LUK 7:17!14; LUK 7:17!8; LUK 7:21!3; LUK 7:28!14; LUK 7:37!15; LUK 7:37!7; LUK 8:15!4; LUK 9:22!22; LUK 9:26!19; LUK 9:37!3; LUK 9:43!5; LUK 9:57!5; LUK 9:62!18)|τῇδε (LUK 10:39!2)|τῶν (LUK 10:36!3; LUK 11:1!15; LUK 11:15!10; LUK 11:26!22; LUK 11:31!19; LUK 11:31!8; LUK 11:45!4; LUK 11:46!18; LUK 11:47!7; LUK 11:48!8; LUK 11:50!6; LUK 12:1!26; LUK 12:1!4; LUK 12:15!22; LUK 12:24!24; LUK 12:26!8; LUK 12:3!23; LUK 12:36!12; LUK 12:4!10; LUK 12:46!26; LUK 12:8!11; LUK 12:8!22; LUK 12:9!10; LUK 12:9!6; LUK 13:1!11; LUK 13:1!19; LUK 13:10!6; LUK 13:28!8; LUK 14:1!10; LUK 14:1!12; LUK 14:10!27; LUK 14:14!15; LUK 14:15!4; LUK 14:24!6; LUK 14:24!9; LUK 15:10!7; LUK 15:15!5; LUK 15:16!8; LUK 15:19!11; LUK 15:26!4; LUK 15:29!25; LUK 16:15!10; LUK 16:21!5; LUK 16:22!10; LUK 16:31!7; LUK 16:5!5; LUK 17:2!19; LUK 17:20!4; LUK 17:22!11; LUK 18:11!18; LUK 18:16!17; LUK 18:31!18; LUK 18:7!12; LUK 18:7!9; LUK 19:29!17; LUK 19:37!10; LUK 19:37!16; LUK 19:39!3; LUK 19:8!12; LUK 1:1!7; LUK 1:16!3; LUK 1:5!20; LUK 1:70!5; LUK 1:71!9; LUK 1:72!4; LUK 20:1!5; LUK 20:27!4; LUK 20:39!4; LUK 20:43!8; LUK 20:46!3; LUK 20:46!5; LUK 20:47!5; LUK 21:26!14; LUK 21:26!7; LUK 22:1!5; LUK 22:11!19; LUK 22:25!7; LUK 22:3!13; LUK 22:39!10; LUK 22:47!11; LUK 22:7!5; LUK 23:3!11; LUK 23:37!8; LUK 23:38!9; LUK 23:39!3; LUK 23:51!14; LUK 24:1!4; LUK 24:14!8; LUK 24:24!4; LUK 24:27!8; LUK 24:5!20; LUK 24:8!3; LUK 2:18!10; LUK 2:18!7; LUK 2:31!6; LUK 2:46!14; LUK 3:16!23; LUK 3:8!25; LUK 3:9!9; LUK 4:16!17; LUK 5:12!9; LUK 5:15!16; LUK 5:17!5; LUK 5:19!15; LUK 5:3!5; LUK 5:30!17; LUK 5:33!17; LUK 5:9!13; LUK 6:18!8; LUK 6:2!3; LUK 6:28!7; LUK 6:47!9; LUK 7:18!14; LUK 7:24!3; LUK 7:3!10; LUK 7:35!7; LUK 7:36!5; LUK 8:22!5; LUK 8:26!6; LUK 8:3!16; LUK 8:37!9; LUK 8:4!6; LUK 8:7!6; LUK 9:19!16; LUK 9:22!13; LUK 9:26!26; LUK 9:27!7; LUK 9:40!3; LUK 9:5!15; LUK 9:8!12)|τῷ (LUK 10:17!16; LUK 10:21!6; LUK 10:21!8; LUK 10:26!7; LUK 10:35!22; LUK 10:35!9; LUK 10:38!3; LUK 10:5!10; LUK 11:1!4; LUK 11:10!11; LUK 11:15!8; LUK 11:27!4; LUK 11:37!3; LUK 12:10!13; LUK 12:13!10; LUK 12:15!14; LUK 12:22!18; LUK 12:3!9; LUK 12:58!29; LUK 13:1!6; LUK 13:14!13; LUK 13:14!7; LUK 13:15!11; LUK 13:4!11; LUK 13:6!11; LUK 14:1!4; LUK 14:12!4; LUK 14:21!15; LUK 14:21!6; LUK 14:3!13; LUK 14:31!21; LUK 15:12!6; LUK 15:29!5; LUK 15:7!7; LUK 16:11!4; LUK 16:12!4; LUK 16:23!3; LUK 16:5!11; LUK 16:5!15; LUK 17:11!4; LUK 17:14!13; LUK 17:18!6; LUK 17:5!5; LUK 17:9!4; LUK 18:13!25; LUK 18:27!10; LUK 18:30!12; LUK 18:30!14; LUK 18:30!7; LUK 18:31!20; LUK 18:35!4; LUK 18:43!17; LUK 19:15!4; LUK 19:24!12; LUK 19:26!5; LUK 19:47!8; LUK 19:5!19; LUK 19:9!10; LUK 1:21!11; LUK 1:21!14; LUK 1:22!13; LUK 1:26!3; LUK 1:26!5; LUK 1:29!4; LUK 1:30!13; LUK 1:47!7; LUK 1:47!9; LUK 1:55!10; LUK 1:55!7; LUK 1:59!16; LUK 1:61!14; LUK 1:62!3; LUK 1:68!12; LUK 1:77!5; LUK 1:8!4; LUK 20:1!12; LUK 20:25!15; LUK 20:28!26; LUK 20:42!10; LUK 21:23!22; LUK 21:37!6; LUK 21:38!9; LUK 21:8!11; LUK 22:11!3; LUK 22:20!16; LUK 22:22!13; LUK 22:47!17; LUK 22:53!8; LUK 22:61!6; LUK 23:11!18; LUK 23:14!22; LUK 23:25!17; LUK 23:31!10; LUK 23:4!15; LUK 23:40!15; LUK 23:43!12; LUK 23:52!3; LUK 24:15!4; LUK 24:30!4; LUK 24:4!4; LUK 24:44!24; LUK 24:47!4; LUK 24:51!4; LUK 24:53!6; LUK 2:10!17; LUK 2:13!5; LUK 2:22!18; LUK 2:23!12; LUK 2:24!9; LUK 2:27!11; LUK 2:27!4; LUK 2:34!21; LUK 2:38!7; LUK 2:43!6; LUK 2:46!9; LUK 2:6!4; LUK 2:7!22; LUK 3:11!10; LUK 3:21!4; LUK 3:8!30; LUK 4:1!13; LUK 4:20!6; LUK 4:25!14; LUK 4:27!6; LUK 4:3!12; LUK 4:39!6; LUK 5:1!4; LUK 5:10!12; LUK 5:12!4; LUK 5:14!11; LUK 5:19!20; LUK 5:24!17; LUK 5:36!26; LUK 5:5!14; LUK 5:7!6; LUK 6:11!12; LUK 6:23!15; LUK 6:29!1; LUK 6:41!18; LUK 6:41!8; LUK 6:42!14; LUK 6:42!20; LUK 6:42!4; LUK 6:42!42; LUK 6:7!10; LUK 6:8!11; LUK 6:8!9; LUK 6:9!11; LUK 7:11!4; LUK 7:38!30; LUK 7:44!6; LUK 7:8!25; LUK 7:9!10; LUK 7:9!19; LUK 8:1!4; LUK 8:24!13; LUK 8:24!16; LUK 8:25!24; LUK 8:29!3; LUK 8:29!5; LUK 8:32!9; LUK 8:40!3; LUK 8:42!14; LUK 8:5!11; LUK 9:16!23; LUK 9:18!4; LUK 9:29!4; LUK 9:33!4; LUK 9:34!13; LUK 9:36!3; LUK 9:42!15; LUK 9:42!17; LUK 9:42!26; LUK 9:48!11; LUK 9:49!9; LUK 9:51!4)|ἀλλήλοις (LUK 7:32!10)|ἀλλήλους (LUK 12:1!10; LUK 20:14!8; LUK 24:14!5; LUK 24:17!12; LUK 24:32!4; LUK 2:15!16; LUK 4:36!9; LUK 6:11!8; LUK 8:25!13)|ἀλλήλων (LUK 23:12!15)|ἀλλοτρίῳ (LUK 16:12!5)|ἃ (LUK 10:23!14; LUK 10:24!11; LUK 10:24!19; LUK 12:12!11; LUK 12:20!16; LUK 21:6!2; LUK 24:1!13; LUK 6:46!10; LUK 7:22!8; LUK 7:32!11)|ἐγώ (LUK 22:70!19; LUK 24:39!10)|ἐγὼ (LUK 10:35!20; LUK 11:19!3; LUK 15:17!13; LUK 16:9!2; LUK 19:22!13; LUK 1:18!11; LUK 20:8!7; LUK 21:15!1; LUK 22:27!12; LUK 22:32!1; LUK 23:14!15; LUK 24:49!3; LUK 7:8!3; LUK 8:46!8; LUK 9:9!6)|ἐκείναις (LUK 21:23!10; LUK 2:1!6; LUK 4:2!14; LUK 5:35!14; LUK 9:36!17)|ἐκείνη (LUK 21:34!23)|ἐκείνην (LUK 15:14!11)|ἐκείνης (LUK 15:15!9; LUK 19:4!13; LUK 6:49!30; LUK 9:5!11)|ἐκείνου (LUK 11:26!20; LUK 12:46!6; LUK 20:35!6)|ἐκείνους (LUK 8:32!18)|ἐκείνων (LUK 14:24!8)|ἐκείνῃ (LUK 10:12!14; LUK 10:12!8; LUK 10:31!10; LUK 17:31!2; LUK 18:3!7; LUK 6:23!3; LUK 6:48!24; LUK 7:21!2)|ἐκείνῳ (LUK 22:22!15)|ἐκεῖνοι (LUK 12:37!4; LUK 12:38!16; LUK 13:4!2)|ἐκεῖνον (LUK 18:14!11; LUK 20:18!5)|ἐκεῖνος (LUK 12:43!4; LUK 12:45!6; LUK 12:47!1)|ἐμέ (LUK 1:43!13; LUK 22:53!15; LUK 23:28!13; LUK 4:18!4)|ἐμαυτὸν (LUK 7:7!3; LUK 7:8!11)|ἐμοί (LUK 22:37!11; LUK 7:23!9)|ἐμοὶ (LUK 12:8!9; LUK 15:29!19; LUK 4:6!17; LUK 8:28!13)|ἐμοὺς (LUK 9:26!8)|ἐμοῦ (LUK 10:16!4; LUK 11:23!14; LUK 11:23!5; LUK 11:23!7; LUK 11:7!18; LUK 12:13!15; LUK 13:27!11; LUK 15:31!9; LUK 16:3!17; LUK 22:21!9; LUK 22:28!7; LUK 22:37!21; LUK 22:42!10; LUK 23:43!9; LUK 24:44!32; LUK 4:7!6; LUK 5:8!12; LUK 8:46!14; LUK 9:24!19)|ἐμὰ (LUK 15:31!14)|ἐμὲ (LUK 10:16!10; LUK 10:16!14; LUK 24:39!25; LUK 9:48!14; LUK 9:48!19)|ἐμὴν (LUK 22:19!23)|ἑαυτούς (LUK 22:17!11; LUK 7:30!13)|ἑαυτοὺς (LUK 16:15!8; LUK 17:14!7; LUK 20:20!6; LUK 20:5!5; LUK 22:23!6)|ἑαυτοῖς (LUK 12:1!19; LUK 12:33!9; LUK 16:9!5; LUK 17:3!2; LUK 18:9!9; LUK 21:34!3; LUK 3:8!12; LUK 7:49!7)|ἑαυτοῦ (LUK 11:21!7; LUK 11:26!8; LUK 13:19!11; LUK 14:26!32; LUK 14:27!6; LUK 14:33!11; LUK 15:20!7; LUK 16:5!9; LUK 19:13!5; LUK 24:27!18; LUK 2:3!8)|ἑαυτόν (LUK 23:35!15)|ἑαυτὰς (LUK 23:28!16)|ἑαυτὴν (LUK 11:17!12; LUK 1:24!13)|ἑαυτὸν (LUK 10:29!5; LUK 11:18!7; LUK 14:11!10; LUK 14:11!5; LUK 15:17!2; LUK 18:11!5; LUK 18:14!16; LUK 18:14!21; LUK 9:23!12; LUK 9:25!9)|ἑαυτῆς (LUK 13:34!23)|ἑαυτῶν (LUK 12:36!8; LUK 12:57!5; LUK 16:8!28; LUK 21:30!6; LUK 2:39!16; LUK 9:60!9)|ἑαυτῷ (LUK 12:17!4; LUK 12:21!4; LUK 16:3!4; LUK 18:4!11; LUK 19:12!11; LUK 7:39!10; LUK 9:47!15)|ἑνὶ (LUK 15:15!4; LUK 4:40!17)|ἓν (LUK 12:27!22; LUK 5:3!4)|ἕνα (LUK 15:19!10; LUK 15:26!3; LUK 16:5!3; LUK 17:2!22)|Ἐγώ (LUK 1:19!7; LUK 21:8!15)|Ἐγὼ (LUK 3:16!6)|ἡ (LUK 10:11!21; LUK 10:40!1; LUK 10:40!16; LUK 10:6!10; LUK 10:9!13; LUK 11:18!11; LUK 11:2!13; LUK 11:20!13; LUK 11:27!18; LUK 11:27!20; LUK 11:49!4; LUK 11:7!10; LUK 12:15!17; LUK 12:16!11; LUK 12:23!1; LUK 12:34!9; LUK 13:18!6; LUK 13:34!3; LUK 16:16!10; LUK 17:19!6; LUK 17:20!18; LUK 17:20!8; LUK 17:21!9; LUK 17:24!3; LUK 17:35!10; LUK 17:35!7; LUK 18:16!21; LUK 18:42!7; LUK 19:11!20; LUK 19:16!7; LUK 19:20!8; LUK 1:13!12; LUK 1:13!16; LUK 1:18!16; LUK 1:24!8; LUK 1:29!1; LUK 1:36!4; LUK 1:38!5; LUK 1:41!22; LUK 1:41!9; LUK 1:43!7; LUK 1:44!5; LUK 1:45!3; LUK 1:46!5; LUK 1:60!3; LUK 1:64!8; LUK 1:7!8; LUK 20:14!19; LUK 20:32!3; LUK 20:33!1; LUK 21:20!12; LUK 21:28!13; LUK 21:3!7; LUK 21:3!9; LUK 21:31!12; LUK 21:32!8; LUK 21:33!4; LUK 21:34!21; LUK 22:1!3; LUK 22:1!7; LUK 22:14!4; LUK 22:18!17; LUK 22:20!12; LUK 22:21!3; LUK 22:32!9; LUK 22:53!20; LUK 22:53!23; LUK 22:7!3; LUK 24:10!10; LUK 24:10!3; LUK 24:29!15; LUK 24:32!6; LUK 2:19!1; LUK 2:33!7; LUK 2:48!9; LUK 2:51!14; LUK 3:9!4; LUK 4:21!9; LUK 4:29!17; LUK 5:13!12; LUK 6:10!16; LUK 6:20!18; LUK 6:6!18; LUK 6:6!21; LUK 7:35!3; LUK 7:39!21; LUK 8:11!4; LUK 8:19!5; LUK 8:2!13; LUK 8:25!5; LUK 8:33!14; LUK 8:44!12; LUK 8:47!3; LUK 8:48!6; LUK 8:49!12; LUK 8:9!10)|ἡμεῖς (LUK 18:28!6; LUK 23:41!2; LUK 24:21!1; LUK 3:14!10; LUK 9:13!25)|ἡμᾶς (LUK 11:1!22; LUK 11:4!17; LUK 11:45!12; LUK 12:41!7; LUK 16:26!24; LUK 17:13!9; LUK 19:14!18; LUK 1:71!11; LUK 1:78!9; LUK 20:22!2; LUK 20:6!10; LUK 23:15!8; LUK 23:30!13; LUK 23:30!8; LUK 23:39!17; LUK 24:22!8; LUK 4:34!10; LUK 7:20!12; LUK 9:33!18)|ἡμῖν (LUK 10:11!6; LUK 10:17!14; LUK 11:3!7; LUK 11:4!13; LUK 11:4!3; LUK 13:25!22; LUK 17:5!8; LUK 1:1!10; LUK 1:2!3; LUK 1:69!5; LUK 1:73!11; LUK 20:2!7; LUK 20:28!5; LUK 22:67!8; LUK 22:8!9; LUK 23:18!9; LUK 24:24!6; LUK 24:32!12; LUK 24:32!15; LUK 24:32!21; LUK 2:15!32; LUK 2:48!15; LUK 4:34!3; LUK 7:16!15; LUK 7:5!11; LUK 9:13!14)|ἡμῶν (LUK 11:3!3; LUK 11:4!6; LUK 13:26!13; LUK 16:26!6; LUK 1:55!6; LUK 1:71!4; LUK 1:72!6; LUK 1:73!8; LUK 1:75!10; LUK 1:78!5; LUK 1:79!13; LUK 20:14!17; LUK 23:2!11; LUK 24:20!10; LUK 24:22!6; LUK 24:29!7; LUK 24:32!8; LUK 7:5!5; LUK 9:49!21)|ἣ (LUK 10:39!7; LUK 2:37!8)|ἣν (LUK 10:10!2; LUK 10:5!2; LUK 10:8!3; LUK 13:16!6; LUK 13:21!4; LUK 15:9!15; LUK 19:20!11; LUK 22:10!23; LUK 8:47!14; LUK 9:31!9; LUK 9:4!3)|ἥτις (LUK 10:42!13; LUK 12:1!23; LUK 2:10!14; LUK 2:4!17; LUK 7:37!4; LUK 7:39!23; LUK 8:26!8; LUK 8:43!10)|ἧς (LUK 17:27!6; LUK 1:20!10; LUK 7:45!8; LUK 8:2!17)|Ἡ (LUK 11:29!7; LUK 19:18!6; LUK 7:50!6; LUK 8:20!4; LUK 8:54!9; LUK 9:12!1)|ὁ (LUK 10:1!5; LUK 10:16!12; LUK 10:16!7; LUK 10:21!33; LUK 10:22!13; LUK 10:22!17; LUK 10:22!22; LUK 10:22!26; LUK 10:22!32; LUK 10:26!1; LUK 10:27!1; LUK 10:30!3; LUK 10:37!1; LUK 10:37!13; LUK 10:41!5; LUK 10:7!15; LUK 11:10!3; LUK 11:10!7; LUK 11:11!8; LUK 11:13!15; LUK 11:13!17; LUK 11:14!12; LUK 11:18!4; LUK 11:21!2; LUK 11:23!1; LUK 11:23!10; LUK 11:30!11; LUK 11:34!1; LUK 11:34!10; LUK 11:34!6; LUK 11:36!18; LUK 11:38!1; LUK 11:39!3; LUK 11:40!3; LUK 11:46!1; LUK 12:14!1; LUK 12:20!4; LUK 12:21!2; LUK 12:24!16; LUK 12:28!14; LUK 12:30!11; LUK 12:32!8; LUK 12:34!4; LUK 12:37!7; LUK 12:39!11; LUK 12:39!7; LUK 12:40!10; LUK 12:41!3; LUK 12:42!11; LUK 12:42!15; LUK 12:42!3; LUK 12:42!8; LUK 12:43!2; LUK 12:43!7; LUK 12:45!12; LUK 12:45!4; LUK 12:46!2; LUK 12:47!3; LUK 12:47!5; LUK 12:48!1; LUK 12:58!25; LUK 12:58!32; LUK 12:8!14; LUK 12:9!1; LUK 13:12!4; LUK 13:14!10; LUK 13:14!3; LUK 13:15!4; LUK 13:16!8; LUK 13:17!12; LUK 13:23!10; LUK 13:25!5; LUK 13:28!3; LUK 13:28!6; LUK 13:35!19; LUK 13:35!4; LUK 13:4!8; LUK 13:8!1; LUK 14:10!13; LUK 14:11!3; LUK 14:11!8; LUK 14:16!1; LUK 14:18!7; LUK 14:21!12; LUK 14:21!3; LUK 14:22!3; LUK 14:23!20; LUK 14:23!3; LUK 14:3!3; LUK 14:30!4; LUK 14:35!12; LUK 14:9!3; LUK 15:12!16; LUK 15:12!3; LUK 15:13!8; LUK 15:20!15; LUK 15:21!3; LUK 15:22!3; LUK 15:24!3; LUK 15:25!3; LUK 15:25!6; LUK 15:27!1; LUK 15:27!12; LUK 15:28!7; LUK 15:29!1; LUK 15:30!3; LUK 15:30!7; LUK 15:31!1; LUK 15:32!7; LUK 16:10!11; LUK 16:15!12; LUK 16:18!12; LUK 16:18!2; LUK 16:22!19; LUK 16:3!10; LUK 16:3!5; LUK 16:30!1; LUK 16:6!1; LUK 16:6!7; LUK 16:7!8; LUK 16:8!3; LUK 17:17!3; LUK 17:18!10; LUK 17:24!18; LUK 17:27!15; LUK 17:3!5; LUK 17:30!7; LUK 17:31!22; LUK 17:34!11; LUK 17:34!15; LUK 17:37!7; LUK 17:6!3; LUK 18:10!12; LUK 18:10!8; LUK 18:11!1; LUK 18:11!27; LUK 18:13!1; LUK 18:14!14; LUK 18:14!18; LUK 18:16!1; LUK 18:19!15; LUK 18:19!4; LUK 18:21!1; LUK 18:22!3; LUK 18:23!1; LUK 18:24!4; LUK 18:27!1; LUK 18:28!3; LUK 18:29!1; LUK 18:37!6; LUK 18:40!3; LUK 18:41!5; LUK 18:42!2; LUK 18:43!12; LUK 18:6!3; LUK 18:6!7; LUK 18:7!1; LUK 18:8!11; LUK 19:10!3; LUK 19:16!3; LUK 19:18!3; LUK 19:20!2; LUK 19:38!3; LUK 19:46!6; LUK 19:48!7; LUK 19:5!8; LUK 19:9!5; LUK 1:13!5; LUK 1:19!10; LUK 1:19!3; LUK 1:21!3; LUK 1:26!8; LUK 1:28!8; LUK 1:29!11; LUK 1:30!3; LUK 1:32!12; LUK 1:35!3; LUK 1:38!18; LUK 1:42!13; LUK 1:49!5; LUK 1:57!5; LUK 1:67!3; LUK 1:68!3; LUK 20:13!3; LUK 20:14!12; LUK 20:15!12; LUK 20:17!1; LUK 20:18!2; LUK 20:2!16; LUK 20:25!1; LUK 20:28!18; LUK 20:29!6; LUK 20:30!2; LUK 20:31!2; LUK 20:34!4; LUK 20:6!6; LUK 20:8!2; LUK 21:33!1; LUK 21:38!3; LUK 21:8!1; LUK 22:10!1; LUK 22:11!9; LUK 22:22!2; LUK 22:23!13; LUK 22:25!1; LUK 22:26!12; LUK 22:26!15; LUK 22:26!18; LUK 22:26!6; LUK 22:27!10; LUK 22:27!19; LUK 22:27!4; LUK 22:27!7; LUK 22:29!7; LUK 22:31!4; LUK 22:33!1; LUK 22:34!1; LUK 22:36!14; LUK 22:36!6; LUK 22:38!9; LUK 22:44!9; LUK 22:47!7; LUK 22:51!3; LUK 22:54!12; LUK 22:55!11; LUK 22:57!1; LUK 22:58!13; LUK 22:60!3; LUK 22:61!10; LUK 22:61!3; LUK 22:64!9; LUK 22:67!5; LUK 22:69!6; LUK 22:70!11; LUK 22:70!7; LUK 23:11!5; LUK 23:12!8; LUK 23:20!3; LUK 23:22!1; LUK 23:3!1; LUK 23:3!13; LUK 23:3!9; LUK 23:34!1; LUK 23:35!19; LUK 23:35!23; LUK 23:35!3; LUK 23:37!6; LUK 23:39!12; LUK 23:4!1; LUK 23:40!3; LUK 23:46!5; LUK 23:47!12; LUK 23:47!3; LUK 23:6!6; LUK 23:8!1; LUK 24:21!7; LUK 24:34!5; LUK 2:10!4; LUK 2:15!29; LUK 2:25!11; LUK 2:33!3; LUK 2:43!11; LUK 2:48!18; LUK 3:11!14; LUK 3:13!1; LUK 3:15!18; LUK 3:16!13; LUK 3:16!4; LUK 3:19!1; LUK 3:19!22; LUK 3:19!4; LUK 3:22!20; LUK 3:22!23; LUK 3:8!22; LUK 4:12!5; LUK 4:13!5; LUK 4:14!3; LUK 4:25!18; LUK 4:27!19; LUK 4:3!4; LUK 4:32!11; LUK 4:34!15; LUK 4:35!4; LUK 4:36!12; LUK 4:4!14; LUK 4:4!5; LUK 4:40!15; LUK 4:41!13; LUK 4:43!1; LUK 4:6!4; LUK 4:8!3; LUK 5:10!19; LUK 5:15!4; LUK 5:21!23; LUK 5:22!3; LUK 5:24!5; LUK 5:31!3; LUK 5:34!1; LUK 5:34!14; LUK 5:35!9; LUK 5:37!13; LUK 5:37!15; LUK 6:10!11; LUK 6:19!3; LUK 6:23!10; LUK 6:3!6; LUK 6:35!14; LUK 6:36!4; LUK 6:40!12; LUK 6:45!1; LUK 6:45!15; LUK 6:47!2; LUK 6:48!20; LUK 6:49!1; LUK 6:49!19; LUK 6:5!8; LUK 6:9!3; LUK 7:13!4; LUK 7:15!3; LUK 7:16!19; LUK 7:17!3; LUK 7:18!17; LUK 7:19!8; LUK 7:20!18; LUK 7:20!9; LUK 7:28!10; LUK 7:29!3; LUK 7:33!4; LUK 7:34!2; LUK 7:39!3; LUK 7:39!5; LUK 7:40!13; LUK 7:40!3; LUK 7:41!11; LUK 7:41!6; LUK 7:43!10; LUK 7:6!1; LUK 7:6!18; LUK 7:7!13; LUK 7:9!4; LUK 8:10!1; LUK 8:11!9; LUK 8:12!11; LUK 8:21!1; LUK 8:24!9; LUK 8:30!10; LUK 8:30!4; LUK 8:36!8; LUK 8:38!4; LUK 8:39!11; LUK 8:39!23; LUK 8:40!9; LUK 8:45!13; LUK 8:45!3; LUK 8:45!6; LUK 8:46!1; LUK 8:48!1; LUK 8:5!2; LUK 8:50!1; LUK 8:52!7; LUK 8:56!6; LUK 9:26!11; LUK 9:29!14; LUK 9:32!1; LUK 9:33!10; LUK 9:35!10; LUK 9:35!13; LUK 9:41!3; LUK 9:42!13; LUK 9:44!10; LUK 9:47!1; LUK 9:48!25; LUK 9:58!16; LUK 9:58!4; LUK 9:59!7; LUK 9:62!3; LUK 9:7!4)|ὃ (LUK 11:6!12; LUK 12:2!10; LUK 12:2!5; LUK 12:3!13; LUK 14:22!7; LUK 17:10!15; LUK 19:21!14; LUK 19:21!9; LUK 19:22!18; LUK 19:22!23; LUK 19:26!14; LUK 22:60!8; LUK 2:15!28; LUK 2:31!1; LUK 2:50!7; LUK 5:25!8; LUK 5:3!7; LUK 6:2!8; LUK 6:3!11; LUK 8:17!11; LUK 8:17!5; LUK 8:18!17; LUK 9:33!35)|ὃν (LUK 12:42!13; LUK 12:43!5; LUK 13:19!5; LUK 13:34!19; LUK 19:30!14; LUK 1:73!2; LUK 20:17!13; LUK 20:18!10; LUK 21:4!21; LUK 23:25!11; LUK 23:33!16; LUK 23:33!20; LUK 6:14!2)|ὃς (LUK 12:10!3; LUK 12:8!5; LUK 14:33!6; LUK 16:1!11; LUK 17:31!5; LUK 17:33!1; LUK 17:33!10; LUK 17:7!10; LUK 18:17!4; LUK 18:29!11; LUK 18:30!1; LUK 1:61!12; LUK 21:6!13; LUK 23:51!16; LUK 24:19!14; LUK 5:18!8; LUK 5:21!13; LUK 6:16!7; LUK 6:48!6; LUK 7:2!9; LUK 7:23!4; LUK 7:27!14; LUK 7:49!11; LUK 8:18!12; LUK 8:18!5; LUK 9:24!1; LUK 9:24!11; LUK 9:26!1; LUK 9:48!17; LUK 9:50!9)|ὅ (LUK 10:35!16; LUK 23:12!4)|ὅπως (LUK 24:20!1)|ὅστις (LUK 14:15!10; LUK 14:27!1; LUK 23:19!1)|ὅτου (LUK 12:50!9; LUK 13:8!14; LUK 22:16!10)|Ὁ (LUK 10:16!1; LUK 10:2!5; LUK 10:29!1; LUK 10:37!4; LUK 15:27!6; LUK 16:10!1; LUK 16:16!1; LUK 18:11!8; LUK 18:13!21; LUK 19:31!12; LUK 19:34!5; LUK 21:8!18; LUK 23:38!7; LUK 24:12!1; LUK 3:11!5; LUK 5:39!9; LUK 8:11!6; LUK 8:8!17; LUK 9:21!1)|Ὃς (LUK 9:48!4)|ὑμέτερον (LUK 16:12!10)|ὑμετέρα (LUK 6:20!16)|ὑμεῖς (LUK 10:24!12; LUK 11:13!3; LUK 11:39!8; LUK 11:48!16; LUK 12:24!22; LUK 12:29!2; LUK 12:36!2; LUK 12:40!2; LUK 17:10!3; LUK 19:46!11; LUK 21:31!3; LUK 22:26!1; LUK 24:48!1; LUK 24:49!12; LUK 9:13!7; LUK 9:44!2)|ὑμᾶς (LUK 10:10!10; LUK 10:16!9; LUK 10:19!21; LUK 10:3!4; LUK 10:6!17; LUK 10:8!9; LUK 10:9!12; LUK 11:20!12; LUK 12:11!4; LUK 12:12!6; LUK 12:14!13; LUK 12:28!20; LUK 13:25!29; LUK 13:28!26; LUK 16:26!18; LUK 16:9!17; LUK 19:31!4; LUK 20:3!7; LUK 21:12!7; LUK 21:34!19; LUK 22:31!7; LUK 22:35!6; LUK 24:44!12; LUK 24:49!11; LUK 3:16!10; LUK 3:16!27; LUK 6:22!11; LUK 6:22!5; LUK 6:26!4; LUK 6:27!14; LUK 6:28!4; LUK 6:28!9; LUK 6:32!6; LUK 6:33!6; LUK 6:9!8; LUK 9:41!15; LUK 9:5!6)|ὑμῖν (LUK 10:11!15; LUK 10:12!2; LUK 10:13!19; LUK 10:14!11; LUK 10:19!3; LUK 10:20!9; LUK 10:24!3; LUK 10:8!13; LUK 11:41!10; LUK 11:42!3; LUK 11:43!2; LUK 11:44!2; LUK 11:46!5; LUK 11:47!2; LUK 11:51!17; LUK 11:52!2; LUK 11:8!2; LUK 11:9!14; LUK 11:9!2; LUK 11:9!7; LUK 12:22!10; LUK 12:27!12; LUK 12:31!9; LUK 12:32!12; LUK 12:37!13; LUK 12:4!3; LUK 12:44!3; LUK 12:5!19; LUK 12:5!3; LUK 12:51!11; LUK 12:8!3; LUK 13:24!10; LUK 13:25!26; LUK 13:27!4; LUK 13:3!3; LUK 13:35!3; LUK 13:35!9; LUK 13:5!3; LUK 14:24!3; LUK 15:10!3; LUK 15:7!2; LUK 16:11!13; LUK 16:12!13; LUK 16:9!3; LUK 17:10!9; LUK 17:23!3; LUK 17:34!2; LUK 17:6!25; LUK 18:14!2; LUK 18:17!3; LUK 18:29!7; LUK 18:8!2; LUK 19:26!2; LUK 19:40!5; LUK 20:8!9; LUK 21:13!2; LUK 21:15!17; LUK 21:15!4; LUK 21:3!5; LUK 21:32!3; LUK 22:10!12; LUK 22:12!2; LUK 22:16!3; LUK 22:18!3; LUK 22:26!9; LUK 22:29!3; LUK 22:37!3; LUK 22:67!13; LUK 24:44!16; LUK 24:6!9; LUK 2:10!11; LUK 2:11!3; LUK 2:12!3; LUK 3:13!11; LUK 3:7!13; LUK 3:8!19; LUK 4:24!5; LUK 4:25!5; LUK 6:24!3; LUK 6:25!2; LUK 6:27!2; LUK 6:31!6; LUK 6:32!8; LUK 6:33!8; LUK 6:34!9; LUK 6:38!20; LUK 6:38!4; LUK 6:47!15; LUK 7:26!8; LUK 7:28!2; LUK 7:32!14; LUK 7:9!16; LUK 9:27!3; LUK 9:48!30)|ὑμῶν (LUK 10:11!10; LUK 10:16!3; LUK 10:20!16; LUK 10:6!12; LUK 11:11!4; LUK 11:13!12; LUK 11:19!11; LUK 11:19!18; LUK 11:39!22; LUK 11:46!20; LUK 11:47!12; LUK 11:48!10; LUK 11:5!7; LUK 12:25!4; LUK 12:30!9; LUK 12:32!10; LUK 12:33!4; LUK 12:34!11; LUK 12:34!6; LUK 12:35!2; LUK 12:7!7; LUK 13:15!10; LUK 13:35!6; LUK 14:28!4; LUK 14:33!5; LUK 14:5!6; LUK 15:4!4; LUK 16:15!18; LUK 16:26!8; LUK 17:21!14; LUK 17:7!4; LUK 21:14!6; LUK 21:16!15; LUK 21:18!6; LUK 21:19!4; LUK 21:19!8; LUK 21:28!10; LUK 21:28!15; LUK 21:34!6; LUK 22:10!7; LUK 22:15!12; LUK 22:19!17; LUK 22:20!21; LUK 22:27!16; LUK 22:53!19; LUK 22:53!6; LUK 23:14!17; LUK 23:28!22; LUK 24:38!15; LUK 3:14!22; LUK 4:21!15; LUK 5:22!17; LUK 5:4!17; LUK 6:22!18; LUK 6:23!12; LUK 6:24!10; LUK 6:27!9; LUK 6:35!16; LUK 6:35!5; LUK 6:36!6; LUK 6:38!14; LUK 8:25!7; LUK 9:41!18; LUK 9:44!6; LUK 9:5!17; LUK 9:50!14; LUK 9:50!16)|Ὑμεῖς (LUK 16:15!4; LUK 22:28!1; LUK 22:70!16; LUK 9:20!4)|Ὑμῖν (LUK 8:10!4)|ὧν (LUK 13:1!13; LUK 15:16!10; LUK 19:37!26; LUK 1:4!4; LUK 23:14!26; LUK 23:41!7; LUK 3:19!19; LUK 6:34!5; LUK 9:36!21)|ᾗ (LUK 11:22!13; LUK 12:40!6; LUK 12:46!15; LUK 12:46!9; LUK 17:29!1; LUK 17:30!5; LUK 19:30!8; LUK 1:26!18; LUK 21:15!8; LUK 22:7!7; LUK 24:13!19; LUK 6:49!17)|ᾧ (LUK 10:22!29; LUK 12:48!13; LUK 12:48!21; LUK 19:13!16; LUK 1:27!5; LUK 2:25!7; LUK 4:6!20; LUK 6:38!15; LUK 7:4!14; LUK 7:43!6; LUK 7:47!14; LUK 8:41!5)
9.3,Degree,17,41,69,"78.1, 78.16, 78.18, 78.19, 78.2, 78.22, 78.24, 78.28, 78.29, 78.3, 78.31, 78.42, 78.46, 78.47, 78.48, 78.51, 78.8",βαθέως (LUK 24:1!7)|δεινῶς (LUK 11:53!10)|εὐτόνως (LUK 23:10!8)|λίαν (LUK 23:8!8)|μέγα (LUK 6:49!31)|μέγαν (LUK 2:9!14)|μέγας (LUK 4:25!29)|μεγάλα (LUK 21:11!17)|μεγάλαις (LUK 23:23!5)|μεγάλη (LUK 21:23!16)|μεγάλην (LUK 2:10!13)|μεγάλης (LUK 17:15!11; LUK 24:52!10)|μεγάλοι (LUK 21:11!3)|μεγάλῃ (LUK 19:37!23; LUK 1:42!4; LUK 23:46!4; LUK 4:33!14; LUK 8:28!10)|μεγάλῳ (LUK 4:38!18; LUK 8:37!16)|μᾶλλον (LUK 11:13!14; LUK 12:24!21; LUK 12:28!19; LUK 18:39!11; LUK 5:15!3)|παντελές (LUK 13:11!18)|παρὰ (LUK 13:2!11; LUK 13:4!21; LUK 3:13!8)|περισσότερον (LUK 12:48!24; LUK 20:47!13; LUK 7:26!10)|περισσότερόν (LUK 12:4!19)|πλέον (LUK 3:13!7)|πλεῖον (LUK 11:31!29; LUK 11:32!22; LUK 21:3!12; LUK 7:42!10; LUK 7:43!8)|πλεῖόν (LUK 12:23!4)|πολλοί (LUK 14:25!5)|πολλοὶ (LUK 5:15!11)|πολλοῖς (LUK 8:29!11)|πολλὴν (LUK 10:40!6)|πολλῆς (LUK 21:27!15)|πολύ (LUK 7:47!13)|πολύς (LUK 7:11!19; LUK 9:37!14)|πολὺς (LUK 5:29!14)|σφόδρα (LUK 18:23!10)|τέλος (LUK 18:5!15)|ἐκ (LUK 17:24!6)|ἐπλήσθησαν (LUK 4:28!2; LUK 5:26!10; LUK 6:11!3)|ἕως (LUK 22:51!7)|ἰσχυρὰ (LUK 15:14!7)|ὀλίγον (LUK 7:47!18)|ὑπὲρ (LUK 16:8!19)|ὡς (LUK 1:56!6; LUK 8:42!6)|ὡσεὶ (LUK 22:41!6; LUK 22:59!3; LUK 23:44!4; LUK 3:23!6; LUK 9:14!15; LUK 9:14!3; LUK 9:28!7)
9.3.1,Very,17,41,69,"78.1, 78.16, 78.18, 78.19, 78.2, 78.22, 78.24, 78.28, 78.29, 78.3, 78.31, 78.42, 78.46, 78.47, 78.48, 78.51, 78.8",βαθέως (LUK 24:1!7)|δεινῶς (LUK 11:53!10)|εὐτόνως (LUK 23:10!8)|λίαν (LUK 23:8!8)|μέγα (LUK 6:49!31)|μέγαν (LUK 2:9!14)|μέγας (LUK 4:25!29)|μεγάλα (LUK 21:11!17)|μεγάλαις (LUK 23:23!5)|μεγάλη (LUK 21:23!16)|μεγάλην (LUK 2:10!13)|μεγάλης (LUK 17:15!11; LUK 24:52!10)|μεγάλοι (LUK 21:11!3)|μεγάλῃ (LUK 19:37!23; LUK 1:42!4; LUK 23:46!4; LUK 4:33!14; LUK 8:28!10)|μεγάλῳ (LUK 4:38!18; LUK 8:37!16)|μᾶλλον (LUK 11:13!14; LUK 12:24!21; LUK 12:28!19; LUK 18:39!11; LUK 5:15!3)|παντελές (LUK 13:11!18)|παρὰ (LUK 13:2!11; LUK 13:4!21; LUK 3:13!8)|περισσότερον (LUK 12:48!24; LUK 20:47!13; LUK 7:26!10)|περισσότερόν (LUK 12:4!19)|πλέον (LUK 3:13!7)|πλεῖον (LUK 11:31!29; LUK 11:32!22; LUK 21:3!12; LUK 7:42!10; LUK 7:43!8)|πλεῖόν (LUK 12:23!4)|πολλοί (LUK 14:25!5)|πολλοὶ (LUK 5:15!11)|πολλοῖς (LUK 8:29!11)|πολλὴν (LUK 10:40!6)|πολλῆς (LUK 21:27!15)|πολύ (LUK 7:47!13)|πολύς (LUK 7:11!19; LUK 9:37!14)|πολὺς (LUK 5:29!14)|σφόδρα (LUK 18:23!10)|τέλος (LUK 18:5!15)|ἐκ (LUK 17:24!6)|ἐπλήσθησαν (LUK 4:28!2; LUK 5:26!10; LUK 6:11!3)|ἕως (LUK 22:51!7)|ἰσχυρὰ (LUK 15:14!7)|ὀλίγον (LUK 7:47!18)|ὑπὲρ (LUK 16:8!19)|ὡς (LUK 1:56!6; LUK 8:42!6)|ὡσεὶ (LUK 22:41!6; LUK 22:59!3; LUK 23:44!4; LUK 3:23!6; LUK 9:14!15; LUK 9:14!3; LUK 9:28!7)
9.4,Agent-oriented modalities,16,20,72,"71.11, 71.14, 71.16, 71.2, 71.21, 71.25, 71.3, 71.30, 71.32, 71.33, 71.34, 71.36, 71.4, 71.5, 71.7, 71.8",Δεῖ (LUK 9:22!3)|Πάντως (LUK 4:23!5)|δεῖ (LUK 12:12!12; LUK 13:14!21; LUK 13:33!2; LUK 17:25!3; LUK 19:5!22; LUK 21:9!9; LUK 22:37!8; LUK 24:44!18; LUK 24:7!7; LUK 2:49!17; LUK 4:43!13)|δεῖν (LUK 18:1!7)|δυνατὰ (LUK 18:27!8)|λείπει (LUK 18:22!10)|ἀδυνατήσει (LUK 1:37!3)|ἀδύνατα (LUK 18:27!5)|ἀνάγκην (LUK 14:18!15)|ἂν (LUK 10:10!4; LUK 10:13!21; LUK 10:35!18; LUK 10:5!4; LUK 10:8!4; LUK 12:39!15; LUK 12:8!6; LUK 13:25!3; LUK 15:26!8; LUK 17:33!12; LUK 17:6!12; LUK 17:6!24; LUK 18:17!5; LUK 19:23!15; LUK 1:62!8; LUK 20:18!12; LUK 20:43!2; LUK 21:32!12; LUK 2:26!15; LUK 2:35!10; LUK 6:11!10; LUK 7:39!17; LUK 8:18!13; LUK 8:18!6; LUK 9:24!13; LUK 9:26!3; LUK 9:27!16; LUK 9:4!4; LUK 9:46!8; LUK 9:48!18; LUK 9:5!3)|ἄρα (LUK 12:42!6; LUK 22:23!9; LUK 8:25!15)|Ἀνένδεκτόν (LUK 17:1!7)|ἐνδέχεται (LUK 13:33!13)|ἐὰν (LUK 10:22!30; LUK 17:33!2; LUK 7:23!5; LUK 9:57!14)|ἔδει (LUK 11:42!27; LUK 13:16!16; LUK 15:32!5; LUK 22:7!8; LUK 24:26!3)|ἔξεστιν (LUK 20:22!1; LUK 6:2!10; LUK 6:4!22; LUK 6:9!10)|Ἔξεστιν (LUK 14:3!12)|ἤμελλεν (LUK 9:31!10)|ἴσως (LUK 20:13!15)|ὠφείλομεν (LUK 17:10!16)
9.4.2,Epistemic moods,16,20,72,"71.11, 71.14, 71.16, 71.2, 71.21, 71.25, 71.3, 71.30, 71.32, 71.33, 71.34, 71.36, 71.4, 71.5, 71.7, 71.8",Δεῖ (LUK 9:22!3)|Πάντως (LUK 4:23!5)|δεῖ (LUK 12:12!12; LUK 13:14!21; LUK 13:33!2; LUK 17:25!3; LUK 19:5!22; LUK 21:9!9; LUK 22:37!8; LUK 24:44!18; LUK 24:7!7; LUK 2:49!17; LUK 4:43!13)|δεῖν (LUK 18:1!7)|δυνατὰ (LUK 18:27!8)|λείπει (LUK 18:22!10)|ἀδυνατήσει (LUK 1:37!3)|ἀδύνατα (LUK 18:27!5)|ἀνάγκην (LUK 14:18!15)|ἂν (LUK 10:10!4; LUK 10:13!21; LUK 10:35!18; LUK 10:5!4; LUK 10:8!4; LUK 12:39!15; LUK 12:8!6; LUK 13:25!3; LUK 15:26!8; LUK 17:33!12; LUK 17:6!12; LUK 17:6!24; LUK 18:17!5; LUK 19:23!15; LUK 1:62!8; LUK 20:18!12; LUK 20:43!2; LUK 21:32!12; LUK 2:26!15; LUK 2:35!10; LUK 6:11!10; LUK 7:39!17; LUK 8:18!13; LUK 8:18!6; LUK 9:24!13; LUK 9:26!3; LUK 9:27!16; LUK 9:4!4; LUK 9:46!8; LUK 9:48!18; LUK 9:5!3)|ἄρα (LUK 12:42!6; LUK 22:23!9; LUK 8:25!15)|Ἀνένδεκτόν (LUK 17:1!7)|ἐνδέχεται (LUK 13:33!13)|ἐὰν (LUK 10:22!30; LUK 17:33!2; LUK 7:23!5; LUK 9:57!14)|ἔδει (LUK 11:42!27; LUK 13:16!16; LUK 15:32!5; LUK 22:7!8; LUK 24:26!3)|ἔξεστιν (LUK 20:22!1; LUK 6:2!10; LUK 6:4!22; LUK 6:9!10)|Ἔξεστιν (LUK 14:3!12)|ἤμελλεν (LUK 9:31!10)|ἴσως (LUK 20:13!15)|ὠφείλομεν (LUK 17:10!16)
9.4.2.1,Can,9,26,41,"74.10, 74.12, 74.19, 74.2, 74.3, 74.4, 74.5, 74.8, 74.9",δυνάμενος (LUK 1:20!7)|δυνήσονται (LUK 21:15!10)|δυναμένη (LUK 13:11!14)|δυνατός (LUK 14:31!15; LUK 1:49!6)|δυνατὸς (LUK 24:19!18)|δύναμαι (LUK 11:7!24; LUK 14:20!10)|δύνανται (LUK 20:36!5)|δύνασαί (LUK 5:12!29)|δύνασαι (LUK 6:42!2)|δύνασθε (LUK 12:26!5; LUK 16:13!24; LUK 5:34!7)|δύναται (LUK 12:25!6; LUK 14:26!34; LUK 14:27!12; LUK 14:33!14; LUK 16:13!3; LUK 18:26!7; LUK 3:8!21; LUK 5:21!17; LUK 6:39!7)|δύνωνται (LUK 16:26!20)|δύνῃ (LUK 16:2!19)|κατισχύσητε (LUK 21:36!8)|στήρισον (LUK 22:32!16)|ἐδύνατο (LUK 1:22!4)|ἐχόντων (LUK 12:4!18)|ἔχουσιν (LUK 14:14!6)|ἠδυνήθησαν (LUK 9:40!11)|ἠδύναντο (LUK 8:19!13)|ἠδύνατο (LUK 19:3!10)|ἰσχύοντος (LUK 14:29!8)|ἰσχύσουσιν (LUK 13:24!15)|ἰσχύϊ (LUK 10:27!25)|ἴσχυσαν (LUK 14:6!3; LUK 20:26!3)|ἴσχυσεν (LUK 14:30!10; LUK 6:48!27; LUK 8:43!17)
9.4.4,Semantic constituents related to verbs,16,20,72,"71.11, 71.14, 71.16, 71.2, 71.21, 71.25, 71.3, 71.30, 71.32, 71.33, 71.34, 71.36, 71.4, 71.5, 71.7, 71.8",Δεῖ (LUK 9:22!3)|Πάντως (LUK 4:23!5)|δεῖ (LUK 12:12!12; LUK 13:14!21; LUK 13:33!2; LUK 17:25!3; LUK 19:5!22; LUK 21:9!9; LUK 22:37!8; LUK 24:44!18; LUK 24:7!7; LUK 2:49!17; LUK 4:43!13)|δεῖν (LUK 18:1!7)|δυνατὰ (LUK 18:27!8)|λείπει (LUK 18:22!10)|ἀδυνατήσει (LUK 1:37!3)|ἀδύνατα (LUK 18:27!5)|ἀνάγκην (LUK 14:18!15)|ἂν (LUK 10:10!4; LUK 10:13!21; LUK 10:35!18; LUK 10:5!4; LUK 10:8!4; LUK 12:39!15; LUK 12:8!6; LUK 13:25!3; LUK 15:26!8; LUK 17:33!12; LUK 17:6!12; LUK 17:6!24; LUK 18:17!5; LUK 19:23!15; LUK 1:62!8; LUK 20:18!12; LUK 20:43!2; LUK 21:32!12; LUK 2:26!15; LUK 2:35!10; LUK 6:11!10; LUK 7:39!17; LUK 8:18!13; LUK 8:18!6; LUK 9:24!13; LUK 9:26!3; LUK 9:27!16; LUK 9:4!4; LUK 9:46!8; LUK 9:48!18; LUK 9:5!3)|ἄρα (LUK 12:42!6; LUK 22:23!9; LUK 8:25!15)|Ἀνένδεκτόν (LUK 17:1!7)|ἐνδέχεται (LUK 13:33!13)|ἐὰν (LUK 10:22!30; LUK 17:33!2; LUK 7:23!5; LUK 9:57!14)|ἔδει (LUK 11:42!27; LUK 13:16!16; LUK 15:32!5; LUK 22:7!8; LUK 24:26!3)|ἔξεστιν (LUK 20:22!1; LUK 6:2!10; LUK 6:4!22; LUK 6:9!10)|Ἔξεστιν (LUK 14:3!12)|ἤμελλεν (LUK 9:31!10)|ἴσως (LUK 20:13!15)|ὠφείλομεν (LUK 17:10!16)
9.4.6,Yes,12,24,356,"69.1, 69.11, 69.12, 69.14, 69.15, 69.16, 69.3, 69.4, 69.5, 69.7, 69.8, 69.9",Μή (LUK 11:7!5)|Μήτι (LUK 6:39!6)|Μὴ (LUK 12:32!1; LUK 18:20!10; LUK 18:20!4; LUK 18:20!6; LUK 18:20!8; LUK 1:13!7; LUK 1:30!6; LUK 20:16!15; LUK 2:10!6; LUK 5:10!21; LUK 5:34!6; LUK 7:13!12; LUK 8:50!7; LUK 8:52!10; LUK 9:50!7)|Οὐ (LUK 19:14!13; LUK 5:31!8; LUK 6:43!1)|Οὐδὲ (LUK 20:8!6; LUK 23:40!8; LUK 6:3!8)|Οὐκ (LUK 13:25!27; LUK 13:27!5; LUK 17:20!16; LUK 22:57!5; LUK 4:12!9; LUK 4:4!9; LUK 9:13!12)|Οὐχί (LUK 16:30!4; LUK 1:60!7)|Οὐχὶ (LUK 23:39!9; LUK 24:32!5; LUK 4:22!20)|μή (LUK 22:35!13; LUK 8:28!24)|μήτε (LUK 7:33!9; LUK 9:3!10; LUK 9:3!12; LUK 9:3!14; LUK 9:3!16; LUK 9:3!18)|μήτι (LUK 9:13!23)|μηδὲ (LUK 12:22!17; LUK 14:12!17; LUK 14:12!21; LUK 14:12!25; LUK 16:26!21; LUK 17:23!10; LUK 3:14!16)|μὴ (LUK 10:10!8; LUK 10:15!4; LUK 10:19!23; LUK 10:20!4; LUK 10:4!1; LUK 10:4!4; LUK 10:4!6; LUK 10:7!20; LUK 11:23!11; LUK 11:23!2; LUK 11:24!16; LUK 11:35!3; LUK 11:36!8; LUK 11:4!15; LUK 11:42!30; LUK 12:11!14; LUK 12:21!6; LUK 12:22!11; LUK 12:29!11; LUK 12:29!3; LUK 12:33!11; LUK 12:4!17; LUK 12:4!7; LUK 12:47!13; LUK 12:48!3; LUK 12:59!4; LUK 12:7!10; LUK 13:11!13; LUK 13:14!29; LUK 13:3!6; LUK 13:35!11; LUK 13:5!6; LUK 14:12!12; LUK 14:29!7; LUK 14:8!7; LUK 16:26!19; LUK 16:28!9; LUK 17:1!12; LUK 17:23!8; LUK 17:31!17; LUK 17:31!26; LUK 17:9!1; LUK 18:1!12; LUK 18:16!14; LUK 18:17!15; LUK 18:17!6; LUK 18:2!10; LUK 18:2!14; LUK 18:30!3; LUK 18:5!13; LUK 18:7!5; LUK 19:26!11; LUK 19:27!7; LUK 1:15!12; LUK 1:20!6; LUK 20:27!9; LUK 20:7!3; LUK 21:14!7; LUK 21:18!8; LUK 21:21!21; LUK 21:32!6; LUK 21:33!12; LUK 21:8!21; LUK 21:9!7; LUK 22:16!6; LUK 22:18!5; LUK 22:32!7; LUK 22:36!15; LUK 22:40!9; LUK 22:42!12; LUK 22:46!9; LUK 22:67!16; LUK 22:68!5; LUK 23:28!10; LUK 24:16!7; LUK 24:23!2; LUK 2:26!10; LUK 2:45!2; LUK 3:11!11; LUK 3:8!8; LUK 3:9!15; LUK 4:42!22; LUK 5:19!2; LUK 6:29!21; LUK 6:30!11; LUK 6:37!13; LUK 6:37!2; LUK 6:37!6; LUK 6:37!9; LUK 6:49!5; LUK 7:23!6; LUK 7:30!14; LUK 7:33!6; LUK 7:42!1; LUK 7:6!23; LUK 8:10!20; LUK 8:10!24; LUK 8:12!22; LUK 8:17!13; LUK 8:18!14; LUK 8:31!5; LUK 8:6!12; LUK 9:27!12; LUK 9:33!33; LUK 9:45!13; LUK 9:5!4)|ναί (LUK 10:21!32; LUK 11:51!15; LUK 12:5!17; LUK 7:26!6)|οὐ (LUK 10:19!22; LUK 10:40!12; LUK 11:29!17; LUK 11:38!7; LUK 11:46!21; LUK 11:7!23; LUK 11:8!5; LUK 12:2!11; LUK 12:40!8; LUK 12:46!10; LUK 12:46!16; LUK 12:57!6; LUK 12:59!3; LUK 13:15!13; LUK 13:35!10; LUK 14:20!9; LUK 14:26!33; LUK 14:26!7; LUK 14:27!11; LUK 14:27!2; LUK 14:33!13; LUK 15:13!3; LUK 15:4!13; LUK 15:7!20; LUK 16:13!23; LUK 16:2!17; LUK 18:17!14; LUK 18:4!16; LUK 18:7!4; LUK 1:15!11; LUK 1:34!12; LUK 20:21!13; LUK 20:31!11; LUK 21:15!9; LUK 21:18!7; LUK 21:32!5; LUK 21:33!11; LUK 21:6!14; LUK 22:16!5; LUK 22:18!4; LUK 22:34!7; LUK 22:67!15; LUK 22:68!4; LUK 23:34!8; LUK 2:50!3; LUK 5:36!28; LUK 6:37!12; LUK 6:37!5; LUK 6:41!21; LUK 6:42!24; LUK 6:44!9; LUK 6:46!8; LUK 7:45!10; LUK 7:6!10; LUK 7:6!25; LUK 8:14!23; LUK 8:17!1; LUK 8:17!12; LUK 8:17!6; LUK 8:52!12; LUK 9:27!11)|οὐδ (LUK 16:31!11)|οὐδὲ (LUK 11:33!7; LUK 12:24!13; LUK 12:26!3; LUK 12:27!13; LUK 12:33!22; LUK 17:21!1; LUK 18:13!8; LUK 18:4!18; LUK 20:36!1; LUK 23:15!2; LUK 6:43!9; LUK 6:44!15; LUK 7:7!2; LUK 7:9!17; LUK 8:17!9)|οὐκ (LUK 10:24!15; LUK 10:24!22; LUK 10:42!14; LUK 11:44!16; LUK 11:52!12; LUK 11:6!10; LUK 12:10!20; LUK 12:15!12; LUK 12:17!9; LUK 12:2!6; LUK 12:24!10; LUK 12:33!20; LUK 12:39!14; LUK 12:56!16; LUK 12:6!11; LUK 13:16!15; LUK 13:24!14; LUK 13:33!12; LUK 13:34!29; LUK 14:14!5; LUK 14:30!9; LUK 14:33!7; LUK 14:5!14; LUK 14:6!2; LUK 15:28!4; LUK 16:11!8; LUK 16:12!7; LUK 16:3!19; LUK 16:31!9; LUK 17:22!19; LUK 18:11!13; LUK 18:13!6; LUK 18:34!15; LUK 18:4!2; LUK 19:21!10; LUK 19:21!15; LUK 19:22!19; LUK 19:22!24; LUK 19:23!4; LUK 19:3!9; LUK 19:44!11; LUK 19:44!20; LUK 1:20!16; LUK 1:22!3; LUK 1:33!14; LUK 1:37!2; LUK 1:7!2; LUK 20:26!2; LUK 20:38!3; LUK 20:5!15; LUK 21:6!8; LUK 21:9!15; LUK 22:53!10; LUK 22:58!18; LUK 22:60!6; LUK 23:29!15; LUK 23:29!20; LUK 23:51!2; LUK 23:53!13; LUK 24:18!14; LUK 24:24!20; LUK 24:39!22; LUK 24:6!1; LUK 2:37!9; LUK 2:43!16; LUK 2:49!9; LUK 2:7!17; LUK 3:16!17; LUK 4:2!8; LUK 4:41!19; LUK 5:32!1; LUK 6:2!9; LUK 6:4!21; LUK 6:40!1; LUK 6:48!26; LUK 7:32!16; LUK 7:32!20; LUK 7:44!22; LUK 7:45!3; LUK 7:46!5; LUK 8:13!17; LUK 8:19!12; LUK 8:27!18; LUK 8:27!24; LUK 8:43!16; LUK 8:47!6; LUK 8:51!6; LUK 9:40!10; LUK 9:49!18; LUK 9:50!11; LUK 9:53!2; LUK 9:58!21)|οὐχ (LUK 11:40!2; LUK 13:6!21; LUK 13:7!19; LUK 17:18!1; LUK 19:48!2; LUK 22:26!3; LUK 24:3!3)|οὐχί (LUK 12:51!9; LUK 13:3!1; LUK 13:5!1)|οὐχὶ (LUK 12:6!1; LUK 14:28!8; LUK 14:31!10; LUK 15:8!11; LUK 17:8!2; LUK 18:30!2; LUK 22:27!9; LUK 24:26!1; LUK 6:39!11)|οὔ (LUK 14:3!17; LUK 20:22!7)|οὔτε (LUK 14:35!1; LUK 14:35!4; LUK 20:35!14; LUK 20:35!16)|ἆρα (LUK 18:8!16)
9.5,Case,49,82,498,"90.1, 90.10, 90.14, 90.15, 90.16, 90.19, 90.20, 90.21, 90.22, 90.23, 90.24, 90.25, 90.26, 90.3, 90.31, 90.33, 90.34, 90.36, 90.4, 90.40, 90.41, 90.42, 90.43, 90.44, 90.45, 90.46, 90.51, 90.56, 90.57, 90.58, 90.59, 90.6, 90.60, 90.61, 90.63, 90.65, 90.66, 90.67, 90.69, 90.7, 90.70, 90.71, 90.78, 90.79, 90.87, 90.9, 90.90, 90.93, 90.97",Εἰ (LUK 22:67!2)|γεύσωνται (LUK 9:27!13)|δι (LUK 17:1!16; LUK 22:22!16)|διὰ (LUK 18:31!17; LUK 5:19!7; LUK 8:19!16)|δοθήσεται (LUK 11:29!18)|δοῦναι (LUK 12:32!11; LUK 12:51!5; LUK 17:18!4; LUK 1:77!2)|εἰ (LUK 13:23!6; LUK 14:28!14; LUK 14:31!14; LUK 22:49!10; LUK 23:6!5; LUK 6:7!8; LUK 6:9!9)|εἰς (LUK 12:10!15; LUK 12:10!6; LUK 12:21!7; LUK 14:35!2; LUK 14:35!5; LUK 15:17!1; LUK 15:18!12; LUK 15:21!8; LUK 16:16!17; LUK 16:8!24; LUK 17:4!7; LUK 22:65!6; LUK 24:47!11; LUK 7:30!12; LUK 8:34!10; LUK 8:34!14; LUK 9:13!27)|εἰσέλθητε (LUK 22:46!10)|εἰσέλθῃ (LUK 18:17!16)|εἰσήλθατε (LUK 11:52!13)|εἰσελθεῖν (LUK 13:24!12; LUK 13:24!2; LUK 18:25!16; LUK 18:25!8; LUK 22:40!10; LUK 24:26!8)|εἰσενέγκῃς (LUK 11:4!16)|εἰσερχομένους (LUK 11:52!16)|εἶχον (LUK 4:40!7)|καθ (LUK 9:50!13)|κατ (LUK 11:23!6; LUK 23:14!28)|λήμψονται (LUK 20:47!12)|μετ (LUK 10:37!8; LUK 11:23!4; LUK 1:58!15; LUK 23:12!14)|μετὰ (LUK 1:72!3)|παρ (LUK 10:7!11; LUK 11:16!8; LUK 12:48!18; LUK 6:34!4)|παρένεγκε (LUK 22:42!5)|παρὰ (LUK 18:27!6; LUK 18:27!9; LUK 1:30!12; LUK 1:37!4; LUK 1:45!11; LUK 2:52!9)|πεπόνθασιν (LUK 13:2!18)|περιέσχεν (LUK 5:9!3)|περὶ (LUK 1:1!6; LUK 1:4!3; LUK 23:8!20; LUK 24:14!6; LUK 2:17!10; LUK 2:17!4; LUK 2:18!6; LUK 2:33!13; LUK 2:38!11; LUK 7:18!7; LUK 7:24!11; LUK 7:27!3; LUK 7:3!3)|ποιήσας (LUK 10:37!5)|ποιήσει (LUK 18:8!4)|ποιήσῃ (LUK 18:7!6)|ποιούμενος (LUK 13:22!10)|ποιοῦνται (LUK 5:33!13)|ποιῆσαι (LUK 5:34!19)|ποτήριον (LUK 22:42!8)|πρός (LUK 18:9!4)|πρὸς (LUK 10:2!3; LUK 10:26!4; LUK 10:29!7; LUK 11:1!18; LUK 11:39!5; LUK 11:5!3; LUK 12:1!13; LUK 12:15!3; LUK 12:16!4; LUK 12:22!3; LUK 13:23!13; LUK 13:7!3; LUK 14:23!5; LUK 14:25!9; LUK 14:3!6; LUK 14:5!2; LUK 14:6!5; LUK 14:7!13; LUK 14:7!3; LUK 15:22!5; LUK 15:3!3; LUK 16:1!4; LUK 17:1!3; LUK 17:22!3; LUK 18:1!5; LUK 18:11!4; LUK 18:31!6; LUK 19:13!12; LUK 19:33!10; LUK 19:39!9; LUK 19:5!11; LUK 19:8!5; LUK 19:9!3; LUK 1:13!3; LUK 1:18!4; LUK 1:19!18; LUK 1:34!4; LUK 1:55!3; LUK 1:61!3; LUK 1:73!4; LUK 1:80!17; LUK 20:14!7; LUK 20:19!24; LUK 20:2!4; LUK 20:23!7; LUK 20:25!4; LUK 20:3!4; LUK 20:41!3; LUK 20:5!4; LUK 20:9!3; LUK 22:15!3; LUK 22:52!4; LUK 22:70!13; LUK 23:12!21; LUK 23:14!2; LUK 23:22!5; LUK 23:4!5; LUK 24:10!18; LUK 24:14!4; LUK 24:17!3; LUK 24:18!7; LUK 24:25!4; LUK 24:32!3; LUK 24:44!11; LUK 24:44!3; LUK 24:5!13; LUK 2:15!15; LUK 2:18!12; LUK 2:20!18; LUK 2:34!7; LUK 2:48!7; LUK 2:49!3; LUK 3:12!8; LUK 3:13!4; LUK 4:21!4; LUK 4:23!3; LUK 4:36!8; LUK 4:4!3; LUK 4:43!4; LUK 5:10!16; LUK 5:22!10; LUK 5:30!9; LUK 5:31!6; LUK 5:33!4; LUK 5:34!4; LUK 5:36!5; LUK 5:4!6; LUK 6:11!7; LUK 6:3!3; LUK 6:9!5; LUK 7:24!8; LUK 7:40!6; LUK 7:50!3; LUK 8:21!5; LUK 8:22!18; LUK 8:25!12; LUK 9:13!3; LUK 9:14!8; LUK 9:23!3; LUK 9:3!3; LUK 9:33!12; LUK 9:43!17; LUK 9:50!3; LUK 9:57!9; LUK 9:59!3)|συνέχομαι (LUK 12:50!7)|συνείχοντο (LUK 8:37!17)|συνεχομένη (LUK 4:38!16)|τυχεῖν (LUK 20:35!7)|ἀπ (LUK 21:11!15; LUK 22:43!5; LUK 6:13!11; LUK 8:43!18; LUK 8:46!13)|ἀπέχετε (LUK 6:24!7)|ἀπολαμβάνομεν (LUK 23:41!9)|ἀπόδος (LUK 16:2!11)|ἀπὸ (LUK 11:50!13; LUK 11:51!19; LUK 12:20!14; LUK 16:30!10; LUK 17:25!9; LUK 1:26!11; LUK 22:71!12; LUK 24:27!3; LUK 24:27!6; LUK 5:36!10; LUK 5:36!33; LUK 6:18!14; LUK 7:35!5; LUK 8:29!8; LUK 9:22!12; LUK 9:54!14)|ἀφ (LUK 12:57!4; LUK 13:7!9; LUK 21:30!5)|ἐκ (LUK 10:11!7; LUK 11:54!5; LUK 12:15!21; LUK 21:4!14; LUK 21:4!4; LUK 2:35!12; LUK 3:8!24; LUK 6:44!16; LUK 6:44!4; LUK 6:45!17; LUK 6:45!23; LUK 6:45!4)|ἐμπεσόντος (LUK 10:36!10)|ἐν (LUK 11:18!16; LUK 11:19!12; LUK 11:19!4; LUK 12:17!3; LUK 14:31!17; LUK 19:38!6; LUK 1:51!3; LUK 21:19!1; LUK 22:37!10; LUK 22:49!12; LUK 23:14!21; LUK 23:22!16; LUK 23:31!3; LUK 23:31!9; LUK 23:4!14; LUK 23:9!4; LUK 2:27!3; LUK 3:16!29; LUK 4:1!12)|ἐναντίον (LUK 1:6!5; LUK 24:19!23)|ἐνώπιον (LUK 12:6!14; LUK 16:15!25; LUK 16:15!9; LUK 1:15!4; LUK 1:75!5; LUK 24:11!3)|ἐνώπιόν (LUK 15:18!16; LUK 15:21!12)|ἐξ (LUK 10:27!10; LUK 11:13!18; LUK 20:4!4; LUK 20:4!8; LUK 24:49!21; LUK 2:4!24; LUK 6:44!11)|ἐπ (LUK 10:6!8; LUK 14:31!26; LUK 18:7!20; LUK 1:12!8; LUK 21:10!6; LUK 22:52!7; LUK 23:28!12; LUK 2:25!25; LUK 2:40!13; LUK 4:18!3; LUK 4:4!10; LUK 7:13!7; LUK 9:5!21)|ἐπιθέντες (LUK 10:30!22)|ἐποίει (LUK 14:16!7)|ἐποίησεν (LUK 1:68!10; LUK 23:22!10; LUK 3:19!20)|ἐπὶ (LUK 11:17!17; LUK 12:49!4; LUK 12:52!12; LUK 12:52!16; LUK 12:53!10; LUK 12:53!14; LUK 12:53!18; LUK 12:53!24; LUK 12:53!3; LUK 12:53!7; LUK 19:43!4; LUK 1:16!7; LUK 1:35!10; LUK 1:48!3; LUK 1:59!15; LUK 1:65!3; LUK 21:10!10; LUK 21:35!5; LUK 21:8!10; LUK 22:52!17; LUK 23:28!19; LUK 24:47!3; LUK 2:20!10; LUK 3:2!9; LUK 4:36!4; LUK 6:35!26; LUK 7:44!20; LUK 9:38!13; LUK 9:48!10)|ἐφ (LUK 10:6!16; LUK 10:9!11; LUK 11:17!11; LUK 11:18!6; LUK 11:20!11; LUK 11:22!12; LUK 18:9!8; LUK 21:34!18; LUK 23:28!15; LUK 23:44!10; LUK 24:49!10)|ἔδωκας (LUK 7:45!4)|ἔλαβεν (LUK 5:26!3; LUK 7:16!1)|ἔμπροσθέν (LUK 10:21!39)|ἔχει (LUK 17:9!2)|ἔχον (LUK 11:36!9)|ἔχοντι (LUK 6:8!13)|ἔχουσα (LUK 13:11!5)|ἔχω (LUK 14:18!14)|ἔχων (LUK 4:33!7; LUK 8:27!13)|ἕνεκα (LUK 6:22!21)|ἕνεκεν (LUK 9:24!18)|Ἐν (LUK 11:15!6)|Ἐξ (LUK 20:5!10; LUK 20:6!4)|ἰδεῖν (LUK 17:22!17; LUK 2:26!11)|ἴδωσιν (LUK 9:27!17)|ἵνα (LUK 10:40!26; LUK 16:27!7; LUK 17:2!17; LUK 18:39!6; LUK 18:41!9; LUK 20:28!16; LUK 21:36!7; LUK 22:32!6; LUK 22:46!8; LUK 4:3!15; LUK 6:31!4; LUK 7:36!7; LUK 7:6!29; LUK 8:31!4; LUK 8:32!14; LUK 9:40!6)|ὄψεσθε (LUK 17:22!20)|ὄψεται (LUK 3:6!2)|ὅτι (LUK 10:11!19; LUK 10:12!3; LUK 10:20!13; LUK 10:20!6; LUK 10:24!4; LUK 10:40!15; LUK 11:38!6; LUK 12:24!4; LUK 12:30!14; LUK 12:37!14; LUK 12:39!4; LUK 12:44!4; LUK 12:51!2; LUK 12:54!14; LUK 12:55!6; LUK 13:14!15; LUK 13:2!6; LUK 13:4!17; LUK 14:17!14; LUK 14:24!4; LUK 14:30!2; LUK 15:2!10; LUK 15:27!5; LUK 15:7!3; LUK 16:25!6; LUK 17:10!11; LUK 17:15!6; LUK 18:11!12; LUK 18:29!8; LUK 18:37!4; LUK 18:8!3; LUK 18:9!10; LUK 19:21!4; LUK 19:22!12; LUK 19:26!3; LUK 19:31!11; LUK 19:34!4; LUK 19:42!2; LUK 19:7!6; LUK 19:9!7; LUK 1:22!9; LUK 1:25!1; LUK 1:45!5; LUK 1:58!9; LUK 1:61!5; LUK 20:21!7; LUK 20:37!1; LUK 20:5!7; LUK 21:20!10; LUK 21:3!6; LUK 21:30!8; LUK 21:31!9; LUK 21:32!4; LUK 21:5!7; LUK 22:16!4; LUK 22:37!4; LUK 22:61!19; LUK 22:70!18; LUK 23:29!1; LUK 23:31!1; LUK 23:5!5; LUK 23:7!3; LUK 24:21!4; LUK 24:34!2; LUK 24:39!17; LUK 24:39!9; LUK 24:44!17; LUK 24:46!4; LUK 24:7!6; LUK 2:23!6; LUK 2:49!11; LUK 2:49!6; LUK 3:8!20; LUK 4:10!3; LUK 4:11!2; LUK 4:12!7; LUK 4:21!6; LUK 4:24!6; LUK 4:4!8; LUK 4:41!10; LUK 4:43!6; LUK 5:24!4; LUK 5:26!13; LUK 5:36!7; LUK 7:16!10; LUK 7:16!17; LUK 7:37!12; LUK 7:4!11; LUK 7:43!5; LUK 8:25!18; LUK 8:47!5; LUK 8:49!10; LUK 8:53!5; LUK 9:19!13; LUK 9:22!2; LUK 9:7!16; LUK 9:8!4; LUK 9:8!9)|ὑπ (LUK 13:17!21; LUK 14:8!17; LUK 23:8!27; LUK 3:19!7; LUK 3:7!7; LUK 7:30!16)|ὑπό (LUK 14:8!3; LUK 9:7!14; LUK 9:8!1)|ὑπὲρ (LUK 22:19!16; LUK 22:20!20; LUK 9:50!15)|ὑπὸ (LUK 10:22!4; LUK 16:22!9; LUK 17:20!3; LUK 21:16!4; LUK 21:17!4; LUK 21:20!5; LUK 21:24!15; LUK 2:18!9; LUK 2:21!17; LUK 2:26!5; LUK 4:15!9; LUK 4:2!4; LUK 7:24!20)|ὡς (LUK 16:1!18; LUK 22:61!16; LUK 24:6!7; LUK 6:4!1)
9.6,"Connected with, related",78,88,2322,"89.101, 89.102, 89.104, 89.105, 89.106, 89.107, 89.108, 89.109, 89.111, 89.112, 89.120, 89.121, 89.122, 89.123, 89.124, 89.125, 89.128, 89.129, 89.13, 89.130, 89.131, 89.132, 89.133, 89.136, 89.139, 89.140, 89.142, 89.15, 89.23, 89.24, 89.25, 89.26, 89.27, 89.29, 89.3, 89.30, 89.31, 89.32, 89.33, 89.36, 89.38, 89.41, 89.45, 89.46, 89.47, 89.48, 89.49, 89.5, 89.50, 89.51, 89.52, 89.57, 89.58, 89.59, 89.6, 89.60, 89.61, 89.62, 89.65, 89.67, 89.7, 89.73, 89.76, 89.77, 89.79, 89.8, 89.80, 89.83, 89.84, 89.86, 89.87, 89.9, 89.90, 89.91, 89.92, 89.93, 89.94, 89.95",Εἰ (LUK 16:31!4; LUK 17:6!5; LUK 19:42!3; LUK 23:37!3; LUK 4:3!6; LUK 4:9!16)|Εἴ (LUK 14:26!1; LUK 9:23!5)|Καὶ (LUK 10:23!1; LUK 11:46!4; LUK 13:20!1; LUK 19:19!5; LUK 19:29!1; LUK 1:59!1; LUK 20:34!1; LUK 22:56!14; LUK 22:58!8; LUK 2:52!1; LUK 3:10!1; LUK 4:43!7; LUK 4:5!1; LUK 5:29!1; LUK 6:32!1)|Κἀγὼ (LUK 11:9!1)|Μενοῦν (LUK 11:28!4)|Παρὰ (LUK 19:7!7)|Τοίνυν (LUK 20:25!6)|αἰτίαν (LUK 8:47!15)|αἴτιον (LUK 23:14!25; LUK 23:22!13)|γάρ (LUK 12:34!2; LUK 14:14!10; LUK 18:25!2; LUK 19:21!2; LUK 1:18!12; LUK 20:36!7; LUK 20:6!12; LUK 5:39!8; LUK 8:17!2)|γὰρ (LUK 10:24!2; LUK 10:42!8; LUK 10:7!14; LUK 11:10!2; LUK 11:30!2; LUK 11:4!8; LUK 12:12!2; LUK 12:23!2; LUK 12:30!2; LUK 12:52!2; LUK 14:24!2; LUK 14:28!2; LUK 16:13!8; LUK 16:2!18; LUK 16:28!2; LUK 17:21!8; LUK 17:24!2; LUK 18:16!18; LUK 18:23!8; LUK 18:32!2; LUK 19:10!2; LUK 19:48!9; LUK 19:5!17; LUK 1:15!2; LUK 1:30!10; LUK 1:44!2; LUK 1:48!10; LUK 1:66!18; LUK 1:76!9; LUK 20:19!22; LUK 20:33!12; LUK 20:36!2; LUK 20:38!9; LUK 20:40!2; LUK 20:42!2; LUK 21:15!2; LUK 21:23!14; LUK 21:26!12; LUK 21:35!4; LUK 21:4!2; LUK 21:8!8; LUK 21:9!10; LUK 22:16!2; LUK 22:18!2; LUK 22:2!13; LUK 22:27!2; LUK 22:37!18; LUK 22:37!2; LUK 22:59!18; LUK 22:71!10; LUK 23:12!17; LUK 23:15!5; LUK 23:34!9; LUK 23:41!6; LUK 23:8!10; LUK 2:10!9; LUK 3:8!18; LUK 4:10!2; LUK 5:9!2; LUK 6:23!20; LUK 6:23!9; LUK 6:26!12; LUK 6:32!12; LUK 6:38!16; LUK 6:44!10; LUK 6:44!2; LUK 6:45!24; LUK 7:33!2; LUK 7:5!2; LUK 7:6!26; LUK 7:8!2; LUK 8:18!7; LUK 8:29!12; LUK 8:29!2; LUK 8:40!12; LUK 8:46!9; LUK 9:14!2; LUK 9:24!2; LUK 9:25!2; LUK 9:26!2; LUK 9:44!11; LUK 9:48!26; LUK 9:50!10)|δ (LUK 10:10!3; LUK 10:5!3; LUK 20:18!11; LUK 9:24!12)|δέ (LUK 10:33!2; LUK 10:38!12; LUK 10:42!2; LUK 11:45!2; LUK 14:15!2; LUK 16:17!2; LUK 16:20!2; LUK 16:27!2; LUK 1:76!3; LUK 20:39!2; LUK 21:2!2; LUK 4:24!2; LUK 7:2!2; LUK 7:40!14; LUK 9:9!9)|δι (LUK 8:47!13)|διά (LUK 11:8!14; LUK 18:5!1)|διότι (LUK 1:13!10; LUK 21:28!11; LUK 2:7!16)|διὰ (LUK 11:8!9; LUK 19:11!8; LUK 1:70!3; LUK 1:78!1; LUK 21:17!6; LUK 23:19!3; LUK 23:25!4; LUK 23:8!17; LUK 2:4!20; LUK 6:48!30; LUK 8:4!13; LUK 8:6!10; LUK 9:7!11)|διὸ (LUK 1:35!17; LUK 7:7!1)|δὲ (LUK 10:16!13; LUK 10:18!2; LUK 10:2!10; LUK 10:2!2; LUK 10:20!12; LUK 10:26!2; LUK 10:27!2; LUK 10:28!2; LUK 10:29!2; LUK 10:31!3; LUK 10:32!2; LUK 10:34!12; LUK 10:37!11; LUK 10:37!2; LUK 10:40!2; LUK 10:40!9; LUK 10:41!2; LUK 10:7!3; LUK 11:11!2; LUK 11:14!7; LUK 11:15!2; LUK 11:16!2; LUK 11:17!2; LUK 11:18!2; LUK 11:19!2; LUK 11:20!2; LUK 11:22!2; LUK 11:28!2; LUK 11:34!23; LUK 11:37!13; LUK 11:38!2; LUK 11:39!2; LUK 11:39!20; LUK 11:42!26; LUK 11:47!10; LUK 11:48!17; LUK 12:10!14; LUK 12:11!2; LUK 12:14!2; LUK 12:15!2; LUK 12:16!2; LUK 12:2!2; LUK 12:20!17; LUK 12:20!2; LUK 12:25!2; LUK 12:27!11; LUK 12:28!2; LUK 12:30!10; LUK 12:39!2; LUK 12:41!2; LUK 12:45!2; LUK 12:47!2; LUK 12:48!12; LUK 12:48!2; LUK 12:48!6; LUK 12:5!2; LUK 12:50!2; LUK 12:56!12; LUK 12:9!2; LUK 13:12!2; LUK 13:14!2; LUK 13:15!2; LUK 13:16!2; LUK 13:23!11; LUK 13:28!27; LUK 13:35!8; LUK 13:8!2; LUK 14:12!2; LUK 14:16!2; LUK 14:34!6; LUK 14:4!2; LUK 15:14!2; LUK 15:17!14; LUK 15:17!3; LUK 15:20!9; LUK 15:21!2; LUK 15:22!2; LUK 15:27!2; LUK 15:28!2; LUK 15:28!8; LUK 15:29!2; LUK 15:30!2; LUK 15:31!2; LUK 15:32!2; LUK 16:15!13; LUK 16:22!17; LUK 16:25!2; LUK 16:25!21; LUK 16:25!25; LUK 16:29!2; LUK 16:30!2; LUK 16:31!2; LUK 16:6!2; LUK 16:6!8; LUK 16:7!5; LUK 16:7!9; LUK 17:15!2; LUK 17:17!11; LUK 17:17!2; LUK 17:22!2; LUK 17:25!2; LUK 17:29!2; LUK 17:35!11; LUK 17:37!8; LUK 17:6!2; LUK 18:13!2; LUK 18:14!19; LUK 18:15!11; LUK 18:16!2; LUK 18:19!2; LUK 18:21!2; LUK 18:22!2; LUK 18:23!2; LUK 18:24!2; LUK 18:26!2; LUK 18:27!2; LUK 18:28!2; LUK 18:3!2; LUK 18:36!2; LUK 18:37!2; LUK 18:39!9; LUK 18:4!8; LUK 18:40!11; LUK 18:40!2; LUK 18:41!6; LUK 18:6!2; LUK 18:7!2; LUK 19:14!2; LUK 19:16!2; LUK 19:26!9; LUK 19:33!2; LUK 19:34!2; LUK 19:36!2; LUK 19:42!15; LUK 19:46!12; LUK 19:47!11; LUK 19:8!2; LUK 19:9!2; LUK 1:11!2; LUK 1:13!2; LUK 1:22!2; LUK 1:24!2; LUK 1:29!2; LUK 1:34!2; LUK 1:38!2; LUK 1:6!2; LUK 1:64!2; LUK 1:8!2; LUK 20:10!17; LUK 20:11!7; LUK 20:12!6; LUK 20:13!2; LUK 20:14!2; LUK 20:16!13; LUK 20:17!2; LUK 20:23!2; LUK 20:24!10; LUK 20:25!2; LUK 20:3!2; LUK 20:31!7; LUK 20:35!2; LUK 20:37!2; LUK 20:5!2; LUK 20:6!2; LUK 21:12!2; LUK 21:16!2; LUK 21:28!2; LUK 21:33!8; LUK 21:36!2; LUK 21:37!10; LUK 21:4!13; LUK 21:8!2; LUK 21:9!2; LUK 22:25!2; LUK 22:26!2; LUK 22:27!13; LUK 22:3!2; LUK 22:32!2; LUK 22:33!2; LUK 22:34!2; LUK 22:35!17; LUK 22:36!2; LUK 22:38!10; LUK 22:38!2; LUK 22:39!13; LUK 22:40!2; LUK 22:43!2; LUK 22:48!2; LUK 22:49!2; LUK 22:51!2; LUK 22:52!2; LUK 22:54!13; LUK 22:54!2; LUK 22:55!2; LUK 22:56!2; LUK 22:57!2; LUK 22:58!14; LUK 22:60!2; LUK 22:67!10; LUK 22:68!2; LUK 22:69!4; LUK 22:70!2; LUK 22:71!2; LUK 22:9!2; LUK 23:10!2; LUK 23:11!2; LUK 23:18!2; LUK 23:18!8; LUK 23:2!2; LUK 23:20!2; LUK 23:21!2; LUK 23:22!2; LUK 23:23!2; LUK 23:25!14; LUK 23:27!2; LUK 23:28!2; LUK 23:3!14; LUK 23:3!2; LUK 23:33!21; LUK 23:34!14; LUK 23:34!2; LUK 23:35!7; LUK 23:36!2; LUK 23:38!2; LUK 23:4!2; LUK 23:40!2; LUK 23:41!11; LUK 23:45!5; LUK 23:46!17; LUK 23:47!2; LUK 23:49!2; LUK 23:5!2; LUK 23:55!2; LUK 23:56!2; LUK 23:8!2; LUK 23:9!8; LUK 24:1!2; LUK 24:10!2; LUK 24:16!2; LUK 24:17!2; LUK 24:18!2; LUK 24:19!6; LUK 24:2!2; LUK 24:21!2; LUK 24:24!19; LUK 24:3!2; LUK 24:31!2; LUK 24:37!2; LUK 24:41!2; LUK 24:42!2; LUK 24:49!13; LUK 24:5!2; LUK 2:17!2; LUK 2:19!2; LUK 2:35!3; LUK 2:40!2; LUK 2:44!2; LUK 2:47!2; LUK 2:6!2; LUK 3:1!20; LUK 3:11!2; LUK 3:12!2; LUK 3:13!2; LUK 3:14!2; LUK 3:16!12; LUK 3:17!21; LUK 3:19!2; LUK 3:9!2; LUK 4:21!2; LUK 4:25!3; LUK 4:3!2; LUK 4:30!2; LUK 4:38!12; LUK 4:39!12; LUK 4:40!16; LUK 4:40!2; LUK 4:41!2; LUK 4:43!2; LUK 4:9!2; LUK 5:10!2; LUK 5:15!2; LUK 5:16!2; LUK 5:2!10; LUK 5:22!2; LUK 5:24!2; LUK 5:3!18; LUK 5:3!2; LUK 5:33!20; LUK 5:34!2; LUK 5:35!2; LUK 5:36!2; LUK 5:4!2; LUK 5:5!13; LUK 5:6!9; LUK 6:10!12; LUK 6:11!2; LUK 6:2!2; LUK 6:39!2; LUK 6:40!8; LUK 6:41!14; LUK 6:41!2; LUK 6:48!17; LUK 6:49!2; LUK 6:7!2; LUK 6:8!2; LUK 6:8!8; LUK 6:9!2; LUK 7:12!2; LUK 7:14!7; LUK 7:20!2; LUK 7:24!2; LUK 7:28!11; LUK 7:30!2; LUK 7:39!2; LUK 7:4!2; LUK 7:41!12; LUK 7:43!11; LUK 7:44!25; LUK 7:45!6; LUK 7:46!8; LUK 7:47!15; LUK 7:48!2; LUK 7:50!2; LUK 7:6!2; LUK 7:6!8; LUK 7:9!2; LUK 8:10!14; LUK 8:10!2; LUK 8:12!2; LUK 8:13!2; LUK 8:14!2; LUK 8:15!2; LUK 8:20!2; LUK 8:21!2; LUK 8:23!2; LUK 8:24!10; LUK 8:25!2; LUK 8:25!9; LUK 8:27!2; LUK 8:28!2; LUK 8:30!11; LUK 8:30!2; LUK 8:33!2; LUK 8:34!2; LUK 8:35!2; LUK 8:36!2; LUK 8:38!15; LUK 8:38!2; LUK 8:45!10; LUK 8:46!2; LUK 8:48!2; LUK 8:50!2; LUK 8:51!2; LUK 8:52!2; LUK 8:52!8; LUK 8:54!2; LUK 8:56!7; LUK 9:11!2; LUK 9:12!7; LUK 9:13!10; LUK 9:13!2; LUK 9:14!7; LUK 9:16!2; LUK 9:19!12; LUK 9:19!2; LUK 9:19!9; LUK 9:20!11; LUK 9:20!2; LUK 9:20!5; LUK 9:23!2; LUK 9:25!10; LUK 9:27!2; LUK 9:32!12; LUK 9:34!2; LUK 9:41!2; LUK 9:42!12; LUK 9:42!2; LUK 9:45!2; LUK 9:47!2; LUK 9:50!2; LUK 9:54!2; LUK 9:55!2; LUK 9:58!17; LUK 9:59!2; LUK 9:59!8; LUK 9:6!2; LUK 9:60!12; LUK 9:60!2; LUK 9:61!2; LUK 9:61!9; LUK 9:62!2; LUK 9:8!3; LUK 9:8!8; LUK 9:9!2)|εἰ (LUK 10:13!8; LUK 10:22!15; LUK 10:22!24; LUK 11:13!1; LUK 11:18!1; LUK 11:19!1; LUK 11:20!1; LUK 11:29!20; LUK 11:36!1; LUK 11:8!3; LUK 12:26!1; LUK 12:28!1; LUK 12:39!5; LUK 12:49!10; LUK 16:11!1; LUK 16:12!2; LUK 17:18!8; LUK 17:2!3; LUK 18:19!12; LUK 22:42!3; LUK 23:31!2; LUK 23:35!16; LUK 4:26!7; LUK 4:27!16; LUK 5:21!20; LUK 6:32!2; LUK 6:4!24; LUK 7:39!13; LUK 8:51!12)|εἰς (LUK 10:2!22; LUK 14:28!16; LUK 1:79!14; LUK 22:19!21; LUK 2:32!2; LUK 2:34!15; LUK 2:34!24; LUK 3:3!11; LUK 5:14!22; LUK 5:17!33; LUK 5:32!7; LUK 5:4!18; LUK 8:17!16; LUK 9:3!7; LUK 9:5!19)|εἴ (LUK 19:8!19)|εἵνεκεν (LUK 4:18!6)|καί (LUK 19:39!1; LUK 21:8!17)|καθότι (LUK 19:9!14; LUK 1:7!6)|κατ (LUK 2:41!6)|κατὰ (LUK 10:31!1; LUK 13:22!3; LUK 15:14!8; LUK 1:38!10; LUK 1:9!1; LUK 21:11!5; LUK 22:22!7; LUK 22:39!4; LUK 23:56!12; LUK 2:22!9; LUK 2:24!5; LUK 2:27!21; LUK 2:29!7; LUK 2:39!6; LUK 2:42!8; LUK 4:16!10; LUK 8:1!9; LUK 8:4!7)|καὶ (LUK 10:1!11; LUK 10:1!23; LUK 10:13!11; LUK 10:13!24; LUK 10:14!3; LUK 10:15!1; LUK 10:16!6; LUK 10:19!10; LUK 10:19!12; LUK 10:19!19; LUK 10:21!10; LUK 10:21!26; LUK 10:21!28; LUK 10:22!19; LUK 10:22!28; LUK 10:22!8; LUK 10:24!17; LUK 10:24!7; LUK 10:27!15; LUK 10:27!21; LUK 10:27!27; LUK 10:27!33; LUK 10:30!13; LUK 10:30!17; LUK 10:30!20; LUK 10:31!11; LUK 10:32!3; LUK 10:32!9; LUK 10:33!8; LUK 10:34!1; LUK 10:34!22; LUK 10:34!9; LUK 10:35!1; LUK 10:35!11; LUK 10:35!15; LUK 10:37!16; LUK 10:39!1; LUK 10:39!8; LUK 10:4!8; LUK 10:41!10; LUK 10:6!1; LUK 10:7!8; LUK 10:8!1; LUK 10:8!7; LUK 10:9!1; LUK 10:9!7; LUK 11:1!25; LUK 11:10!10; LUK 11:10!6; LUK 11:14!14; LUK 11:17!15; LUK 11:18!3; LUK 11:22!15; LUK 11:23!9; LUK 11:25!1; LUK 11:25!5; LUK 11:26!10; LUK 11:26!3; LUK 11:27!23; LUK 11:28!12; LUK 11:30!10; LUK 11:31!13; LUK 11:31!27; LUK 11:32!11; LUK 11:32!20; LUK 11:34!15; LUK 11:34!26; LUK 11:39!15; LUK 11:39!25; LUK 11:4!1; LUK 11:4!14; LUK 11:4!7; LUK 11:40!7; LUK 11:42!10; LUK 11:42!13; LUK 11:42!20; LUK 11:43!12; LUK 11:44!10; LUK 11:45!11; LUK 11:49!13; LUK 11:49!15; LUK 11:49!19; LUK 11:49!3; LUK 11:5!10; LUK 11:5!15; LUK 11:51!12; LUK 11:52!14; LUK 11:53!12; LUK 11:53!7; LUK 11:6!9; LUK 11:7!13; LUK 12:10!1; LUK 12:11!11; LUK 12:11!8; LUK 12:15!6; LUK 12:18!1; LUK 12:18!12; LUK 12:18!18; LUK 12:18!9; LUK 12:19!1; LUK 12:23!8; LUK 12:24!15; LUK 12:28!9; LUK 12:29!1; LUK 12:29!10; LUK 12:29!7; LUK 12:3!12; LUK 12:33!5; LUK 12:34!8; LUK 12:35!6; LUK 12:36!1; LUK 12:36!16; LUK 12:37!16; LUK 12:37!19; LUK 12:38!11; LUK 12:40!1; LUK 12:41!13; LUK 12:42!1; LUK 12:45!16; LUK 12:45!21; LUK 12:45!26; LUK 12:45!28; LUK 12:46!12; LUK 12:46!18; LUK 12:46!21; LUK 12:48!20; LUK 12:49!7; LUK 12:50!5; LUK 12:52!14; LUK 12:53!12; LUK 12:53!22; LUK 12:53!5; LUK 12:54!17; LUK 12:54!3; LUK 12:55!1; LUK 12:55!9; LUK 12:56!6; LUK 12:58!24; LUK 12:58!31; LUK 13:11!1; LUK 13:12!7; LUK 13:13!1; LUK 13:13!9; LUK 13:15!24; LUK 13:16!12; LUK 13:17!10; LUK 13:19!12; LUK 13:19!14; LUK 13:19!18; LUK 13:2!1; LUK 13:22!5; LUK 13:22!8; LUK 13:25!11; LUK 13:25!15; LUK 13:25!7; LUK 13:26!7; LUK 13:26!9; LUK 13:28!13; LUK 13:28!15; LUK 13:28!17; LUK 13:28!5; LUK 13:29!1; LUK 13:29!10; LUK 13:29!12; LUK 13:29!5; LUK 13:29!7; LUK 13:30!1; LUK 13:30!8; LUK 13:32!12; LUK 13:32!16; LUK 13:32!18; LUK 13:33!5; LUK 13:33!7; LUK 13:34!7; LUK 13:4!13; LUK 13:6!14; LUK 13:8!18; LUK 13:8!9; LUK 14:11!7; LUK 14:12!29; LUK 14:12!3; LUK 14:12!33; LUK 14:16!10; LUK 14:17!1; LUK 14:19!1; LUK 14:2!1; LUK 14:20!1; LUK 14:21!1; LUK 14:21!23; LUK 14:21!27; LUK 14:21!30; LUK 14:21!32; LUK 14:21!34; LUK 14:22!1; LUK 14:22!9; LUK 14:23!1; LUK 14:23!12; LUK 14:23!14; LUK 14:25!6; LUK 14:26!12; LUK 14:26!15; LUK 14:26!18; LUK 14:26!21; LUK 14:26!24; LUK 14:26!6; LUK 14:27!7; LUK 14:3!1; LUK 14:3!9; LUK 14:4!4; LUK 14:4!8; LUK 14:5!1; LUK 14:5!13; LUK 14:6!1; LUK 14:9!1; LUK 14:9!13; LUK 14:9!5; LUK 15:1!8; LUK 15:12!1; LUK 15:13!1; LUK 15:13!15; LUK 15:14!12; LUK 15:15!1; LUK 15:15!10; LUK 15:16!1; LUK 15:18!15; LUK 15:18!7; LUK 15:2!1; LUK 15:2!14; LUK 15:2!6; LUK 15:20!1; LUK 15:20!18; LUK 15:20!20; LUK 15:20!27; LUK 15:21!11; LUK 15:22!14; LUK 15:22!17; LUK 15:22!24; LUK 15:23!1; LUK 15:23!8; LUK 15:24!14; LUK 15:25!10; LUK 15:25!18; LUK 15:26!1; LUK 15:27!10; LUK 15:28!3; LUK 15:29!13; LUK 15:31!11; LUK 15:32!15; LUK 15:32!3; LUK 15:4!21; LUK 15:4!8; LUK 15:5!1; LUK 15:6!1; LUK 15:6!9; LUK 15:8!14; LUK 15:8!18; LUK 15:9!1; LUK 15:9!6; LUK 16:1!14; LUK 16:1!3; LUK 16:10!10; LUK 16:10!15; LUK 16:10!5; LUK 16:12!1; LUK 16:13!27; LUK 16:15!1; LUK 16:16!15; LUK 16:16!3; LUK 16:18!11; LUK 16:18!7; LUK 16:19!6; LUK 16:19!9; LUK 16:21!1; LUK 16:21!13; LUK 16:22!18; LUK 16:22!21; LUK 16:22!6; LUK 16:23!1; LUK 16:23!16; LUK 16:24!1; LUK 16:24!20; LUK 16:24!9; LUK 16:26!1; LUK 16:26!7; LUK 16:28!10; LUK 16:29!6; LUK 16:31!6; LUK 16:6!15; LUK 16:7!20; LUK 16:9!1; LUK 17:10!2; LUK 17:11!14; LUK 17:12!1; LUK 17:13!1; LUK 17:14!1; LUK 17:14!10; LUK 17:16!1; LUK 17:16!11; LUK 17:19!1; LUK 17:2!11; LUK 17:23!1; LUK 17:25!7; LUK 17:26!1; LUK 17:26!10; LUK 17:27!13; LUK 17:27!17; LUK 17:29!10; LUK 17:29!14; LUK 17:3!10; LUK 17:31!10; LUK 17:31!21; LUK 17:37!1; LUK 17:37!15; LUK 17:4!1; LUK 17:4!9; LUK 17:6!17; LUK 17:6!22; LUK 17:8!14; LUK 17:8!16; LUK 17:8!20; LUK 17:8!8; LUK 18:1!11; LUK 18:10!11; LUK 18:15!4; LUK 18:16!13; LUK 18:2!12; LUK 18:20!16; LUK 18:22!15; LUK 18:22!23; LUK 18:3!8; LUK 18:30!10; LUK 18:31!12; LUK 18:32!5; LUK 18:32!7; LUK 18:32!9; LUK 18:33!1; LUK 18:33!5; LUK 18:34!14; LUK 18:38!1; LUK 18:42!1; LUK 18:43!10; LUK 18:43!4; LUK 18:7!16; LUK 18:7!18; LUK 18:9!13; LUK 18:9!3; LUK 19:10!8; LUK 19:11!14; LUK 19:12!13; LUK 19:13!10; LUK 19:15!1; LUK 19:15!10; LUK 19:17!1; LUK 19:18!1; LUK 19:19!3; LUK 19:2!1; LUK 19:2!11; LUK 19:2!7; LUK 19:20!1; LUK 19:21!12; LUK 19:22!21; LUK 19:24!1; LUK 19:24!10; LUK 19:25!1; LUK 19:27!15; LUK 19:29!7; LUK 19:3!1; LUK 19:30!19; LUK 19:31!1; LUK 19:35!1; LUK 19:35!7; LUK 19:38!12; LUK 19:4!1; LUK 19:40!1; LUK 19:43!13; LUK 19:43!16; LUK 19:44!1; LUK 19:44!10; LUK 19:44!4; LUK 19:47!13; LUK 19:47!19; LUK 19:5!1; LUK 19:6!1; LUK 19:6!4; LUK 19:7!1; LUK 19:8!18; LUK 19:9!15; LUK 1:10!1; LUK 1:12!1; LUK 1:12!5; LUK 1:13!15; LUK 1:13!23; LUK 1:14!1; LUK 1:14!5; LUK 1:14!7; LUK 1:15!14; LUK 1:15!7; LUK 1:16!1; LUK 1:17!1; LUK 1:17!16; LUK 1:17!8; LUK 1:18!1; LUK 1:18!15; LUK 1:19!1; LUK 1:19!15; LUK 1:19!20; LUK 1:2!8; LUK 1:20!1; LUK 1:20!5; LUK 1:21!8; LUK 1:22!20; LUK 1:22!7; LUK 1:23!1; LUK 1:24!11; LUK 1:27!11; LUK 1:28!1; LUK 1:29!7; LUK 1:30!1; LUK 1:31!1; LUK 1:31!6; LUK 1:31!9; LUK 1:32!4; LUK 1:32!8; LUK 1:33!1; LUK 1:33!10; LUK 1:35!1; LUK 1:35!12; LUK 1:35!18; LUK 1:36!1; LUK 1:36!14; LUK 1:36!7; LUK 1:38!14; LUK 1:40!1; LUK 1:40!7; LUK 1:41!1; LUK 1:41!18; LUK 1:42!1; LUK 1:42!11; LUK 1:42!5; LUK 1:43!1; LUK 1:45!1; LUK 1:47!1; LUK 1:49!7; LUK 1:5!16; LUK 1:5!23; LUK 1:50!1; LUK 1:50!7; LUK 1:52!5; LUK 1:53!4; LUK 1:55!9; LUK 1:56!9; LUK 1:57!10; LUK 1:58!1; LUK 1:58!17; LUK 1:58!5; LUK 1:59!12; LUK 1:6!13; LUK 1:60!1; LUK 1:61!1; LUK 1:63!1; LUK 1:63!10; LUK 1:64!11; LUK 1:64!7; LUK 1:65!1; LUK 1:65!9; LUK 1:66!1; LUK 1:67!9; LUK 1:68!9; LUK 1:69!1; LUK 1:7!1; LUK 1:7!11; LUK 1:71!5; LUK 1:72!7; LUK 1:75!3; LUK 1:76!1; LUK 1:79!5; LUK 1:80!5; LUK 1:80!8; LUK 20:1!14; LUK 20:1!19; LUK 20:10!1; LUK 20:11!1; LUK 20:11!10; LUK 20:12!1; LUK 20:12!7; LUK 20:15!1; LUK 20:16!2; LUK 20:16!7; LUK 20:19!1; LUK 20:19!5; LUK 20:2!1; LUK 20:20!18; LUK 20:21!1; LUK 20:21!10; LUK 20:21!12; LUK 20:24!7; LUK 20:25!11; LUK 20:26!1; LUK 20:26!10; LUK 20:28!12; LUK 20:28!23; LUK 20:29!5; LUK 20:3!10; LUK 20:30!1; LUK 20:31!1; LUK 20:31!14; LUK 20:31!8; LUK 20:32!2; LUK 20:34!12; LUK 20:35!8; LUK 20:36!9; LUK 20:37!18; LUK 20:37!21; LUK 20:46!10; LUK 20:46!16; LUK 20:46!21; LUK 20:47!7; LUK 20:7!1; LUK 20:8!1; LUK 20:9!13; LUK 20:9!17; LUK 21:10!8; LUK 21:11!13; LUK 21:11!4; LUK 21:11!8; LUK 21:12!11; LUK 21:12!17; LUK 21:12!22; LUK 21:15!6; LUK 21:16!10; LUK 21:16!12; LUK 21:16!6; LUK 21:16!8; LUK 21:17!1; LUK 21:21!10; LUK 21:21!16; LUK 21:23!20; LUK 21:23!6; LUK 21:24!1; LUK 21:24!11; LUK 21:24!5; LUK 21:25!10; LUK 21:25!20; LUK 21:25!6; LUK 21:25!8; LUK 21:26!5; LUK 21:27!1; LUK 21:27!13; LUK 21:28!6; LUK 21:29!8; LUK 21:3!1; LUK 21:31!2; LUK 21:34!11; LUK 21:34!13; LUK 21:36!15; LUK 21:38!1; LUK 21:5!10; LUK 21:7!10; LUK 21:9!5; LUK 22:11!1; LUK 22:13!7; LUK 22:14!7; LUK 22:15!1; LUK 22:17!1; LUK 22:17!8; LUK 22:19!1; LUK 22:19!6; LUK 22:2!1; LUK 22:2!5; LUK 22:20!1; LUK 22:23!1; LUK 22:24!3; LUK 22:25!11; LUK 22:26!14; LUK 22:30!13; LUK 22:30!3; LUK 22:32!12; LUK 22:33!10; LUK 22:33!13; LUK 22:35!11; LUK 22:35!9; LUK 22:36!11; LUK 22:36!13; LUK 22:36!21; LUK 22:39!15; LUK 22:4!6; LUK 22:41!1; LUK 22:41!9; LUK 22:44!1; LUK 22:44!7; LUK 22:45!1; LUK 22:46!1; LUK 22:47!15; LUK 22:47!6; LUK 22:5!3; LUK 22:50!1; LUK 22:51!9; LUK 22:52!10; LUK 22:52!14; LUK 22:52!22; LUK 22:53!22; LUK 22:54!5; LUK 22:55!8; LUK 22:56!10; LUK 22:58!1; LUK 22:59!1; LUK 22:59!12; LUK 22:6!1; LUK 22:6!3; LUK 22:60!10; LUK 22:61!1; LUK 22:61!8; LUK 22:62!1; LUK 22:64!1; LUK 22:65!1; LUK 22:66!12; LUK 22:66!14; LUK 22:8!4; LUK 23:10!5; LUK 23:11!11; LUK 23:12!7; LUK 23:13!6; LUK 23:13!9; LUK 23:14!13; LUK 23:15!9; LUK 23:19!10; LUK 23:2!12; LUK 23:2!17; LUK 23:25!6; LUK 23:27!12; LUK 23:27!8; LUK 23:28!18; LUK 23:29!11; LUK 23:29!17; LUK 23:30!9; LUK 23:32!3; LUK 23:33!13; LUK 23:35!1; LUK 23:35!8; LUK 23:36!4; LUK 23:37!1; LUK 23:38!3; LUK 23:39!16; LUK 23:4!8; LUK 23:41!1; LUK 23:42!1; LUK 23:43!1; LUK 23:46!1; LUK 23:48!1; LUK 23:49!8; LUK 23:50!10; LUK 23:51!7; LUK 23:53!1; LUK 23:53!6; LUK 23:54!5; LUK 23:55!15; LUK 23:56!5; LUK 23:7!1; LUK 23:7!14; LUK 23:8!22; LUK 24:10!12; LUK 24:10!6; LUK 24:10!8; LUK 24:12!15; LUK 24:12!9; LUK 24:14!1; LUK 24:15!1; LUK 24:15!7; LUK 24:18!13; LUK 24:19!1; LUK 24:19!21; LUK 24:19!26; LUK 24:20!14; LUK 24:20!7; LUK 24:21!14; LUK 24:22!2; LUK 24:24!1; LUK 24:24!10; LUK 24:25!1; LUK 24:25!8; LUK 24:26!7; LUK 24:27!1; LUK 24:27!5; LUK 24:28!8; LUK 24:29!17; LUK 24:30!13; LUK 24:31!9; LUK 24:32!1; LUK 24:33!1; LUK 24:33!14; LUK 24:33!9; LUK 24:34!7; LUK 24:35!1; LUK 24:35!8; LUK 24:37!3; LUK 24:38!1; LUK 24:38!7; LUK 24:39!15; LUK 24:39!20; LUK 24:39!5; LUK 24:4!1; LUK 24:40!1; LUK 24:40!8; LUK 24:41!8; LUK 24:43!1; LUK 24:44!27; LUK 24:44!29; LUK 24:46!10; LUK 24:47!1; LUK 24:49!1; LUK 24:5!5; LUK 24:50!7; LUK 24:51!1; LUK 24:52!1; LUK 24:53!1; LUK 24:7!13; LUK 24:7!15; LUK 24:8!1; LUK 24:9!1; LUK 24:9!11; LUK 2:10!1; LUK 2:12!1; LUK 2:12!9; LUK 2:13!1; LUK 2:13!13; LUK 2:14!5; LUK 2:15!21; LUK 2:16!1; LUK 2:16!12; LUK 2:16!4; LUK 2:16!9; LUK 2:18!1; LUK 2:20!1; LUK 2:20!14; LUK 2:20!6; LUK 2:24!1; LUK 2:25!10; LUK 2:25!15; LUK 2:25!21; LUK 2:26!1; LUK 2:27!1; LUK 2:27!9; LUK 2:28!1; LUK 2:28!12; LUK 2:28!8; LUK 2:3!1; LUK 2:32!5; LUK 2:33!1; LUK 2:33!6; LUK 2:34!1; LUK 2:34!17; LUK 2:34!23; LUK 2:34!5; LUK 2:35!1; LUK 2:37!1; LUK 2:37!14; LUK 2:37!18; LUK 2:38!1; LUK 2:38!9; LUK 2:4!26; LUK 2:4!3; LUK 2:40!5; LUK 2:40!9; LUK 2:42!1; LUK 2:43!1; LUK 2:44!11; LUK 2:44!17; LUK 2:45!1; LUK 2:46!1; LUK 2:46!16; LUK 2:46!19; LUK 2:47!10; LUK 2:48!1; LUK 2:48!5; LUK 2:49!1; LUK 2:51!1; LUK 2:51!13; LUK 2:51!5; LUK 2:51!9; LUK 2:52!11; LUK 2:52!5; LUK 2:52!7; LUK 2:7!1; LUK 2:7!11; LUK 2:7!8; LUK 2:8!10; LUK 2:9!1; LUK 2:9!11; LUK 2:9!6; LUK 3:1!14; LUK 3:1!27; LUK 3:1!30; LUK 3:11!13; LUK 3:12!3; LUK 3:12!6; LUK 3:14!11; LUK 3:14!18; LUK 3:14!4; LUK 3:14!9; LUK 3:15!5; LUK 3:16!32; LUK 3:17!12; LUK 3:18!4; LUK 3:19!16; LUK 3:2!4; LUK 3:21!12; LUK 3:21!9; LUK 3:22!1; LUK 3:22!13; LUK 3:3!1; LUK 3:5!10; LUK 3:5!16; LUK 3:5!4; LUK 3:5!7; LUK 3:6!1; LUK 3:8!7; LUK 3:9!20; LUK 4:1!10; LUK 4:11!1; LUK 4:12!1; LUK 4:13!1; LUK 4:14!13; LUK 4:15!1; LUK 4:16!22; LUK 4:16!8; LUK 4:17!1; LUK 4:17!8; LUK 4:18!16; LUK 4:2!15; LUK 4:2!7; LUK 4:20!1; LUK 4:20!9; LUK 4:22!1; LUK 4:22!18; LUK 4:22!5; LUK 4:23!1; LUK 4:23!21; LUK 4:25!23; LUK 4:27!1; LUK 4:28!1; LUK 4:29!1; LUK 4:29!8; LUK 4:31!8; LUK 4:32!1; LUK 4:35!1; LUK 4:35!12; LUK 4:35!8; LUK 4:36!1; LUK 4:36!18; LUK 4:36!24; LUK 4:36!6; LUK 4:37!1; LUK 4:38!19; LUK 4:39!1; LUK 4:39!8; LUK 4:4!1; LUK 4:41!17; LUK 4:41!3; LUK 4:41!8; LUK 4:42!14; LUK 4:42!18; LUK 4:42!9; LUK 4:44!1; LUK 4:6!1; LUK 4:6!12; LUK 4:6!19; LUK 4:8!1; LUK 4:8!13; LUK 4:9!13; LUK 4:9!6; LUK 5:1!15; LUK 5:1!9; LUK 5:10!14; LUK 5:10!3; LUK 5:10!5; LUK 5:11!1; LUK 5:13!1; LUK 5:13!10; LUK 5:14!1; LUK 5:14!13; LUK 5:15!13; LUK 5:15!8; LUK 5:16!8; LUK 5:17!15; LUK 5:17!25; LUK 5:17!27; LUK 5:17!29; LUK 5:17!7; LUK 5:18!1; LUK 5:18!11; LUK 5:18!15; LUK 5:19!1; LUK 5:20!1; LUK 5:21!1; LUK 5:21!6; LUK 5:23!13; LUK 5:24!22; LUK 5:25!1; LUK 5:26!1; LUK 5:26!5; LUK 5:26!9; LUK 5:27!14; LUK 5:27!5; LUK 5:28!1; LUK 5:29!11; LUK 5:29!16; LUK 5:30!1; LUK 5:30!19; LUK 5:30!22; LUK 5:30!5; LUK 5:31!1; LUK 5:33!11; LUK 5:33!15; LUK 5:33!23; LUK 5:35!4; LUK 5:36!21; LUK 5:36!25; LUK 5:36!3; LUK 5:37!1; LUK 5:37!19; LUK 5:37!22; LUK 5:39!1; LUK 5:4!13; LUK 5:5!1; LUK 5:6!1; LUK 5:7!1; LUK 5:7!13; LUK 5:7!15; LUK 5:9!5; LUK 6:1!14; LUK 6:1!9; LUK 6:10!1; LUK 6:10!14; LUK 6:11!5; LUK 6:13!1; LUK 6:13!15; LUK 6:13!9; LUK 6:14!11; LUK 6:14!13; LUK 6:14!15; LUK 6:14!17; LUK 6:14!3; LUK 6:14!6; LUK 6:15!1; LUK 6:15!3; LUK 6:15!5; LUK 6:15!8; LUK 6:16!1; LUK 6:16!4; LUK 6:17!14; LUK 6:17!23; LUK 6:17!25; LUK 6:17!29; LUK 6:17!9; LUK 6:18!11; LUK 6:18!5; LUK 6:19!1; LUK 6:19!13; LUK 6:22!12; LUK 6:22!14; LUK 6:22!8; LUK 6:23!6; LUK 6:25!14; LUK 6:29!11; LUK 6:29!18; LUK 6:29!8; LUK 6:3!1; LUK 6:3!17; LUK 6:30!5; LUK 6:31!1; LUK 6:34!1; LUK 6:35!18; LUK 6:35!29; LUK 6:35!6; LUK 6:35!8; LUK 6:37!8; LUK 6:39!3; LUK 6:4!15; LUK 6:4!8; LUK 6:45!14; LUK 6:47!11; LUK 6:47!6; LUK 6:48!10; LUK 6:49!21; LUK 6:5!1; LUK 6:6!11; LUK 6:6!17; LUK 6:7!5; LUK 6:8!17; LUK 6:8!22; LUK 7:10!1; LUK 7:11!11; LUK 7:11!17; LUK 7:12!17; LUK 7:12!21; LUK 7:13!1; LUK 7:13!9; LUK 7:14!1; LUK 7:14!10; LUK 7:15!1; LUK 7:15!5; LUK 7:15!8; LUK 7:16!16; LUK 7:16!5; LUK 7:17!12; LUK 7:18!10; LUK 7:21!11; LUK 7:21!14; LUK 7:21!9; LUK 7:22!1; LUK 7:22!10; LUK 7:23!1; LUK 7:25!15; LUK 7:29!1; LUK 7:30!4; LUK 7:32!8; LUK 7:34!14; LUK 7:34!18; LUK 7:34!7; LUK 7:36!11; LUK 7:37!1; LUK 7:37!10; LUK 7:38!1; LUK 7:38!16; LUK 7:38!23; LUK 7:38!28; LUK 7:40!1; LUK 7:44!1; LUK 7:44!32; LUK 7:49!1; LUK 7:8!1; LUK 7:8!13; LUK 7:8!19; LUK 7:8!24; LUK 7:9!8; LUK 8:1!11; LUK 8:1!14; LUK 8:1!20; LUK 8:10!22; LUK 8:12!13; LUK 8:13!23; LUK 8:14!14; LUK 8:14!16; LUK 8:15!13; LUK 8:15!19; LUK 8:17!15; LUK 8:18!11; LUK 8:19!7; LUK 8:2!1; LUK 8:2!10; LUK 8:20!7; LUK 8:21!20; LUK 8:21!9; LUK 8:22!12; LUK 8:22!16; LUK 8:22!26; LUK 8:23!14; LUK 8:24!15; LUK 8:25!23; LUK 8:27!15; LUK 8:27!21; LUK 8:28!8; LUK 8:29!16; LUK 8:29!19; LUK 8:29!22; LUK 8:3!1; LUK 8:3!7; LUK 8:3!9; LUK 8:31!1; LUK 8:32!20; LUK 8:33!12; LUK 8:33!22; LUK 8:34!13; LUK 8:34!8; LUK 8:35!11; LUK 8:35!22; LUK 8:35!29; LUK 8:35!6; LUK 8:37!1; LUK 8:39!13; LUK 8:39!6; LUK 8:4!5; LUK 8:41!14; LUK 8:41!8; LUK 8:42!9; LUK 8:43!1; LUK 8:44!9; LUK 8:45!1; LUK 8:45!20; LUK 8:47!10; LUK 8:47!23; LUK 8:5!20; LUK 8:5!22; LUK 8:5!9; LUK 8:51!15; LUK 8:51!17; LUK 8:51!19; LUK 8:51!24; LUK 8:52!4; LUK 8:53!1; LUK 8:55!1; LUK 8:55!6; LUK 8:55!9; LUK 8:56!1; LUK 8:6!1; LUK 8:6!7; LUK 8:7!1; LUK 8:7!8; LUK 8:8!1; LUK 8:8!9; LUK 9:1!14; LUK 9:1!8; LUK 9:10!9; LUK 9:11!17; LUK 9:11!7; LUK 9:12!21; LUK 9:12!24; LUK 9:13!19; LUK 9:15!1; LUK 9:16!16; LUK 9:16!18; LUK 9:16!6; LUK 9:17!1; LUK 9:17!6; LUK 9:2!1; LUK 9:2!9; LUK 9:22!10; LUK 9:22!15; LUK 9:22!17; LUK 9:22!19; LUK 9:22!21; LUK 9:23!13; LUK 9:23!20; LUK 9:26!22; LUK 9:26!25; LUK 9:26!6; LUK 9:28!13; LUK 9:28!15; LUK 9:29!1; LUK 9:29!13; LUK 9:3!1; LUK 9:30!1; LUK 9:30!10; LUK 9:32!17; LUK 9:32!4; LUK 9:33!1; LUK 9:33!27; LUK 9:33!30; LUK 9:34!7; LUK 9:35!1; LUK 9:36!1; LUK 9:36!10; LUK 9:39!1; LUK 9:39!14; LUK 9:39!6; LUK 9:39!9; LUK 9:4!1; LUK 9:4!9; LUK 9:40!1; LUK 9:41!16; LUK 9:41!9; LUK 9:42!19; LUK 9:42!23; LUK 9:42!9; LUK 9:45!16; LUK 9:45!7; LUK 9:48!1; LUK 9:48!16; LUK 9:49!14; LUK 9:5!1; LUK 9:52!1; LUK 9:52!7; LUK 9:54!6; LUK 9:56!1; LUK 9:58!10; LUK 9:6!8; LUK 9:61!3; LUK 9:7!9; LUK 9:9!16)|κἀγὼ (LUK 20:3!8)|κἀκεῖνα (LUK 11:42!29)|κἀκεῖνον (LUK 20:11!8)|κἀκεῖνος (LUK 11:7!1; LUK 22:12!1)|κἀμοὶ (LUK 1:3!2)|κἂν (LUK 12:38!1; LUK 12:38!5; LUK 13:9!1)|μεθ (LUK 22:15!11; LUK 22:53!5; LUK 24:29!6; LUK 9:49!20)|μετ (LUK 11:23!13; LUK 11:7!17; LUK 12:13!14; LUK 15:31!8; LUK 1:66!22; LUK 22:21!8; LUK 22:28!6; LUK 22:59!14; LUK 23:43!8; LUK 24:30!7; LUK 2:51!3; LUK 5:29!20; LUK 5:34!16; LUK 6:17!3; LUK 6:3!19; LUK 6:4!18; LUK 7:36!9)|μετὰ (LUK 10:17!6; LUK 11:31!7; LUK 11:32!7; LUK 12:58!4; LUK 13:1!18; LUK 14:31!22; LUK 14:9!16; LUK 15:29!24; LUK 15:30!12; LUK 17:15!9; LUK 17:20!22; LUK 1:28!10; LUK 1:39!12; LUK 21:27!11; LUK 22:11!18; LUK 22:33!6; LUK 22:52!20; LUK 24:52!8; LUK 2:36!16; LUK 5:30!16; LUK 8:13!9; LUK 9:39!12)|μὲν (LUK 11:48!13; LUK 22:22!4; LUK 23:33!17; LUK 23:56!9; LUK 3:16!7)|μὴ (LUK 21:8!5)|οὖν (LUK 10:2!14; LUK 10:40!24; LUK 11:13!2; LUK 11:35!2; LUK 11:36!2; LUK 12:26!2; LUK 13:14!25; LUK 13:18!2; LUK 14:33!2; LUK 16:11!2; LUK 16:27!5; LUK 19:12!2; LUK 20:15!9; LUK 20:17!7; LUK 20:29!2; LUK 20:33!3; LUK 20:44!2; LUK 21:14!2; LUK 21:7!7; LUK 23:16!2; LUK 23:22!19; LUK 3:10!8; LUK 3:18!3; LUK 3:8!2; LUK 3:9!13; LUK 4:7!2; LUK 7:42!8; LUK 8:18!2)|πάλιν (LUK 6:43!10)|παρ (LUK 11:37!10; LUK 18:14!10)|περὶ (LUK 10:40!5; LUK 10:41!12; LUK 11:53!15; LUK 12:26!7; LUK 13:1!10; LUK 16:2!9; LUK 19:37!24; LUK 21:5!4; LUK 22:37!20; LUK 24:19!10; LUK 24:27!17; LUK 24:4!7; LUK 24:44!31; LUK 2:27!26; LUK 3:15!12; LUK 3:19!17; LUK 3:19!9; LUK 4:10!8; LUK 4:14!20; LUK 4:37!4; LUK 5:14!15; LUK 5:15!6; LUK 7:17!10; LUK 9:11!12; LUK 9:45!20; LUK 9:9!12)|πλὴν (LUK 10:11!16; LUK 10:14!1; LUK 10:20!1; LUK 11:41!1; LUK 12:31!1; LUK 13:33!1; LUK 18:8!10; LUK 19:27!1; LUK 22:21!1; LUK 22:22!11; LUK 22:42!11; LUK 23:28!14; LUK 6:24!1; LUK 6:35!1)|πρὸς (LUK 12:41!14; LUK 12:41!6; LUK 12:47!17; LUK 14:32!12; LUK 19:42!12; LUK 24:17!11; LUK 9:41!14)|πόθεν (LUK 1:43!2)|σὺν (LUK 19:23!13; LUK 1:56!4; LUK 20:1!22; LUK 22:14!10; LUK 22:56!16; LUK 23:11!7; LUK 23:32!7; LUK 24:10!15; LUK 24:21!15; LUK 24:24!5; LUK 24:29!21; LUK 24:33!16; LUK 24:44!15; LUK 2:13!4; LUK 2:5!2; LUK 5:19!19; LUK 5:9!8; LUK 7:12!27; LUK 7:6!5; LUK 8:1!23; LUK 8:38!12; LUK 8:51!10; LUK 9:32!6)|τε (LUK 12:45!25; LUK 14:26!28; LUK 15:2!4; LUK 21:11!12; LUK 21:11!2; LUK 22:66!11; LUK 23:12!5; LUK 24:20!2; LUK 2:16!7)|τρόπον (LUK 13:34!20)|χάριν (LUK 7:47!2)|χωρὶς (LUK 6:49!15)|ἀλλ (LUK 11:33!11; LUK 12:51!12; LUK 13:3!4; LUK 13:5!4; LUK 14:10!1; LUK 14:13!1; LUK 16:30!7; LUK 17:8!1; LUK 18:13!15; LUK 20:21!16; LUK 21:9!14; LUK 22:26!5; LUK 22:53!16; LUK 23:15!1; LUK 8:16!12; LUK 8:27!26)|ἀλλά (LUK 24:21!12)|ἀλλὰ (LUK 12:7!1; LUK 16:21!12; LUK 1:60!8; LUK 20:38!6; LUK 22:42!16; LUK 24:22!1; LUK 24:6!4; LUK 5:14!7; LUK 5:31!14; LUK 5:32!5; LUK 5:38!1; LUK 7:25!1; LUK 7:26!1; LUK 7:7!8; LUK 8:52!15)|ἀνθ (LUK 12:3!1; LUK 19:44!18; LUK 1:20!14)|ἀντὶ (LUK 11:11!12)|ἀνὰ (LUK 10:1!14; LUK 9:14!16; LUK 9:3!19)|ἀπ (LUK 12:58!16; LUK 13:27!10; LUK 16:3!16; LUK 1:38!16; LUK 4:13!8; LUK 4:35!10; LUK 5:13!15; LUK 5:35!7; LUK 8:18!21; LUK 9:39!17)|ἀποβήσεται (LUK 21:13!1)|ἀπὸ (LUK 10:21!24; LUK 12:15!8; LUK 12:4!9; LUK 16:18!14; LUK 18:3!15; LUK 19:3!11; LUK 20:46!2; LUK 21:26!3; LUK 22:18!10; LUK 22:45!13; LUK 24:41!5; LUK 5:15!15; LUK 6:18!7; LUK 6:29!12; LUK 6:30!6; LUK 7:21!7; LUK 8:2!7; LUK 8:33!5; LUK 9:5!14)|ἀφ (LUK 8:35!16; LUK 8:38!6)|ἄρα (LUK 11:20!9; LUK 11:48!1; LUK 1:66!12)|ἄτερ (LUK 22:35!7; LUK 22:6!9)|Ἀλλὰ (LUK 11:42!1; LUK 22:36!4; LUK 6:27!1)|ἐάν (LUK 16:30!8; LUK 16:31!12; LUK 19:31!2; LUK 20:28!6)|ἐκ (LUK 11:31!18; LUK 16:31!14; LUK 16:4!7; LUK 16:9!8; LUK 20:35!12; LUK 23:7!4; LUK 24:46!12; LUK 2:36!7; LUK 8:3!15; LUK 9:7!19)|ἐν (LUK 10:17!15; LUK 10:20!2; LUK 10:27!16; LUK 10:27!22; LUK 10:27!28; LUK 11:20!3; LUK 12:15!13; LUK 12:8!19; LUK 12:8!8; LUK 13:35!21; LUK 14:34!11; LUK 16:10!12; LUK 16:10!16; LUK 16:10!3; LUK 16:10!6; LUK 16:11!3; LUK 16:12!3; LUK 16:26!2; LUK 19:17!8; LUK 1:17!18; LUK 1:17!6; LUK 1:44!15; LUK 1:6!9; LUK 1:69!6; LUK 1:77!8; LUK 1:78!6; LUK 20:2!8; LUK 20:46!8; LUK 20:8!10; LUK 21:34!9; LUK 22:20!15; LUK 22:28!8; LUK 23:40!14; LUK 24:19!19; LUK 24:35!12; LUK 24:4!15; LUK 3:22!25; LUK 4:14!5; LUK 4:36!16; LUK 7:23!8; LUK 8:10!16; LUK 8:15!10; LUK 8:15!21; LUK 9:26!18; LUK 9:31!3; LUK 9:49!8)|ἐξ (LUK 11:16!5; LUK 1:27!8; LUK 3:22!15)|ἐπ (LUK 19:41!8)|ἐπειδὴ (LUK 11:6!1)|ἐπεὶ (LUK 1:34!10)|ἐπὶ (LUK 12:25!7; LUK 13:17!15; LUK 15:10!11; LUK 15:7!10; LUK 15:7!15; LUK 1:14!9; LUK 1:29!3; LUK 1:47!6; LUK 20:26!12; LUK 23:48!6; LUK 2:33!10; LUK 2:47!7; LUK 3:20!4; LUK 4:22!7; LUK 4:32!3; LUK 4:43!19; LUK 5:5!12; LUK 5:9!10; LUK 9:43!12; LUK 9:43!4)|ἐστιν (LUK 2:11!7)|ἐὰν (LUK 10:6!2; LUK 12:45!1; LUK 13:3!5; LUK 13:5!5; LUK 14:34!5; LUK 15:8!7; LUK 17:3!11; LUK 17:3!3; LUK 17:4!2; LUK 19:40!7; LUK 20:6!1; LUK 22:68!1; LUK 4:7!3; LUK 5:12!27; LUK 6:33!2; LUK 6:34!2)|ἕνεκεν (LUK 18:29!22; LUK 21:12!24)|Ἐκ (LUK 19:22!3)|Ἐπειδήπερ (LUK 1:1!1)|Ἐὰν (LUK 20:5!8; LUK 22:67!12)|ἢ (LUK 11:12!1; LUK 12:11!17; LUK 12:11!20; LUK 12:14!10; LUK 12:41!12; LUK 12:47!15; LUK 13:15!18; LUK 13:4!1; LUK 14:12!10; LUK 14:3!16; LUK 14:31!1; LUK 14:5!8; LUK 16:13!16; LUK 16:13!7; LUK 17:7!8; LUK 18:11!23; LUK 18:29!14; LUK 18:29!16; LUK 18:29!18; LUK 18:29!20; LUK 20:2!13; LUK 20:22!6; LUK 20:4!7; LUK 21:15!12; LUK 22:27!6; LUK 2:24!14; LUK 5:23!10; LUK 6:9!14; LUK 6:9!18; LUK 7:19!10; LUK 7:20!20; LUK 8:16!8; LUK 9:25!12)|ἤ (LUK 17:21!5)|Ἢ (LUK 15:8!1)|ἵνα (LUK 11:33!15; LUK 11:50!1; LUK 12:36!14; LUK 14:10!10; LUK 14:23!17; LUK 14:29!1; LUK 15:29!23; LUK 16:24!12; LUK 16:28!8; LUK 16:4!4; LUK 16:9!13; LUK 18:15!7; LUK 18:5!12; LUK 19:15!21; LUK 19:4!9; LUK 1:4!1; LUK 20:10!8; LUK 20:14!16; LUK 20:20!9; LUK 22:8!12; LUK 5:24!1; LUK 6:34!16; LUK 6:7!13; LUK 8:10!18; LUK 8:12!21; LUK 8:16!16; LUK 9:12!15; LUK 9:45!12)|ὅπως (LUK 10:2!19; LUK 11:37!8; LUK 16:26!12; LUK 16:28!5; LUK 24:20!1; LUK 2:35!9; LUK 7:3!14)|ὅς (LUK 2:11!6)|ὅτι (LUK 10:13!7; LUK 10:20!13; LUK 10:20!6; LUK 10:21!21; LUK 10:21!35; LUK 11:18!14; LUK 11:31!16; LUK 11:32!14; LUK 11:42!6; LUK 11:43!5; LUK 11:44!3; LUK 11:46!9; LUK 11:47!3; LUK 11:48!11; LUK 11:52!5; LUK 12:15!11; LUK 12:17!8; LUK 12:32!6; LUK 12:40!5; LUK 13:14!6; LUK 13:2!16; LUK 13:24!7; LUK 13:31!14; LUK 13:33!11; LUK 14:11!1; LUK 14:14!4; LUK 15:24!1; LUK 15:27!19; LUK 15:32!6; LUK 15:6!16; LUK 15:9!11; LUK 16:15!19; LUK 16:24!25; LUK 16:3!9; LUK 16:8!12; LUK 16:8!9; LUK 17:9!6; LUK 18:14!12; LUK 19:11!17; LUK 19:17!7; LUK 19:3!14; LUK 19:4!12; LUK 19:43!1; LUK 1:37!1; LUK 1:45!5; LUK 1:48!1; LUK 1:49!1; LUK 1:68!7; LUK 20:19!23; LUK 21:22!1; LUK 22:22!1; LUK 23:40!13; LUK 24:29!8; LUK 2:11!1; LUK 2:30!1; LUK 4:32!7; LUK 4:36!15; LUK 4:41!23; LUK 4:43!18; LUK 4:6!16; LUK 5:8!13; LUK 6:19!8; LUK 6:20!15; LUK 6:21!11; LUK 6:21!5; LUK 6:24!6; LUK 6:25!12; LUK 6:25!6; LUK 6:35!22; LUK 7:39!26; LUK 7:47!11; LUK 8:25!18; LUK 8:30!14; LUK 8:37!14; LUK 8:42!1; LUK 9:12!27; LUK 9:38!17; LUK 9:49!17; LUK 9:53!5)|ὑπὸ (LUK 8:14!12)|ὡς (LUK 23:55!16; LUK 24:35!9; LUK 8:47!24)|ὥστε (LUK 12:1!8; LUK 20:20!13; LUK 4:29!21; LUK 5:7!20)
9.6.3,Discourse markers,11,16,159,"91.1, 91.10, 91.12, 91.13, 91.14, 91.15, 91.3, 91.5, 91.6, 91.7, 91.8",Καί (LUK 21:5!1)|Καὶ (LUK 10:25!1; LUK 10:29!10; LUK 11:1!1; LUK 11:14!1; LUK 11:5!1; LUK 13:22!1; LUK 14:1!1; LUK 17:11!1; LUK 17:5!1; LUK 18:18!1; LUK 18:26!5; LUK 19:1!1; LUK 19:28!1; LUK 19:41!1; LUK 19:45!1; LUK 19:46!4; LUK 19:47!1; LUK 1:21!1; LUK 1:46!1; LUK 1:67!1; LUK 20:1!1; LUK 20:20!1; LUK 21:25!1; LUK 21:29!1; LUK 22:14!1; LUK 22:35!1; LUK 22:39!1; LUK 22:63!1; LUK 22:66!1; LUK 23:1!1; LUK 23:26!1; LUK 23:44!1; LUK 23:50!1; LUK 23:56!7; LUK 24:13!1; LUK 24:28!1; LUK 2:15!1; LUK 2:21!1; LUK 2:22!1; LUK 2:25!1; LUK 2:36!1; LUK 2:39!1; LUK 2:41!1; LUK 2:8!1; LUK 3:23!1; LUK 4:14!1; LUK 4:16!1; LUK 4:31!1; LUK 5:12!1; LUK 5:17!1; LUK 5:27!1; LUK 6:17!1; LUK 6:20!1; LUK 6:37!1; LUK 7:11!1; LUK 7:18!1; LUK 8:1!1; LUK 8:26!1; LUK 9:10!1; LUK 9:18!1; LUK 9:57!1)|Μενοῦν (LUK 11:28!4)|Πάντως (LUK 4:23!5)|γάρ (LUK 6:43!2)|γε (LUK 11:8!15; LUK 18:5!2; LUK 24:21!13)|γὰρ (LUK 12:58!2; LUK 23:22!8)|δὴ (LUK 2:15!18)|καὶ (LUK 12:6!7; LUK 13:7!18; LUK 13:7!24; LUK 19:23!1; LUK 1:66!17; LUK 20:44!6; LUK 22:37!17; LUK 22:59!17; LUK 23:33!1; LUK 24:24!14; LUK 24:30!1; LUK 3:9!3; LUK 4:33!11; LUK 7:35!1; LUK 8:23!5)|μὲν (LUK 10:2!6; LUK 13:9!2; LUK 23:41!3; LUK 3:18!2)|οὖν (LUK 14:34!2; LUK 22:70!5; LUK 7:31!2)|Ἐγένετο (LUK 1:5!1; LUK 3:21!1; LUK 6:1!1; LUK 6:6!1; LUK 9:37!1)|ἰδοὺ (LUK 10:19!1; LUK 10:25!2; LUK 10:3!2; LUK 11:31!28; LUK 11:32!21; LUK 11:41!7; LUK 13:11!2; LUK 13:16!10; LUK 13:30!2; LUK 13:35!1; LUK 14:2!2; LUK 17:21!7; LUK 19:2!2; LUK 19:20!7; LUK 1:20!2; LUK 1:31!2; LUK 1:36!2; LUK 1:44!1; LUK 1:48!9; LUK 22:21!2; LUK 22:31!3; LUK 22:38!5; LUK 22:47!4; LUK 23:14!14; LUK 23:15!10; LUK 23:29!2; LUK 23:50!2; LUK 24:13!2; LUK 24:4!10; LUK 24:49!2; LUK 2:10!8; LUK 2:25!2; LUK 2:48!17; LUK 5:12!12; LUK 5:18!2; LUK 6:23!8; LUK 7:12!9; LUK 7:25!10; LUK 7:37!2; LUK 8:41!2; LUK 9:30!2; LUK 9:38!2; LUK 9:39!2)|ἵνα (LUK 1:43!5; LUK 22:30!1)|Ἰδοὺ (LUK 13:32!9; LUK 13:7!6; LUK 15:29!8; LUK 17:21!3; LUK 17:23!4; LUK 17:23!6; LUK 18:28!5; LUK 18:31!8; LUK 19:8!8; LUK 1:38!4; LUK 22:10!5; LUK 2:34!12; LUK 7:27!6; LUK 7:34!11)|Ὦ (LUK 24:25!6; LUK 9:41!6)
9.7,Name,188,229,575,"93.1, 93.103, 93.108b, 93.109, 93.11, 93.111, 93.112, 93.113, 93.117, 93.118, 93.12, 93.126, 93.127, 93.13, 93.134, 93.136a, 93.136b, 93.137, 93.140, 93.141, 93.142, 93.143, 93.144a, 93.144b, 93.145, 93.147, 93.152, 93.153, 93.155, 93.156, 93.157a, 93.158a, 93.158c, 93.158e, 93.160, 93.162, 93.166, 93.169a, 93.169c, 93.172, 93.173a, 93.173b, 93.173g, 93.173h, 93.180, 93.181, 93.182b, 93.187, 93.188, 93.190a, 93.190b, 93.192, 93.193, 93.196, 93.197a, 93.199, 93.19a, 93.20, 93.202b, 93.202c, 93.202h, 93.203, 93.205, 93.207a, 93.207b, 93.208, 93.215, 93.223, 93.224, 93.225b, 93.226, 93.229, 93.231a, 93.231c, 93.231d, 93.232, 93.237, 93.23b, 93.240, 93.241, 93.242, 93.244, 93.245a, 93.245b, 93.247, 93.248, 93.25, 93.252, 93.253a, 93.253b, 93.253c, 93.253d, 93.257, 93.258a, 93.258b, 93.259, 93.260a, 93.260b, 93.262, 93.266, 93.267, 93.268, 93.269, 93.27, 93.271, 93.272, 93.274, 93.277, 93.28, 93.285, 93.296, 93.297, 93.298, 93.3, 93.307, 93.312, 93.319a, 93.319b, 93.320, 93.330, 93.334, 93.336, 93.337, 93.338, 93.341a, 93.341b, 93.341d, 93.341i, 93.344, 93.345, 93.349c, 93.349e, 93.359, 93.371, 93.372, 93.374, 93.379a, 93.379b, 93.386, 93.389, 93.41, 93.413, 93.427a, 93.431, 93.432, 93.433, 93.44, 93.444a, 93.445, 93.449b, 93.450, 93.467, 93.479, 93.480a, 93.485, 93.486a, 93.488, 93.49, 93.491, 93.498, 93.4b, 93.511, 93.52, 93.536, 93.537, 93.538, 93.539, 93.544, 93.568a, 93.569, 93.574, 93.577, 93.578, 93.580, 93.585, 93.589, 93.59, 93.590, 93.598, 93.602, 93.615, 93.616, 93.62, 93.68, 93.7, 93.79, 93.81, 93.91",Αὐγούστου (LUK 2:1!11)|Βαραββᾶν (LUK 23:18!11)|Βαρθολομαῖον (LUK 6:14!18)|Βεελζεβοὺλ (LUK 11:15!7; LUK 11:18!17; LUK 11:19!5)|Βηθανίαν (LUK 19:29!8; LUK 24:50!6)|Βηθλέεμ (LUK 2:15!20; LUK 2:4!19)|Βηθσαϊδά (LUK 10:13!6; LUK 9:10!18)|Βηθφαγὴ (LUK 19:29!6)|Βόος (LUK 3:32!6)|Γαβριὴλ (LUK 1:19!9; LUK 1:26!10)|Γαλιλαίαν (LUK 2:39!13; LUK 4:14!12)|Γαλιλαίας (LUK 17:11!15; LUK 1:26!17; LUK 23:49!15; LUK 23:5!18; LUK 23:55!10; LUK 2:4!7; LUK 3:1!17; LUK 4:31!7; LUK 5:17!24; LUK 8:26!12)|Γαλιλαίους (LUK 13:2!14)|Γαλιλαίων (LUK 13:1!12)|Γαλιλαίᾳ (LUK 24:6!14)|Γαλιλαῖοι (LUK 13:2!8)|Γαλιλαῖός (LUK 22:59!19; LUK 23:6!8)|Γεννησαρὲτ (LUK 5:1!22)|Γερασηνῶν (LUK 8:26!7; LUK 8:37!10)|Δαυίδ (LUK 18:38!6; LUK 18:39!14; LUK 2:11!12; LUK 2:4!28)|Δαυὶδ (LUK 1:27!10; LUK 1:32!16; LUK 1:69!8; LUK 20:41!10; LUK 20:42!3; LUK 20:44!1; LUK 2:4!16; LUK 3:31!10; LUK 6:3!13)|Ζακχαῖε (LUK 19:5!13)|Ζακχαῖος (LUK 19:2!6; LUK 19:8!3)|Ζαχαρία (LUK 1:13!9)|Ζαχαρίαν (LUK 1:21!7; LUK 1:59!21)|Ζαχαρίας (LUK 1:12!3; LUK 1:18!3; LUK 1:5!12; LUK 1:67!2)|Ζαχαρίου (LUK 11:51!6; LUK 1:40!6; LUK 3:2!12)|Ζεβεδαίου (LUK 5:10!8)|Ζοροβαβὲλ (LUK 3:27!6)|Θάρα (LUK 3:34!8)|Θεόφιλε (LUK 1:3!11)|Θωμᾶν (LUK 6:15!4)|Καίσαρι (LUK 20:22!3; LUK 20:25!10; LUK 23:2!15)|Καίσαρος (LUK 20:24!12; LUK 20:25!9; LUK 2:1!10; LUK 3:1!8)|Καφαρναούμ (LUK 10:15!3; LUK 7:1!14)|Καφαρναοὺμ (LUK 4:23!19; LUK 4:31!4)|Καϊάφα (LUK 3:2!5)|Καϊνὰμ (LUK 3:36!2; LUK 3:37!10)|Κλεοπᾶς (LUK 24:18!5)|Κυρηνίου (LUK 2:2!8)|Κυρηναῖον (LUK 23:26!8)|Κωσὰμ (LUK 3:28!6)|Λάζαρον (LUK 16:23!17; LUK 16:24!11)|Λάζαρος (LUK 16:20!5; LUK 16:25!16)|Λάμεχ (LUK 3:36!10)|Λεγιών (LUK 8:30!13)|Λευὶ (LUK 3:24!4; LUK 3:29!10)|Λευὶν (LUK 5:27!9)|Λευὶς (LUK 5:29!5)|Λυσανίου (LUK 3:1!31)|Λώτ (LUK 17:28!7; LUK 17:32!4)|Λὼτ (LUK 17:29!5)|Μάαθ (LUK 3:26!2)|Μάρθα (LUK 10:38!15; LUK 10:40!3; LUK 10:41!7; LUK 10:41!8)|Μαγδαληνή (LUK 8:2!15)|Μαγδαληνὴ (LUK 24:10!4)|Μαθθαῖον (LUK 6:15!2)|Μαθθὰτ (LUK 3:24!2; LUK 3:29!8)|Μαθουσαλὰ (LUK 3:37!2)|Μαλελεὴλ (LUK 3:37!8)|Μαρία (LUK 24:10!5; LUK 24:10!9; LUK 2:19!3; LUK 8:2!12)|Μαρίας (LUK 1:41!8)|Μαριάμ (LUK 10:39!6; LUK 1:27!16; LUK 1:30!8; LUK 1:38!3; LUK 1:46!3)|Μαριὰμ (LUK 10:42!7; LUK 1:34!3; LUK 1:39!3; LUK 1:56!3; LUK 2:16!8; LUK 2:34!8; LUK 2:5!3)|Ματταθίου (LUK 3:25!2; LUK 3:26!4)|Ματταθὰ (LUK 3:31!6)|Μελεὰ (LUK 3:31!2)|Μελχὶ (LUK 3:24!6; LUK 3:28!2)|Μεννὰ (LUK 3:31!4)|Μωϋσέα (LUK 16:29!5)|Μωϋσέως (LUK 16:31!5; LUK 24:27!4; LUK 24:44!26; LUK 2:22!12)|Μωϋσεῖ (LUK 9:33!29)|Μωϋσῆς (LUK 20:28!3; LUK 20:37!7; LUK 5:14!21; LUK 9:30!9)|Ναΐν (LUK 7:11!10)|Ναασσὼν (LUK 3:32!10)|Ναγγαὶ (LUK 3:25!10)|Ναζαρά (LUK 4:16!4)|Ναζαρέθ (LUK 2:39!17)|Ναζαρηνέ (LUK 4:34!7)|Ναζαρηνοῦ (LUK 24:19!13)|Ναζαρὲθ (LUK 1:26!20; LUK 2:4!10; LUK 2:51!8)|Ναζωραῖος (LUK 18:37!7)|Ναθὰμ (LUK 3:31!8)|Ναιμὰν (LUK 4:27!18)|Ναοὺμ (LUK 3:25!6)|Ναχὼρ (LUK 3:34!10)|Νηρὶ (LUK 3:27!10)|Νινευίταις (LUK 11:30!6)|Νινευῖται (LUK 11:32!2)|Νῶε (LUK 17:26!7; LUK 17:27!9; LUK 3:36!8)|Πέτρε (LUK 22:34!6)|Πέτρον (LUK 22:8!3; LUK 6:14!5; LUK 8:51!14; LUK 9:28!12)|Πέτρος (LUK 12:41!4; LUK 18:28!4; LUK 22:54!14; LUK 22:55!12; LUK 22:58!15; LUK 22:60!4; LUK 22:61!11; LUK 24:12!3; LUK 5:8!4; LUK 8:45!14; LUK 9:20!10; LUK 9:32!3; LUK 9:33!11)|Πέτρῳ (LUK 22:61!7)|Πιλάτου (LUK 3:1!11)|Πιλάτῳ (LUK 23:11!19; LUK 23:52!4)|Πιλᾶτον (LUK 23:1!11)|Πιλᾶτος (LUK 13:1!16; LUK 23:12!9; LUK 23:13!1; LUK 23:20!4; LUK 23:24!2; LUK 23:3!3; LUK 23:4!3; LUK 23:6!1)|Ποντίου (LUK 3:1!10)|Σάρεπτα (LUK 4:26!10)|Σίμων (LUK 22:31!1; LUK 22:31!2; LUK 5:5!3; LUK 5:8!3; LUK 7:40!8; LUK 7:43!2)|Σίμωνά (LUK 23:26!6)|Σίμωνα (LUK 5:10!18; LUK 5:4!8; LUK 6:14!1; LUK 6:15!9)|Σίμωνι (LUK 24:34!9; LUK 5:10!13; LUK 7:44!7)|Σίμωνος (LUK 4:38!10; LUK 4:38!14; LUK 5:3!9)|Σαλαθιὴλ (LUK 3:27!8)|Σαλὰ (LUK 3:32!8; LUK 3:35!10)|Σαμαρίτης (LUK 10:33!1; LUK 17:16!14)|Σαμαρείας (LUK 17:11!13)|Σαμαριτῶν (LUK 9:52!12)|Σατανᾶν (LUK 10:18!6)|Σατανᾶς (LUK 11:18!5; LUK 13:16!9; LUK 22:3!3; LUK 22:31!5)|Σεμεῒν (LUK 3:26!6)|Σεροὺχ (LUK 3:35!2)|Σιδωνίας (LUK 4:26!12)|Σιδῶνι (LUK 10:13!12; LUK 10:14!4)|Σιδῶνος (LUK 6:17!30)|Σιλωὰμ (LUK 13:4!12)|Σοδόμοις (LUK 10:12!4)|Σοδόμων (LUK 17:29!7)|Σολομὼν (LUK 12:27!14)|Σολομῶνος (LUK 11:31!26; LUK 11:31!30)|Σουσάννα (LUK 8:3!8)|Συμεών (LUK 2:25!9)|Συμεὼν (LUK 2:34!4; LUK 3:30!2)|Συρίας (LUK 2:2!7)|Σύρος (LUK 4:27!20)|Σὴθ (LUK 3:38!4)|Σὴμ (LUK 3:36!6)|Τιβερίου (LUK 3:1!7)|Τραχωνίτιδος (LUK 3:1!28)|Τύρου (LUK 6:17!28)|Τύρῳ (LUK 10:13!10; LUK 10:14!2)|Φάλεκ (LUK 3:35!6)|Φίλιππον (LUK 6:14!16)|Φανουήλ (LUK 2:36!6)|Φαρὲς (LUK 3:33!10)|Φιλίππου (LUK 3:1!19)|Χοραζίν (LUK 10:13!3)|Χουζᾶ (LUK 8:3!4)|Ἀαρών (LUK 1:5!22)|Ἀβιά (LUK 1:5!15)|Ἀβιληνῆς (LUK 3:1!33)|Ἀβραάμ (LUK 16:22!15; LUK 16:24!6; LUK 16:25!3; LUK 16:29!3; LUK 16:30!6; LUK 19:9!18; LUK 3:8!16; LUK 3:8!31)|Ἀβραὰμ (LUK 13:16!4; LUK 13:28!12; LUK 16:23!13; LUK 1:55!8; LUK 1:73!5; LUK 20:37!17; LUK 3:34!6)|Ἀδδὶ (LUK 3:28!4)|Ἀδμὶν (LUK 3:33!4)|Ἀδὰμ (LUK 3:38!6)|Ἀμιναδὰβ (LUK 3:33!2)|Ἀμὼς (LUK 3:25!4)|Ἀνδρέαν (LUK 6:14!7)|Ἀρνὶ (LUK 3:33!6)|Ἀρφαξὰδ (LUK 3:36!4)|Ἀσήρ (LUK 2:36!9)|Ἁλφαίου (LUK 6:15!7)|Ἁριμαθαίας (LUK 23:51!12)|Ἅβελ (LUK 11:51!3)|Ἅννα (LUK 2:36!3; LUK 3:2!3)|Ἐλαιῶν (LUK 19:29!14; LUK 19:37!11; LUK 21:37!19; LUK 22:39!11)|Ἐλιέζερ (LUK 3:29!4)|Ἐλιακὶμ (LUK 3:30!10)|Ἐλισάβετ (LUK 1:13!19; LUK 1:24!7; LUK 1:36!3; LUK 1:40!10; LUK 1:41!10; LUK 1:41!23; LUK 1:5!27; LUK 1:57!3; LUK 1:7!9)|Ἐλισαίου (LUK 4:27!9)|Ἐλμαδὰμ (LUK 3:28!8)|Ἐμμαοῦς (LUK 24:13!21)|Ἐνὼς (LUK 3:38!2)|Ἑνὼχ (LUK 3:37!4)|Ἑσλὶ (LUK 3:25!8)|Ἑσρὼμ (LUK 3:33!8)|Ἔβερ (LUK 3:35!8)|Ἠλίαν (LUK 9:19!10)|Ἠλίας (LUK 4:26!6; LUK 9:30!11; LUK 9:8!5)|Ἠλίου (LUK 1:17!10; LUK 4:25!12)|Ἠλίᾳ (LUK 9:33!32)|Ἠλὶ (LUK 3:23!15)|Ἠσαΐου (LUK 3:4!6; LUK 4:17!7)|Ἡρῳδιάδος (LUK 3:19!10)|Ἡρῴδην (LUK 23:7!12)|Ἡρῴδης (LUK 13:31!15; LUK 23:11!6; LUK 23:12!6; LUK 23:15!3; LUK 23:8!3; LUK 3:19!23; LUK 3:19!3; LUK 9:7!3; LUK 9:9!4)|Ἡρῴδου (LUK 1:5!5; LUK 23:7!7; LUK 3:1!18; LUK 8:3!6)|Ἢρ (LUK 3:28!10)|Ἰάκωβον (LUK 5:10!4; LUK 6:14!12; LUK 6:15!6; LUK 8:51!18; LUK 9:28!16)|Ἰάκωβος (LUK 9:54!5)|Ἰάρετ (LUK 3:37!6)|Ἰάϊρος (LUK 8:41!7)|Ἰακώβ (LUK 20:37!23)|Ἰακώβου (LUK 24:10!11; LUK 6:16!3)|Ἰακὼβ (LUK 13:28!16; LUK 1:33!6; LUK 3:34!2)|Ἰανναὶ (LUK 3:24!8)|Ἰεριχώ (LUK 19:1!5)|Ἰεριχὼ (LUK 10:30!12; LUK 18:35!8)|Ἰερουσαλήμ (LUK 13:33!17; LUK 13:34!2; LUK 13:4!27; LUK 18:31!11; LUK 21:20!7; LUK 23:28!9; LUK 24:13!18; LUK 24:33!8; LUK 24:47!17; LUK 2:38!17; LUK 2:43!14; LUK 5:17!28; LUK 9:31!13; LUK 9:51!19; LUK 9:53!12)|Ἰερουσαλὴμ (LUK 10:30!10; LUK 13:34!1; LUK 17:11!7; LUK 19:11!12; LUK 21:24!12; LUK 24:18!12; LUK 24:52!7; LUK 2:25!6; LUK 2:41!9; LUK 2:45!6; LUK 4:9!5; LUK 6:17!24)|Ἰεσσαὶ (LUK 3:32!2)|Ἰησοῦ (LUK 10:39!14; LUK 17:13!6; LUK 18:38!4; LUK 22:47!18; LUK 23:26!19; LUK 23:42!3; LUK 23:52!9; LUK 24:19!11; LUK 3:21!10; LUK 3:29!2; LUK 4:34!6; LUK 5:19!27; LUK 5:8!8; LUK 6:11!13; LUK 7:3!5; LUK 8:28!16; LUK 8:35!28; LUK 8:41!20)|Ἰησοῦν (LUK 10:29!9; LUK 19:3!5; LUK 19:35!17; LUK 19:35!6; LUK 1:31!14; LUK 23:20!9; LUK 23:25!15; LUK 23:8!6; LUK 2:27!17; LUK 5:12!19; LUK 7:4!6; LUK 8:28!4; LUK 8:35!10; LUK 8:40!6; LUK 9:33!14)|Ἰησοῦς (LUK 10:30!4; LUK 10:37!14; LUK 13:12!5; LUK 13:14!11; LUK 14:3!4; LUK 17:17!4; LUK 18:16!3; LUK 18:19!5; LUK 18:22!4; LUK 18:24!5; LUK 18:37!5; LUK 18:40!4; LUK 18:42!3; LUK 19:5!9; LUK 19:9!6; LUK 20:34!5; LUK 20:8!3; LUK 22:48!1; LUK 22:51!4; LUK 22:52!3; LUK 23:28!6; LUK 23:34!3; LUK 23:46!6; LUK 24:15!11; LUK 2:21!14; LUK 2:43!10; LUK 2:52!2; LUK 3:23!4; LUK 4:1!1; LUK 4:12!6; LUK 4:14!4; LUK 4:35!5; LUK 4:4!6; LUK 4:8!4; LUK 5:10!20; LUK 5:22!4; LUK 5:31!4; LUK 6:3!7; LUK 6:9!4; LUK 7:40!4; LUK 7:6!3; LUK 7:9!5; LUK 8:30!5; LUK 8:39!24; LUK 8:45!4; LUK 8:46!3; LUK 8:50!3; LUK 9:36!8; LUK 9:41!4; LUK 9:42!14; LUK 9:47!3; LUK 9:50!6; LUK 9:58!5; LUK 9:62!4)|Ἰορδάνου (LUK 3:3!7; LUK 4:1!9)|Ἰουδαίαν (LUK 2:4!13)|Ἰουδαίας (LUK 1:5!8; LUK 1:65!15; LUK 23:5!13; LUK 3:1!13; LUK 4:44!8; LUK 5:17!26; LUK 6:17!22)|Ἰουδαίων (LUK 23:3!12; LUK 23:37!9; LUK 23:38!10; LUK 23:51!15; LUK 7:3!11)|Ἰουδαίᾳ (LUK 21:21!5; LUK 7:17!9)|Ἰούδα (LUK 1:39!16; LUK 22:48!5; LUK 3:30!4; LUK 3:33!12)|Ἰούδαν (LUK 22:3!5; LUK 6:16!2; LUK 6:16!5)|Ἰούδας (LUK 22:47!9)|Ἰσαὰκ (LUK 13:28!14; LUK 20:37!20; LUK 3:34!4)|Ἰσκαριώτην (LUK 22:3!8)|Ἰσκαριὼθ (LUK 6:16!6)|Ἰσραήλ (LUK 1:68!6; LUK 1:80!19; LUK 22:30!22; LUK 24:21!11; LUK 2:25!20; LUK 2:32!9; LUK 4:25!15)|Ἰσραὴλ (LUK 1:16!5; LUK 1:54!2; LUK 2:34!22; LUK 4:27!7; LUK 7:9!20)|Ἰτουραίας (LUK 3:1!26)|Ἰωάννα (LUK 24:10!7; LUK 8:3!2)|Ἰωάννην (LUK 1:13!28; LUK 20:6!14; LUK 22:8!5; LUK 3:2!10; LUK 3:20!9; LUK 5:10!6; LUK 6:14!14; LUK 8:51!16; LUK 9:19!5; LUK 9:28!14; LUK 9:9!5)|Ἰωάννης (LUK 11:1!26; LUK 1:60!10; LUK 1:63!6; LUK 3:16!5; LUK 7:18!18; LUK 7:20!8; LUK 7:33!3; LUK 9:49!3; LUK 9:54!7; LUK 9:7!17)|Ἰωάννου (LUK 16:16!7; LUK 20:4!3; LUK 3:15!14; LUK 5:33!8; LUK 7:24!12; LUK 7:24!5; LUK 7:28!7; LUK 7:29!15)|Ἰωάννῃ (LUK 7:18!3; LUK 7:22!7)|Ἰωανὰν (LUK 3:27!2)|Ἰωβὴλ (LUK 3:32!4)|Ἰωδὰ (LUK 3:26!10)|Ἰωνὰμ (LUK 3:30!8)|Ἰωνᾶ (LUK 11:29!24; LUK 11:32!19; LUK 11:32!23)|Ἰωνᾶς (LUK 11:30!4)|Ἰωρὶμ (LUK 3:29!6)|Ἰωσὴφ (LUK 1:27!7; LUK 23:50!5; LUK 2:16!11; LUK 2:4!4; LUK 3:23!13; LUK 3:24!10; LUK 3:30!6; LUK 4:22!23)|Ἰωσὴχ (LUK 3:26!8)|Ἱεροσολύμοις (LUK 23:7!17)|Ἱεροσόλυμα (LUK 13:22!12; LUK 19:28!8; LUK 2:22!16)|Ῥαγαὺ (LUK 3:35!4)|Ῥησὰ (LUK 3:27!4)
