Greek_Word	Ln_Decimal_Code	Total_Unique_References	Refs
Αἱ	92.24	1	LUK 9:58!6
Αἶρε	20.65	1	LUK 23:18!5
Αὐγούστου	93.52	1	LUK 2:1!11
Βαραββᾶν	93.59	1	LUK 23:18!11
Βαρθολομαῖον	93.62	1	LUK 6:14!18
Βεελζεβοὺλ	93.68	3	LUK 11:15!7; LUK 11:18!17; LUK 11:19!5
Βηθανίαν	93.427a	2	LUK 19:29!8; LUK 24:50!6
Βηθλέεμ	93.431	2	LUK 2:15!20; LUK 2:4!19
Βηθσαϊδά	93.432	2	LUK 10:13!6; LUK 9:10!18
Βηθφαγὴ	93.433	1	LUK 19:29!6
Βλέπεις	24.7	1	LUK 7:44!9
Βλέπετε	27.58	1	LUK 21:8!4
Βόος	93.79	1	LUK 3:32!6
Γέγραπται	33.54	3	LUK 19:46!3; LUK 4:4!7; LUK 4:8!7
Γαβριὴλ	93.81	2	LUK 1:19!9; LUK 1:26!10
Γαλιλαίαν	93.444a	2	LUK 2:39!13; LUK 4:14!12
Γαλιλαίας	93.444a	10	LUK 17:11!15; LUK 1:26!17; LUK 23:49!15; LUK 23:5!18; LUK 23:55!10; LUK 2:4!7; LUK 3:1!17; LUK 4:31!7; LUK 5:17!24; LUK 8:26!12
Γαλιλαίους	93.445	1	LUK 13:2!14
Γαλιλαίων	93.445	1	LUK 13:1!12
Γαλιλαίᾳ	93.444a	1	LUK 24:6!14
Γαλιλαῖοι	93.445	1	LUK 13:2!8
Γαλιλαῖός	93.445	2	LUK 22:59!19; LUK 23:6!8
Γεννήματα	23.53	1	LUK 3:7!9
Γεννήματα	58.26	1	LUK 3:7!9
Γεννησαρὲτ	93.449b	1	LUK 5:1!22
Γενομένης	13.107	1	LUK 4:42!1
Γερασηνῶν	93.450	2	LUK 8:26!7; LUK 8:37!10
Γυναῖκα	10.54	1	LUK 14:20!4
Γύναι	9.34	1	LUK 13:12!10
Δέξαι	18.1	2	LUK 16:6!11; LUK 16:7!16
Δαιμόνιον	12.37	1	LUK 7:33!14
Δαυίδ	93.91	4	LUK 18:38!6; LUK 18:39!14; LUK 2:11!12; LUK 2:4!28
Δαυὶδ	2.26	1	LUK 2:4!16
Δαυὶδ	93.91	9	LUK 1:27!10; LUK 1:32!16; LUK 1:69!8; LUK 20:41!10; LUK 20:42!3; LUK 20:44!1; LUK 2:4!16; LUK 3:31!10; LUK 6:3!13
Δείξατέ	28.47	1	LUK 20:24!1
Δεῖ	71.34	1	LUK 9:22!3
Διέλθωμεν	15.17	1	LUK 2:15!17
Διέλθωμεν	15.31	1	LUK 8:22!20
Διδάσκαλε	33.243	12	LUK 10:25!9; LUK 11:45!8; LUK 12:13!8; LUK 18:18!7; LUK 19:39!11; LUK 20:21!5; LUK 20:28!2; LUK 20:39!7; LUK 21:7!5; LUK 3:12!10; LUK 7:40!15; LUK 9:38!9
Δοκεῖτε	31.29	1	LUK 13:2!5
Δοῦλοι	87.76	1	LUK 17:10!12
Δόξα	87.4	1	LUK 2:14!1
Δότε	57.71	1	LUK 9:13!5
Δύνοντος	15.113	1	LUK 4:40!1
Δὸς	13.142	1	LUK 14:9!10
Εἰ	89.65	6	LUK 16:31!4; LUK 17:6!5; LUK 19:42!3; LUK 23:37!3; LUK 4:3!6; LUK 4:9!16
Εἰ	90.26	1	LUK 22:67!2
Εἰπὸν	33.69	1	LUK 20:2!6
Εἰρήνη	22.42	1	LUK 10:5!9
Εἰσῆλθεν	15.93	1	LUK 22:3!1
Εἰσῆλθεν	68.7	1	LUK 9:46!1
Εἴ	89.65	2	LUK 14:26!1; LUK 9:23!5
Εἴδομεν	24.1	1	LUK 5:26!14
Εἴρηται	33.69	1	LUK 4:12!8
Εἶπαν	33.69	1	LUK 18:26!1
Εἶπεν	33.69	12	LUK 12:13!1; LUK 12:22!1; LUK 12:41!1; LUK 15:11!1; LUK 17:1!1; LUK 17:22!1; LUK 18:28!1; LUK 18:9!1; LUK 20:41!1; LUK 20:42!8; LUK 24:44!1; LUK 6:39!1
Εἷς	60.10	1	LUK 23:39!1
Εὐθέως	67.53	1	LUK 17:7!17
Εὐκοπώτερον	22.39	1	LUK 16:17!1
Εὐλογημένη	88.69	1	LUK 1:42!7
Εὐλογημένος	33.470	2	LUK 13:35!18; LUK 19:38!2
Εὐλογητὸς	33.362	1	LUK 1:68!1
Εὖγε	65.23	1	LUK 19:17!4
Ζακχαῖε	93.134	1	LUK 19:5!13
Ζακχαῖος	93.134	2	LUK 19:2!6; LUK 19:8!3
Ζαχαρία	93.136a	1	LUK 1:13!9
Ζαχαρίαν	93.136a	2	LUK 1:21!7; LUK 1:59!21
Ζαχαρίας	93.136a	4	LUK 1:12!3; LUK 1:18!3; LUK 1:5!12; LUK 1:67!2
Ζαχαρίου	93.136a	2	LUK 1:40!6; LUK 3:2!12
Ζαχαρίου	93.136b	1	LUK 11:51!6
Ζεβεδαίου	93.137	1	LUK 5:10!8
Ζεύγη	60.79	1	LUK 14:19!4
Ζηλωτὴν	11.88	1	LUK 6:15!12
Ζοροβαβὲλ	93.140	1	LUK 3:27!6
Ηὐλήσαμεν	6.87	1	LUK 7:32!13
Θάρα	93.152	1	LUK 3:34!8
Θέλω	30.58	1	LUK 5:13!8
Θέσθε	24.64	1	LUK 9:44!1
Θέσθε	29.5	1	LUK 9:44!1
Θεόφιλε	93.153	1	LUK 1:3!11
Θυγάτηρ	9.47	1	LUK 8:48!5
Θυγατέρες	11.65	1	LUK 23:28!8
Θωμᾶν	93.155	1	LUK 6:15!4
Κάθου	17.12	1	LUK 20:42!13
Καί	91.1	1	LUK 21:5!1
Καίσαρι	37.74	1	LUK 23:2!15
Καίσαρι	93.208	3	LUK 20:22!3; LUK 20:25!10; LUK 23:2!15
Καίσαρος	37.74	2	LUK 2:1!10; LUK 3:1!8
Καίσαρος	93.208	4	LUK 20:24!12; LUK 20:25!9; LUK 2:1!10; LUK 3:1!8
Καλύψατε	79.114	1	LUK 23:30!12
Καλὸν	65.22	1	LUK 14:34!1
Κατακλίνατε	17.24	1	LUK 9:14!12
Καφαρναούμ	93.498	2	LUK 10:15!3; LUK 7:1!14
Καφαρναοὺμ	93.498	2	LUK 4:23!19; LUK 4:31!4
Καϊάφα	93.205	1	LUK 3:2!5
Καϊνὰμ	93.207a	1	LUK 3:36!2
Καϊνὰμ	93.207b	1	LUK 3:37!10
Καύσων	14.67	1	LUK 12:55!7
Καὶ	89.87	8	LUK 10:23!1; LUK 13:20!1; LUK 19:29!1; LUK 1:59!1; LUK 20:34!1; LUK 3:10!1; LUK 4:5!1; LUK 5:29!1
Καὶ	89.92	3	LUK 19:19!5; LUK 2:52!1; LUK 6:32!1
Καὶ	89.93	4	LUK 11:46!4; LUK 22:56!14; LUK 22:58!8; LUK 4:43!7
Καὶ	91.1	58	LUK 10:25!1; LUK 11:1!1; LUK 11:14!1; LUK 11:5!1; LUK 13:22!1; LUK 14:1!1; LUK 17:11!1; LUK 17:5!1; LUK 18:18!1; LUK 19:1!1; LUK 19:28!1; LUK 19:41!1; LUK 19:45!1; LUK 19:47!1; LUK 1:21!1; LUK 1:46!1; LUK 1:67!1; LUK 20:1!1; LUK 20:20!1; LUK 21:25!1; LUK 21:29!1; LUK 22:14!1; LUK 22:35!1; LUK 22:39!1; LUK 22:63!1; LUK 22:66!1; LUK 23:1!1; LUK 23:26!1; LUK 23:44!1; LUK 23:50!1; LUK 23:56!7; LUK 24:13!1; LUK 24:28!1; LUK 2:15!1; LUK 2:21!1; LUK 2:22!1; LUK 2:25!1; LUK 2:36!1; LUK 2:39!1; LUK 2:41!1; LUK 2:8!1; LUK 3:23!1; LUK 4:14!1; LUK 4:16!1; LUK 4:31!1; LUK 5:12!1; LUK 5:17!1; LUK 5:27!1; LUK 6:17!1; LUK 6:20!1; LUK 6:37!1; LUK 7:11!1; LUK 7:18!1; LUK 8:1!1; LUK 8:26!1; LUK 9:10!1; LUK 9:18!1; LUK 9:57!1
Καὶ	91.12	3	LUK 10:29!10; LUK 18:26!5; LUK 19:46!4
Κλεοπᾶς	93.215	1	LUK 24:18!5
Κρανίον	8.11	1	LUK 23:33!9
Κριτής	56.28	1	LUK 18:2!2
Κυρηνίου	93.223	1	LUK 2:2!8
Κυρηναῖον	93.511	1	LUK 23:26!8
Κωσὰμ	93.224	1	LUK 3:28!6
Κύριε	12.9	13	LUK 10:17!9; LUK 10:40!11; LUK 11:1!20; LUK 12:41!5; LUK 13:23!5; LUK 18:41!8; LUK 22:33!5; LUK 22:38!4; LUK 22:49!9; LUK 5:12!26; LUK 6:46!5; LUK 7:6!22; LUK 9:54!9
Κύριε	57.12	5	LUK 13:8!6; LUK 14:22!5; LUK 19:16!6; LUK 19:20!6; LUK 19:25!4
Κύριε	87.53	4	LUK 13:25!20; LUK 5:12!26; LUK 7:6!22; LUK 9:59!10
Κύριον	12.9	1	LUK 4:8!8
Κύριός	37.51	1	LUK 6:5!4
Κἀγὼ	89.92	1	LUK 11:9!1
Κἀγὼ	92.1	1	LUK 11:9!1
Κἀκεῖθεν	84.10	1	LUK 11:53!1
Λάβετε	18.1	1	LUK 22:17!6
Λάζαρον	93.225b	2	LUK 16:23!17; LUK 16:24!11
Λάζαρος	93.225b	2	LUK 16:20!5; LUK 16:25!16
Λάμεχ	93.226	1	LUK 3:36!10
Λέγει	33.69	1	LUK 22:11!7
Λέγω	33.69	5	LUK 12:4!1; LUK 12:8!1; LUK 19:40!4; LUK 22:34!4; LUK 7:9!15
Λίθον	2.24	1	LUK 20:17!12
Λεγιών	93.229	1	LUK 8:30!13
Λευίτης	53.91	1	LUK 10:32!4
Λευὶ	93.231c	1	LUK 3:24!4
Λευὶ	93.231d	1	LUK 3:29!10
Λευὶν	93.231a	1	LUK 5:27!9
Λευὶς	93.231a	1	LUK 5:29!5
Λευὶς	93.232	1	LUK 5:29!5
Λυσανίου	93.237	1	LUK 3:1!31
Λώτ	93.240	2	LUK 17:28!7; LUK 17:32!4
Λὼτ	93.240	1	LUK 17:29!5
Μάαθ	93.241	1	LUK 3:26!2
Μάρθα	93.252	4	LUK 10:38!15; LUK 10:40!3; LUK 10:41!7; LUK 10:41!8
Μή	69.3	1	LUK 11:7!5
Μήτηρ	10.16	1	LUK 8:21!7
Μήτι	69.16	1	LUK 6:39!6
Μαγδαληνή	93.242	1	LUK 8:2!15
Μαγδαληνὴ	93.242	1	LUK 24:10!4
Μαθθαῖον	93.244	1	LUK 6:15!2
Μαθθὰτ	93.245a	1	LUK 3:24!2
Μαθθὰτ	93.245b	1	LUK 3:29!8
Μαθουσαλὰ	93.247	1	LUK 3:37!2
Μακάριαι	25.119	1	LUK 23:29!8
Μακάριοί	25.119	1	LUK 6:22!1
Μακάριοι	25.119	2	LUK 10:23!9; LUK 6:20!12
Μακάριος	25.119	1	LUK 14:15!9
Μακαρία	25.119	1	LUK 11:27!17
Μαλελεὴλ	93.248	1	LUK 3:37!8
Μαρία	93.253a	1	LUK 2:19!3
Μαρία	93.253c	2	LUK 24:10!5; LUK 8:2!12
Μαρία	93.253d	1	LUK 24:10!9
Μαρίας	93.253a	1	LUK 1:41!8
Μαριάμ	93.253a	4	LUK 1:27!16; LUK 1:30!8; LUK 1:38!3; LUK 1:46!3
Μαριάμ	93.253b	1	LUK 10:39!6
Μαριὰμ	93.253a	6	LUK 1:34!3; LUK 1:39!3; LUK 1:56!3; LUK 2:16!8; LUK 2:34!8; LUK 2:5!3
Μαριὰμ	93.253b	1	LUK 10:42!7
Ματταθίου	93.258a	1	LUK 3:25!2
Ματταθίου	93.258b	1	LUK 3:26!4
Ματταθὰ	93.257	1	LUK 3:31!6
Μεγαλύνει	33.358	1	LUK 1:46!4
Μελεὰ	93.259	1	LUK 3:31!2
Μελχὶ	93.260a	1	LUK 3:24!6
Μελχὶ	93.260b	1	LUK 3:28!2
Μεννὰ	93.262	1	LUK 3:31!4
Μενοῦν	89.128	1	LUK 11:28!4
Μενοῦν	89.50	1	LUK 11:28!4
Μενοῦν	91.8	1	LUK 11:28!4
Μετανοῶ	41.52	1	LUK 17:4!15
Μετὰ	67.48	2	LUK 10:1!1; LUK 1:24!1
Μεῖνον	85.55	1	LUK 24:29!5
Μηδένα	92.23	1	LUK 3:14!14
Μηδὲν	92.23	2	LUK 3:13!6; LUK 9:3!5
Μωϋσέα	93.266	1	LUK 16:29!5
Μωϋσέως	93.266	4	LUK 16:31!5; LUK 24:27!4; LUK 24:44!26; LUK 2:22!12
Μωϋσεῖ	93.266	1	LUK 9:33!29
Μωϋσῆς	93.266	4	LUK 20:28!3; LUK 20:37!7; LUK 5:14!21; LUK 9:30!9
Μὴ	69.3	15	LUK 12:32!1; LUK 18:20!10; LUK 18:20!4; LUK 18:20!6; LUK 18:20!8; LUK 1:13!7; LUK 1:30!6; LUK 20:16!15; LUK 2:10!6; LUK 5:10!21; LUK 5:34!6; LUK 7:13!12; LUK 8:50!7; LUK 8:52!10; LUK 9:50!7
Ναΐν	93.539	1	LUK 7:11!10
Ναασσὼν	93.267	1	LUK 3:32!10
Ναγγαὶ	93.268	1	LUK 3:25!10
Ναζαρά	93.536	1	LUK 4:16!4
Ναζαρέθ	93.536	1	LUK 2:39!17
Ναζαρηνέ	93.537	1	LUK 4:34!7
Ναζαρηνοῦ	93.537	1	LUK 24:19!13
Ναζαρὲθ	93.536	3	LUK 1:26!20; LUK 2:4!10; LUK 2:51!8
Ναζωραῖος	93.538	1	LUK 18:37!7
Ναθὰμ	93.269	1	LUK 3:31!8
Ναιμὰν	93.271	1	LUK 4:27!18
Ναοὺμ	93.272	1	LUK 3:25!6
Ναχὼρ	93.274	1	LUK 3:34!10
Νεανίσκε	9.32	1	LUK 7:14!12
Νηρὶ	93.277	1	LUK 3:27!10
Νινευίταις	93.544	1	LUK 11:30!6
Νινευῖται	93.544	1	LUK 11:32!2
Νῦν	67.38	1	LUK 11:39!7
Νῦν	67.39	1	LUK 2:29!1
Νῶε	93.285	3	LUK 17:26!7; LUK 17:27!9; LUK 3:36!8
Οἱ	92.24	4	LUK 20:34!6; LUK 22:25!5; LUK 5:33!1; LUK 5:33!6
Οὐ	69.3	3	LUK 19:14!13; LUK 5:31!8; LUK 6:43!1
Οὐαί	22.9	1	LUK 10:13!1
Οὐαὶ	22.9	1	LUK 6:26!1
Οὐδείς	92.23	1	LUK 1:61!6
Οὐδεὶς	92.23	4	LUK 11:33!1; LUK 5:36!8; LUK 8:16!1; LUK 9:62!5
Οὐδὲ	69.7	1	LUK 20:8!6
Οὐδὲ	69.8	2	LUK 23:40!8; LUK 6:3!8
Οὐδὲν	92.23	1	LUK 23:4!11
Οὐθενός	92.23	1	LUK 22:35!19
Οὐκ	69.3	7	LUK 13:25!27; LUK 13:27!5; LUK 17:20!16; LUK 22:57!5; LUK 4:12!9; LUK 4:4!9; LUK 9:13!12
Οὐχί	69.4	2	LUK 16:30!4; LUK 1:60!7
Οὐχὶ	69.12	3	LUK 23:39!9; LUK 24:32!5; LUK 4:22!20
Οὕτως	61.9	1	LUK 1:25!2
Οὗτοι	92.29	1	LUK 24:44!5
Οὗτος	92.29	3	LUK 14:30!3; LUK 15:2!11; LUK 7:39!12
Οὗτός	92.29	2	LUK 20:14!10; LUK 9:35!8
Πάντων	59.23	1	LUK 9:43!9
Πάντως	71.16	1	LUK 4:23!5
Πάντως	91.10	1	LUK 4:23!5
Πάσχα	51.6	1	LUK 22:1!9
Πάτερ	10.14	3	LUK 15:12!8; LUK 15:18!10; LUK 15:21!6
Πάτερ	10.20	1	LUK 16:24!5
Πάτερ	12.12	4	LUK 11:2!7; LUK 22:42!2; LUK 23:34!5; LUK 23:46!8
Πέσετε	15.118	1	LUK 23:30!6
Πέτρε	93.296	1	LUK 22:34!6
Πέτρον	93.296	4	LUK 22:8!3; LUK 6:14!5; LUK 8:51!14; LUK 9:28!12
Πέτρος	93.296	13	LUK 12:41!4; LUK 18:28!4; LUK 22:54!14; LUK 22:55!12; LUK 22:58!15; LUK 22:60!4; LUK 22:61!11; LUK 24:12!3; LUK 5:8!4; LUK 8:45!14; LUK 9:20!10; LUK 9:32!3; LUK 9:33!11
Πέτρῳ	93.296	1	LUK 22:61!7
Παραλαβὼν	15.180	1	LUK 18:31!1
Παρεγένετο	15.86	1	LUK 8:19!1
Παρὰ	89.111	1	LUK 19:7!7
Παρῆσαν	85.23	1	LUK 13:1!1
Πατέρα	10.20	1	LUK 3:8!13
Πιλάτου	93.297	1	LUK 3:1!11
Πιλάτῳ	93.297	2	LUK 23:11!19; LUK 23:52!4
Πιλᾶτον	93.297	1	LUK 23:1!11
Πιλᾶτος	93.297	8	LUK 13:1!16; LUK 23:12!9; LUK 23:13!1; LUK 23:20!4; LUK 23:24!2; LUK 23:3!3; LUK 23:4!3; LUK 23:6!1
Πνεῦμα	12.18	2	LUK 1:35!7; LUK 4:18!1
Ποίησον	42.7	1	LUK 7:8!28
Πολλὰ	59.1	1	LUK 3:18!1
Ποντίου	93.298	1	LUK 3:1!10
Πορευθέντες	15.34	4	LUK 13:32!4; LUK 17:14!5; LUK 22:8!7; LUK 7:22!5
Πορεύθητι	15.34	1	LUK 7:8!16
Πορεύου	15.34	1	LUK 10:37!15
Ποῖα	92.36	1	LUK 24:19!4
Ποῦ	83.6	4	LUK 17:37!5; LUK 22:11!11; LUK 22:9!5; LUK 8:25!4
Πραγματεύσασθε	57.197	1	LUK 19:13!14
Προσέφερον	15.172	1	LUK 18:15!1
Προσέχετε	27.59	3	LUK 12:1!18; LUK 20:46!1; LUK 21:34!1
Προσδοκῶντος	30.55	1	LUK 3:15!1
Προσελθόντες	15.77	1	LUK 20:27!1
Προσεύχεσθε	33.178	1	LUK 22:40!8
Προσηνέγκατέ	15.172	1	LUK 23:14!4
Προφήτευσον	33.459	1	LUK 22:64!6
Προφήτης	53.79	1	LUK 7:16!11
Πρόσθες	59.72	1	LUK 17:5!7
Πρὶν	67.17	1	LUK 22:61!20
Πρὸ	67.17	1	LUK 21:12!1
Πόσοι	59.5	1	LUK 15:17!6
Πόσον	59.17	1	LUK 16:5!13
Πᾶν	59.23	1	LUK 2:23!7
Πᾶς	59.23	1	LUK 16:18!1
Πᾶσα	59.23	1	LUK 11:17!9
Πῦρ	39.15	1	LUK 12:49!1
Πῶς	92.16	3	LUK 18:24!7; LUK 1:34!7; LUK 20:41!5
Σάρεπτα	93.574	1	LUK 4:26!10
Σήμερον	67.205	2	LUK 19:9!8; LUK 4:21!7
Σίμων	93.341a	4	LUK 22:31!1; LUK 22:31!2; LUK 5:5!3; LUK 5:8!3
Σίμων	93.341i	2	LUK 7:40!8; LUK 7:43!2
Σίμωνά	93.341d	1	LUK 23:26!6
Σίμωνα	93.341a	3	LUK 5:10!18; LUK 5:4!8; LUK 6:14!1
Σίμωνα	93.341b	1	LUK 6:15!9
Σίμωνι	93.341a	2	LUK 24:34!9; LUK 5:10!13
Σίμωνι	93.341i	1	LUK 7:44!7
Σίμωνος	93.341a	3	LUK 4:38!10; LUK 4:38!14; LUK 5:3!9
Σαδδουκαίων	11.48	1	LUK 20:27!5
Σαλαθιὴλ	93.320	1	LUK 3:27!8
Σαλὰ	93.319a	1	LUK 3:32!8
Σαλὰ	93.319b	1	LUK 3:35!10
Σαμαρίτης	93.569	2	LUK 10:33!1; LUK 17:16!14
Σαμαρείας	93.568a	1	LUK 17:11!13
Σαμαριτῶν	93.569	1	LUK 9:52!12
Σατανᾶν	12.34	1	LUK 10:18!6
Σατανᾶν	93.330	1	LUK 10:18!6
Σατανᾶς	12.34	4	LUK 11:18!5; LUK 13:16!9; LUK 22:3!3; LUK 22:31!5
Σατανᾶς	93.330	4	LUK 11:18!5; LUK 13:16!9; LUK 22:3!3; LUK 22:31!5
Σεμεῒν	93.334	1	LUK 3:26!6
Σεροὺχ	93.336	1	LUK 3:35!2
Σιδωνίας	93.578	1	LUK 4:26!12
Σιδῶνι	93.577	2	LUK 10:13!12; LUK 10:14!4
Σιδῶνος	93.577	1	LUK 6:17!30
Σιλωὰμ	93.580	1	LUK 13:4!12
Σοδόμοις	93.585	1	LUK 10:12!4
Σοδόμων	93.585	1	LUK 17:29!7
Σολομὼν	93.344	1	LUK 12:27!14
Σολομῶνος	93.344	2	LUK 11:31!26; LUK 11:31!30
Σουσάννα	93.345	1	LUK 8:3!8
Σοὶ	92.6	2	LUK 4:6!6; LUK 5:24!19
Σταύρου	20.76	1	LUK 23:21!5
Συγκαλεσάμενος	33.309	1	LUK 9:1!1
Συγχάρητέ	25.126	2	LUK 15:6!14; LUK 15:9!9
Συκῆν	3.5	1	LUK 13:6!6
Συλλαβόντες	37.109	1	LUK 22:54!1
Συμεών	93.349c	1	LUK 2:25!9
Συμεὼν	93.349c	1	LUK 2:34!4
Συμεὼν	93.349e	1	LUK 3:30!2
Συνεπορεύοντο	15.148	1	LUK 14:25!1
Συνιόντος	15.123	1	LUK 8:4!1
Συρίας	93.589	1	LUK 2:2!7
Σύρος	93.590	1	LUK 4:27!20
Σὴθ	93.337	1	LUK 3:38!4
Σὴμ	93.338	1	LUK 3:36!6
Σὺ	92.6	9	LUK 16:7!4; LUK 22:70!4; LUK 23:3!18; LUK 23:3!7; LUK 24:18!9; LUK 3:22!18; LUK 4:41!11; LUK 7:19!6; LUK 7:20!16
Τέθνηκεν	23.99	1	LUK 8:49!11
Τέκνον	10.28	1	LUK 16:25!4
Τέκνον	10.36	2	LUK 15:31!5; LUK 2:48!12
Τί	92.14	12	LUK 12:17!6; LUK 16:2!6; LUK 16:3!7; LUK 18:41!1; LUK 1:66!11; LUK 20:13!7; LUK 20:17!6; LUK 22:71!4; LUK 3:10!7; LUK 3:14!7; LUK 7:24!13; LUK 8:30!6
Τί	92.15	11	LUK 12:57!1; LUK 18:19!6; LUK 19:33!12; LUK 22:46!4; LUK 23:22!7; LUK 24:38!4; LUK 24:5!15; LUK 2:49!5; LUK 5:22!12; LUK 6:2!6; LUK 6:46!1
Τίμα	87.8	1	LUK 18:20!12
Τίνα	92.14	1	LUK 9:18!18
Τίνες	92.14	1	LUK 24:17!5
Τίνι	92.14	3	LUK 13:18!3; LUK 13:20!4; LUK 7:31!1
Τίνος	92.14	1	LUK 14:5!5
Τίς	92.14	9	LUK 11:5!5; LUK 12:42!5; LUK 15:4!1; LUK 17:7!1; LUK 4:36!11; LUK 5:21!10; LUK 7:49!8; LUK 8:25!14; LUK 8:45!5
Ταχὺ	67.110	1	LUK 15:22!9
Ταῦτα	92.29	3	LUK 18:21!4; LUK 21:6!1; LUK 24:36!1
Τιβερίου	93.359	1	LUK 3:1!7
Τοίνυν	89.51	1	LUK 20:25!6
Τοῖς	92.24	1	LUK 4:10!4
Τοῦτο	92.29	3	LUK 12:18!3; LUK 12:39!1; LUK 22:20!9
Τοῦτον	92.29	1	LUK 23:2!6
Τοῦτό	92.29	1	LUK 22:19!10
Τραχωνίτιδος	93.598	1	LUK 3:1!28
Τύρου	93.602	1	LUK 6:17!28
Τύρῳ	93.602	2	LUK 10:13!10; LUK 10:14!2
Τὰ	92.24	2	LUK 18:27!4; LUK 24:19!9
Τὸ	92.24	3	LUK 1:80!1; LUK 20:4!1; LUK 2:40!1
Τὸν	92.24	1	LUK 9:20!14
Τῇ	92.24	1	LUK 1:57!1
Τῶν	92.24	1	LUK 11:29!1
Υἱὲ	10.30	1	LUK 18:39!13
Φάλεκ	93.371	1	LUK 3:35!6
Φίλε	34.11	2	LUK 11:5!18; LUK 14:10!18
Φίλιππον	93.379a	1	LUK 6:14!16
Φανουήλ	93.372	1	LUK 2:36!6
Φαρισαίοις	11.49	2	LUK 11:42!5; LUK 11:43!4
Φαρισαίου	11.49	2	LUK 7:36!17; LUK 7:37!18
Φαρισαίους	11.49	1	LUK 14:3!10
Φαρισαίων	11.49	7	LUK 12:1!27; LUK 14:1!13; LUK 17:20!5; LUK 19:39!4; LUK 5:33!18; LUK 6:2!4; LUK 7:36!6
Φαρισαῖοι	11.49	10	LUK 11:39!10; LUK 11:53!9; LUK 13:31!7; LUK 15:2!5; LUK 16:14!6; LUK 5:17!14; LUK 5:21!8; LUK 5:30!4; LUK 6:7!7; LUK 7:30!3
Φαρισαῖος	11.49	5	LUK 11:37!7; LUK 11:38!3; LUK 18:10!10; LUK 18:11!2; LUK 7:39!4
Φαρὲς	93.374	1	LUK 3:33!10
Φιλίππου	93.379b	1	LUK 3:1!19
Φιμώθητι	33.123	1	LUK 4:35!7
Φωνὴ	33.103	1	LUK 3:4!9
Χαῖρε	33.22	1	LUK 1:28!6
Χοραζίν	93.615	1	LUK 10:13!3
Χουζᾶ	93.386	1	LUK 8:3!4
Χρονίζει	67.82	1	LUK 12:45!11
Ψυχή	26.4	1	LUK 12:19!6
αἰνεῖν	33.354	1	LUK 19:37!19
αἰνούντων	33.354	1	LUK 2:13!10
αἰνοῦντες	33.354	1	LUK 2:20!7
αἰσχύνης	25.189	1	LUK 14:9!17
αἰσχύνομαι	25.190	1	LUK 16:3!22
αἰτήσας	33.163	1	LUK 1:63!2
αἰτήσει	33.163	2	LUK 11:11!7; LUK 11:12!3
αἰτήσουσιν	33.163	1	LUK 12:48!25
αἰτίαν	89.15	1	LUK 8:47!15
αἰτεῖτε	33.163	1	LUK 11:9!4
αἰτούμενοι	33.163	1	LUK 23:23!6
αἰτοῦντί	33.163	1	LUK 6:30!2
αἰτοῦσιν	33.163	1	LUK 11:13!24
αἰτῶν	33.163	1	LUK 11:10!4
αἰφνίδιος	67.113	1	LUK 21:34!20
αἰχμαλωτισθήσονται	55.24	1	LUK 21:24!6
αἰχμαλώτοις	55.25	1	LUK 4:18!14
αἰωνίους	67.96	1	LUK 16:9!20
αἰώνιον	67.96	3	LUK 10:25!13; LUK 18:18!12; LUK 18:30!17
αἰῶνα	67.95	1	LUK 1:55!15
αἰῶνας	67.95	1	LUK 1:33!9
αἰῶνι	67.143	1	LUK 18:30!13
αἰῶνος	11.16	2	LUK 16:8!16; LUK 20:34!9
αἰῶνος	67.143	1	LUK 20:35!5
αἰῶνος	67.25	1	LUK 1:70!8
αἱ	92.24	24	LUK 10:13!14; LUK 10:13!16; LUK 12:35!3; LUK 12:7!3; LUK 1:23!5; LUK 1:48!17; LUK 21:26!11; LUK 21:34!7; LUK 23:23!11; LUK 23:29!12; LUK 23:29!9; LUK 23:49!10; LUK 23:55!3; LUK 24:10!13; LUK 24:24!15; LUK 2:22!4; LUK 2:6!9; LUK 3:5!17; LUK 5:20!10; LUK 5:23!7; LUK 7:47!6; LUK 7:47!9; LUK 7:48!6; LUK 8:7!10
αἳ	92.27	3	LUK 23:27!10; LUK 23:29!14; LUK 8:2!4
αἴρει	15.203	2	LUK 11:22!11; LUK 8:12!14
αἴρεις	57.218	1	LUK 19:21!8
αἴρετε	15.203	1	LUK 9:3!6
αἴροντος	15.203	1	LUK 6:30!8
αἴροντός	15.203	1	LUK 6:29!14
αἴρων	57.218	1	LUK 19:22!17
αἴσθωνται	32.28	1	LUK 9:45!14
αἴτημα	33.164	1	LUK 23:24!6
αἴτιον	88.315	1	LUK 23:4!13
αἴτιον	89.15	2	LUK 23:14!25; LUK 23:22!13
αἵματί	23.112	1	LUK 22:20!17
αἵματος	23.182	2	LUK 8:43!6; LUK 8:44!15
αἵματος	8.64	3	LUK 11:51!2; LUK 11:51!5; LUK 22:44!14
αἵτινες	92.18	2	LUK 23:55!5; LUK 8:3!12
αἶνον	33.354	1	LUK 18:43!16
αἷμα	23.112	1	LUK 11:50!4
αἷμα	8.64	1	LUK 13:1!15
αἷς	92.27	4	LUK 13:14!20; LUK 1:25!8; LUK 21:6!7; LUK 23:29!6
αὐλήν	7.6	1	LUK 11:21!8
αὐλῆς	7.6	1	LUK 22:55!7
αὐξάνει	23.188	1	LUK 12:27!5
αὐστηρός	88.138	1	LUK 19:22!15
αὐστηρὸς	88.138	1	LUK 19:21!6
αὐτά	92.11	4	LUK 14:19!11; LUK 17:31!20; LUK 18:16!16; LUK 5:7!22
αὐτάς	92.11	1	LUK 24:5!14
αὐτήν	92.11	20	LUK 11:32!13; LUK 13:18!13; LUK 13:34!12; LUK 13:7!22; LUK 13:9!12; LUK 17:33!15; LUK 17:33!9; LUK 18:17!18; LUK 18:5!11; LUK 19:41!9; LUK 1:57!9; LUK 20:31!5; LUK 21:21!24; LUK 2:6!13; LUK 4:39!10; LUK 4:6!24; LUK 6:48!34; LUK 8:52!6; LUK 9:24!10; LUK 9:24!22
αὐταῖς	92.11	5	LUK 13:14!24; LUK 24:10!16; LUK 24:11!12; LUK 24:4!14; LUK 8:3!18
αὐτούς	92.11	46	LUK 10:2!4; LUK 11:31!15; LUK 11:47!14; LUK 11:5!4; LUK 12:15!4; LUK 12:24!19; LUK 13:23!14; LUK 13:4!15; LUK 14:25!10; LUK 14:7!14; LUK 18:31!7; LUK 19:13!13; LUK 19:33!11; LUK 1:65!8; LUK 20:23!8; LUK 20:25!5; LUK 20:3!5; LUK 20:41!4; LUK 22:15!4; LUK 22:47!14; LUK 23:14!3; LUK 23:22!6; LUK 24:17!4; LUK 24:25!5; LUK 24:44!4; LUK 24:50!13; LUK 2:18!13; LUK 2:20!19; LUK 2:46!21; LUK 2:49!4; LUK 2:9!10; LUK 3:13!5; LUK 4:23!4; LUK 4:40!24; LUK 5:22!11; LUK 5:31!7; LUK 5:34!5; LUK 6:47!13; LUK 6:9!6; LUK 8:21!6; LUK 8:22!19; LUK 9:13!4; LUK 9:3!4; LUK 9:34!9; LUK 9:5!22; LUK 9:54!19
αὐτοὶ	92.11	15	LUK 11:19!17; LUK 13:4!18; LUK 14:1!18; LUK 14:12!30; LUK 16:28!11; LUK 17:13!2; LUK 18:34!2; LUK 22:23!2; LUK 22:71!9; LUK 24:14!2; LUK 24:35!2; LUK 24:52!2; LUK 2:50!2; LUK 6:11!1; LUK 9:36!11
αὐτοὶ	92.37	4	LUK 11:4!9; LUK 11:46!16; LUK 11:48!12; LUK 11:52!11
αὐτοὺς	92.11	40	LUK 10:1!13; LUK 10:38!5; LUK 11:48!15; LUK 11:49!11; LUK 12:16!5; LUK 12:37!18; LUK 14:5!3; LUK 15:3!4; LUK 16:30!14; LUK 17:14!15; LUK 18:1!10; LUK 19:11!16; LUK 19:27!12; LUK 19:27!17; LUK 20:19!25; LUK 22:45!12; LUK 22:70!14; LUK 24:15!6; LUK 24:50!3; LUK 24:51!7; LUK 2:27!20; LUK 2:34!3; LUK 2:43!8; LUK 2:6!6; LUK 4:21!5; LUK 4:31!11; LUK 4:40!12; LUK 4:43!5; LUK 5:36!6; LUK 6:10!4; LUK 6:3!4; LUK 6:32!17; LUK 9:10!11; LUK 9:11!9; LUK 9:14!13; LUK 9:16!15; LUK 9:18!16; LUK 9:2!3; LUK 9:33!6; LUK 9:34!15
αὐτοῖς	92.11	88	LUK 10:18!3; LUK 10:9!9; LUK 11:17!8; LUK 11:2!3; LUK 12:37!22; LUK 13:2!4; LUK 13:32!3; LUK 15:12!19; LUK 15:2!16; LUK 15:6!13; LUK 16:15!3; LUK 16:28!7; LUK 17:14!4; LUK 17:20!13; LUK 17:37!10; LUK 18:1!4; LUK 18:15!15; LUK 18:29!4; LUK 18:7!21; LUK 19:13!7; LUK 19:32!8; LUK 19:46!2; LUK 1:22!19; LUK 1:22!6; LUK 1:7!4; LUK 20:15!11; LUK 20:17!4; LUK 20:34!3; LUK 20:8!5; LUK 21:10!3; LUK 21:29!4; LUK 21:4!7; LUK 22:10!4; LUK 22:13!6; LUK 22:19!8; LUK 22:24!6; LUK 22:25!4; LUK 22:35!3; LUK 22:36!3; LUK 22:38!12; LUK 22:4!10; LUK 22:40!7; LUK 22:46!3; LUK 22:6!11; LUK 22:67!11; LUK 23:34!7; LUK 24:15!14; LUK 24:19!3; LUK 24:27!11; LUK 24:29!22; LUK 24:30!16; LUK 24:33!17; LUK 24:35!11; LUK 24:38!3; LUK 24:40!5; LUK 24:41!11; LUK 2:10!3; LUK 2:17!9; LUK 2:50!9; LUK 2:51!12; LUK 2:7!19; LUK 2:9!5; LUK 3:11!4; LUK 3:14!13; LUK 4:39!15; LUK 5:14!24; LUK 5:7!12; LUK 6:31!10; LUK 6:39!5; LUK 6:5!3; LUK 7:22!4; LUK 7:6!6; LUK 8:25!3; LUK 8:3!14; LUK 8:31!7; LUK 8:32!16; LUK 8:32!22; LUK 8:36!3; LUK 8:56!9; LUK 9:1!6; LUK 9:11!11; LUK 9:13!6; LUK 9:17!10; LUK 9:20!3; LUK 9:21!4; LUK 9:46!5; LUK 9:48!3; LUK 9:55!4
αὐτοῦ	83.3	1	LUK 9:27!8
αὐτοῦ	92.11	251	LUK 10:1!19; LUK 10:2!25; LUK 10:34!24; LUK 10:34!6; LUK 10:35!14; LUK 10:37!9; LUK 10:39!18; LUK 10:7!19; LUK 11:1!17; LUK 11:1!30; LUK 11:16!9; LUK 11:18!13; LUK 11:21!14; LUK 11:22!10; LUK 11:22!18; LUK 11:22!4; LUK 11:53!3; LUK 11:54!8; LUK 11:8!13; LUK 11:8!18; LUK 12:1!16; LUK 12:15!19; LUK 12:22!6; LUK 12:25!10; LUK 12:27!19; LUK 12:31!5; LUK 12:39!20; LUK 12:42!20; LUK 12:43!9; LUK 12:44!9; LUK 12:45!10; LUK 12:46!24; LUK 12:47!11; LUK 12:47!20; LUK 12:48!19; LUK 12:58!17; LUK 13:15!17; LUK 13:17!22; LUK 13:17!4; LUK 13:19!27; LUK 13:6!13; LUK 14:17!5; LUK 14:2!8; LUK 14:21!17; LUK 14:21!8; LUK 14:29!4; LUK 14:32!5; LUK 14:8!18; LUK 15:1!12; LUK 15:13!20; LUK 15:14!3; LUK 15:15!16; LUK 15:20!10; LUK 15:20!17; LUK 15:20!26; LUK 15:22!23; LUK 15:22!8; LUK 15:25!5; LUK 15:28!10; LUK 15:5!7; LUK 16:1!22; LUK 16:18!6; LUK 16:20!10; LUK 16:21!20; LUK 16:23!21; LUK 16:23!8; LUK 16:24!18; LUK 17:1!6; LUK 17:12!3; LUK 17:16!8; LUK 17:2!10; LUK 17:24!25; LUK 17:31!13; LUK 17:33!6; LUK 18:13!19; LUK 18:14!9; LUK 18:40!12; LUK 18:7!11; LUK 19:14!11; LUK 19:14!4; LUK 19:24!7; LUK 19:31!14; LUK 19:33!9; LUK 19:34!7; LUK 19:36!3; LUK 19:37!3; LUK 19:48!12; LUK 1:13!27; LUK 1:14!12; LUK 1:15!22; LUK 1:17!5; LUK 1:23!14; LUK 1:23!9; LUK 1:24!10; LUK 1:31!13; LUK 1:32!19; LUK 1:33!13; LUK 1:48!8; LUK 1:49!11; LUK 1:50!4; LUK 1:51!5; LUK 1:54!4; LUK 1:55!12; LUK 1:58!14; LUK 1:59!20; LUK 1:60!5; LUK 1:62!5; LUK 1:63!9; LUK 1:64!10; LUK 1:64!5; LUK 1:66!23; LUK 1:67!5; LUK 1:68!14; LUK 1:69!10; LUK 1:70!10; LUK 1:72!11; LUK 1:75!6; LUK 1:76!14; LUK 1:77!7; LUK 1:8!12; LUK 1:80!16; LUK 20:1!8; LUK 20:20!11; LUK 20:26!15; LUK 20:28!20; LUK 20:28!28; LUK 20:44!8; LUK 21:38!12; LUK 22:36!20; LUK 22:44!11; LUK 22:47!2; LUK 22:50!15; LUK 22:59!15; LUK 22:60!14; LUK 22:71!15; LUK 23:10!10; LUK 23:11!10; LUK 23:14!29; LUK 23:2!4; LUK 23:34!17; LUK 23:55!20; LUK 23:8!21; LUK 23:8!28; LUK 24:23!6; LUK 24:26!12; LUK 24:47!6; LUK 24:50!11; LUK 24:8!5; LUK 2:21!13; LUK 2:27!27; LUK 2:33!14; LUK 2:33!5; LUK 2:34!11; LUK 2:38!12; LUK 2:41!5; LUK 2:43!20; LUK 2:47!13; LUK 2:47!6; LUK 2:48!11; LUK 2:51!16; LUK 3:1!23; LUK 3:16!25; LUK 3:17!11; LUK 3:17!19; LUK 3:17!7; LUK 3:19!15; LUK 3:19!8; LUK 3:4!22; LUK 3:7!8; LUK 4:10!6; LUK 4:13!9; LUK 4:14!21; LUK 4:22!17; LUK 4:24!14; LUK 4:32!13; LUK 4:32!6; LUK 4:35!11; LUK 4:35!22; LUK 4:37!5; LUK 4:42!17; LUK 5:12!24; LUK 5:13!16; LUK 5:13!6; LUK 5:15!7; LUK 5:18!18; LUK 5:25!14; LUK 5:29!10; LUK 5:30!12; LUK 6:1!13; LUK 6:10!18; LUK 6:13!8; LUK 6:14!10; LUK 6:17!13; LUK 6:18!4; LUK 6:19!11; LUK 6:19!7; LUK 6:20!10; LUK 6:20!6; LUK 6:3!20; LUK 6:4!19; LUK 6:40!14; LUK 6:45!30; LUK 6:6!20; LUK 6:7!16; LUK 7:1!6; LUK 7:11!16; LUK 7:12!16; LUK 7:15!13; LUK 7:16!23; LUK 7:17!11; LUK 7:18!16; LUK 7:18!6; LUK 7:28!19; LUK 7:3!19; LUK 7:30!17; LUK 7:36!10; LUK 7:38!15; LUK 7:38!27; LUK 7:38!7; LUK 7:39!25; LUK 7:6!9; LUK 8:18!22; LUK 8:19!10; LUK 8:22!15; LUK 8:38!3; LUK 8:41!27; LUK 8:44!8; LUK 8:47!17; LUK 8:49!2; LUK 8:5!8; LUK 8:53!3; LUK 8:9!6; LUK 9:14!11; LUK 9:23!17; LUK 9:24!17; LUK 9:24!7; LUK 9:26!21; LUK 9:29!11; LUK 9:29!16; LUK 9:31!8; LUK 9:32!16; LUK 9:33!8; LUK 9:34!3; LUK 9:35!15; LUK 9:39!18; LUK 9:42!28; LUK 9:42!4; LUK 9:43!20; LUK 9:51!10; LUK 9:52!6; LUK 9:53!8
αὐτό	92.11	8	LUK 14:35!11; LUK 15:4!28; LUK 1:62!11; LUK 2:40!14; LUK 8:5!28; LUK 8:7!13; LUK 9:40!8; LUK 9:45!15
αὐτόν	92.11	66	LUK 10:26!5; LUK 11:1!19; LUK 11:13!25; LUK 11:22!7; LUK 11:39!6; LUK 12:44!11; LUK 12:48!26; LUK 14:1!21; LUK 14:12!6; LUK 14:18!18; LUK 14:31!27; LUK 15:20!29; LUK 15:22!16; LUK 15:28!13; LUK 16:14!11; LUK 18:33!4; LUK 18:40!14; LUK 18:40!9; LUK 19:14!6; LUK 19:39!10; LUK 19:4!11; LUK 19:5!12; LUK 1:12!9; LUK 1:21!16; LUK 1:50!11; LUK 20:14!15; LUK 20:18!15; LUK 20:2!5; LUK 22:2!11; LUK 22:4!12; LUK 22:43!8; LUK 22:47!20; LUK 22:51!14; LUK 22:57!7; LUK 22:65!7; LUK 23:21!7; LUK 23:26!4; LUK 23:27!14; LUK 23:39!7; LUK 24:16!9; LUK 24:18!8; LUK 24:20!16; LUK 24:31!8; LUK 2:21!8; LUK 2:25!26; LUK 2:45!8; LUK 3:12!9; LUK 3:22!12; LUK 4:29!23; LUK 4:35!25; LUK 4:40!14; LUK 4:42!13; LUK 5:17!36; LUK 5:33!5; LUK 7:40!7; LUK 7:42!12; LUK 7:9!7; LUK 8:29!15; LUK 8:30!19; LUK 8:40!15; LUK 8:42!20; LUK 9:39!20; LUK 9:39!5; LUK 9:53!4; LUK 9:57!10; LUK 9:9!19
αὐτόπται	24.46	1	LUK 1:2!7
αὐτός	92.11	1	LUK 24:21!5
αὐτός	92.37	1	LUK 24:39!12
αὐτὰ	58.31	3	LUK 17:30!3; LUK 6:23!19; LUK 6:26!11
αὐτὰ	92.11	3	LUK 10:21!30; LUK 18:16!5; LUK 4:41!21
αὐτὰς	92.11	2	LUK 23:28!4; LUK 24:4!6
αὐτὴ	92.11	4	LUK 1:36!8; LUK 2:37!2; LUK 7:12!18; LUK 8:42!10
αὐτὴν	92.11	9	LUK 13:12!3; LUK 13:8!17; LUK 13:8!8; LUK 16:16!18; LUK 1:28!4; LUK 1:61!4; LUK 20:33!15; LUK 6:48!29; LUK 7:13!3
αὐτὸ	58.31	1	LUK 6:33!15
αὐτὸ	92.11	6	LUK 19:23!16; LUK 1:59!14; LUK 22:16!8; LUK 23:53!4; LUK 2:28!4; LUK 9:47!13
αὐτὸν	92.11	142	LUK 10:25!7; LUK 10:30!19; LUK 10:31!13; LUK 10:33!7; LUK 10:34!13; LUK 10:34!19; LUK 10:38!17; LUK 10:6!9; LUK 11:1!6; LUK 11:27!6; LUK 11:37!6; LUK 11:5!13; LUK 11:53!14; LUK 11:54!2; LUK 12:46!20; LUK 14:1!6; LUK 14:4!7; LUK 14:5!17; LUK 14:9!6; LUK 15:15!12; LUK 15:20!14; LUK 15:27!21; LUK 16:2!3; LUK 16:22!8; LUK 16:27!9; LUK 17:25!4; LUK 18:18!4; LUK 18:24!3; LUK 18:3!11; LUK 18:35!6; LUK 18:40!6; LUK 19:11!13; LUK 19:15!6; LUK 19:30!21; LUK 19:35!3; LUK 19:46!13; LUK 19:47!17; LUK 19:6!6; LUK 19:9!4; LUK 1:13!4; LUK 1:8!6; LUK 20:10!20; LUK 20:14!3; LUK 20:15!3; LUK 20:19!10; LUK 20:20!15; LUK 20:21!3; LUK 20:27!12; LUK 20:40!5; LUK 20:44!3; LUK 20:9!15; LUK 21:38!7; LUK 21:7!3; LUK 22:49!5; LUK 22:52!8; LUK 22:54!3; LUK 22:56!3; LUK 22:58!6; LUK 22:6!8; LUK 22:63!6; LUK 22:64!3; LUK 22:66!16; LUK 23:1!8; LUK 23:11!17; LUK 23:11!3; LUK 23:15!6; LUK 23:16!3; LUK 23:22!20; LUK 23:23!7; LUK 23:3!5; LUK 23:33!12; LUK 23:53!8; LUK 23:7!10; LUK 23:7!15; LUK 23:8!16; LUK 23:9!3; LUK 24:20!4; LUK 24:23!15; LUK 24:24!18; LUK 24:29!3; LUK 24:30!6; LUK 24:51!6; LUK 24:52!4; LUK 2:21!23; LUK 2:22!14; LUK 2:4!23; LUK 2:44!13; LUK 2:44!3; LUK 2:46!7; LUK 2:48!3; LUK 2:48!8; LUK 2:7!10; LUK 2:7!13; LUK 3:10!3; LUK 3:14!3; LUK 4:29!10; LUK 4:29!4; LUK 4:35!14; LUK 4:38!21; LUK 4:4!4; LUK 4:41!27; LUK 4:42!20; LUK 4:5!3; LUK 4:9!3; LUK 5:12!6; LUK 5:18!13; LUK 5:19!18; LUK 5:19!6; LUK 5:3!11; LUK 5:9!4; LUK 6:1!6; LUK 6:12!8; LUK 6:6!7; LUK 7:15!10; LUK 7:20!4; LUK 7:3!13; LUK 7:3!8; LUK 7:36!4; LUK 7:39!7; LUK 7:4!8; LUK 8:16!6; LUK 8:19!4; LUK 8:24!4; LUK 8:30!3; LUK 8:31!3; LUK 8:32!13; LUK 8:37!3; LUK 8:38!16; LUK 8:4!11; LUK 8:40!8; LUK 8:41!22; LUK 8:42!16; LUK 8:5!13; LUK 8:9!3; LUK 9:18!6; LUK 9:29!6; LUK 9:39!11; LUK 9:42!25; LUK 9:42!6; LUK 9:45!19; LUK 9:49!16; LUK 9:50!4
αὐτὸς	92.11	37	LUK 10:38!6; LUK 11:17!1; LUK 11:28!1; LUK 15:14!13; LUK 16:24!2; LUK 17:11!9; LUK 18:39!8; LUK 19:2!12; LUK 19:2!8; LUK 19:9!16; LUK 1:17!2; LUK 1:22!16; LUK 20:42!1; LUK 22:41!2; LUK 23:9!7; LUK 24:25!2; LUK 24:28!9; LUK 24:31!10; LUK 2:28!2; LUK 3:15!16; LUK 3:16!26; LUK 4:15!2; LUK 4:30!1; LUK 5:1!16; LUK 5:14!2; LUK 5:16!1; LUK 5:17!8; LUK 5:37!20; LUK 6:20!2; LUK 6:3!16; LUK 6:35!23; LUK 6:8!1; LUK 8:1!7; LUK 8:22!8; LUK 8:37!18; LUK 8:54!1; LUK 9:51!12
αὐτὸς	92.37	8	LUK 10:1!27; LUK 17:16!12; LUK 22:41!2; LUK 24:15!10; LUK 24:36!5; LUK 3:23!2; LUK 6:42!17; LUK 7:5!9
αὐτῆς	92.11	28	LUK 10:10!15; LUK 10:42!16; LUK 12:53!21; LUK 1:18!23; LUK 1:36!13; LUK 1:38!17; LUK 1:41!17; LUK 1:5!26; LUK 1:56!14; LUK 1:58!16; LUK 1:58!8; LUK 21:20!14; LUK 21:21!14; LUK 21:4!17; LUK 2:19!13; LUK 2:36!23; LUK 2:51!25; LUK 2:7!5; LUK 4:38!23; LUK 4:39!4; LUK 7:35!9; LUK 7:38!21; LUK 7:44!35; LUK 7:47!8; LUK 8:44!16; LUK 8:54!6; LUK 8:55!5; LUK 8:56!5
αὐτῆς	92.37	1	LUK 2:35!4
αὐτῇ	58.31	4	LUK 12:12!8; LUK 13:31!2; LUK 2:38!2; LUK 2:8!8
αὐτῇ	92.11	26	LUK 10:21!2; LUK 10:40!25; LUK 10:41!4; LUK 10:7!2; LUK 10:9!5; LUK 11:29!19; LUK 13:12!9; LUK 13:13!3; LUK 13:6!19; LUK 1:30!5; LUK 1:35!6; LUK 1:36!19; LUK 1:45!10; LUK 1:56!5; LUK 1:58!19; LUK 20:19!14; LUK 23:12!11; LUK 24:13!7; LUK 24:18!19; LUK 24:33!3; LUK 7:12!28; LUK 7:13!11; LUK 7:13!8; LUK 7:48!3; LUK 8:48!4; LUK 8:55!11
αὐτῶν	92.11	96	LUK 10:7!12; LUK 11:15!4; LUK 11:17!4; LUK 11:49!17; LUK 12:6!10; LUK 13:1!21; LUK 15:12!5; LUK 15:4!11; LUK 16:29!10; LUK 17:15!4; LUK 18:15!8; LUK 18:34!13; LUK 18:8!7; LUK 19:11!3; LUK 19:33!3; LUK 19:35!9; LUK 1:16!11; LUK 1:20!26; LUK 1:51!10; LUK 1:66!9; LUK 1:7!17; LUK 1:77!11; LUK 20:23!3; LUK 20:33!8; LUK 21:1!11; LUK 21:12!10; LUK 21:8!24; LUK 22:23!12; LUK 22:24!9; LUK 22:25!10; LUK 22:25!14; LUK 22:41!5; LUK 22:50!6; LUK 22:55!14; LUK 22:58!11; LUK 22:66!20; LUK 23:1!6; LUK 23:23!13; LUK 23:24!7; LUK 23:25!19; LUK 23:51!10; LUK 24:11!4; LUK 24:13!5; LUK 24:16!4; LUK 24:30!8; LUK 24:31!1; LUK 24:31!14; LUK 24:36!3; LUK 24:36!9; LUK 24:41!4; LUK 24:43!4; LUK 24:45!3; LUK 24:5!4; LUK 24:51!10; LUK 2:15!6; LUK 2:22!8; LUK 2:42!7; LUK 2:46!18; LUK 2:51!4; LUK 2:8!18; LUK 3:15!11; LUK 4:15!7; LUK 4:2!17; LUK 4:26!4; LUK 4:27!14; LUK 4:29!20; LUK 4:30!6; LUK 4:40!19; LUK 4:42!25; LUK 4:6!15; LUK 5:15!18; LUK 5:2!13; LUK 5:20!5; LUK 5:22!7; LUK 5:25!5; LUK 5:29!21; LUK 5:30!8; LUK 5:34!17; LUK 5:35!8; LUK 5:6!12; LUK 6:13!12; LUK 6:17!4; LUK 6:18!10; LUK 6:23!26; LUK 6:26!18; LUK 6:8!6; LUK 7:42!3; LUK 7:42!9; LUK 8:12!20; LUK 8:23!3; LUK 8:37!13; LUK 9:37!7; LUK 9:45!11; LUK 9:46!11; LUK 9:47!9; LUK 9:57!3
αὐτῷ	58.31	1	LUK 23:40!16
αὐτῷ	92.11	151	LUK 10:28!3; LUK 10:37!12; LUK 11:11!15; LUK 11:12!6; LUK 11:27!16; LUK 11:37!11; LUK 11:45!7; LUK 11:5!17; LUK 11:6!14; LUK 11:8!21; LUK 11:8!7; LUK 12:10!12; LUK 12:13!7; LUK 12:14!4; LUK 12:15!24; LUK 12:20!3; LUK 12:36!20; LUK 12:8!20; LUK 13:1!5; LUK 13:1!9; LUK 13:15!3; LUK 13:17!9; LUK 13:23!4; LUK 13:31!9; LUK 13:8!5; LUK 14:15!8; LUK 14:16!4; LUK 14:18!10; LUK 14:25!3; LUK 14:29!14; LUK 15:1!3; LUK 15:16!17; LUK 15:18!9; LUK 15:21!5; LUK 15:27!4; LUK 15:30!16; LUK 15:31!4; LUK 16:1!17; LUK 16:2!5; LUK 16:31!3; LUK 16:6!10; LUK 16:7!15; LUK 17:16!10; LUK 17:19!3; LUK 17:2!2; LUK 17:3!14; LUK 17:3!9; LUK 17:37!4; LUK 17:4!17; LUK 17:7!16; LUK 17:8!4; LUK 18:15!3; LUK 18:19!3; LUK 18:22!6; LUK 18:37!3; LUK 18:39!5; LUK 18:42!5; LUK 18:43!6; LUK 18:7!14; LUK 19:15!13; LUK 19:17!3; LUK 19:22!2; LUK 19:25!3; LUK 1:11!3; LUK 1:19!6; LUK 1:32!10; LUK 1:5!18; LUK 1:74!7; LUK 20:10!15; LUK 20:38!10; LUK 20:5!17; LUK 22:10!18; LUK 22:14!11; LUK 22:33!4; LUK 22:39!14; LUK 22:43!3; LUK 22:48!4; LUK 22:5!5; LUK 22:56!12; LUK 22:56!17; LUK 22:61!18; LUK 22:63!8; LUK 22:9!4; LUK 23:15!16; LUK 23:22!17; LUK 23:26!13; LUK 23:27!3; LUK 23:3!16; LUK 23:32!8; LUK 23:36!10; LUK 23:36!3; LUK 23:38!6; LUK 23:40!6; LUK 23:43!3; LUK 23:49!12; LUK 23:49!6; LUK 23:55!11; LUK 23:9!11; LUK 24:19!8; LUK 24:42!4; LUK 2:26!3; LUK 2:5!6; LUK 4:12!4; LUK 4:16!13; LUK 4:17!3; LUK 4:20!18; LUK 4:22!4; LUK 4:3!3; LUK 4:35!3; LUK 4:5!5; LUK 4:6!3; LUK 4:8!14; LUK 4:8!6; LUK 4:9!15; LUK 5:1!8; LUK 5:11!11; LUK 5:14!4; LUK 5:27!16; LUK 5:28!6; LUK 5:29!6; LUK 5:9!9; LUK 6:10!6; LUK 7:11!13; LUK 7:2!11; LUK 7:43!13; LUK 7:6!21; LUK 7:9!12; LUK 8:1!24; LUK 8:18!10; LUK 8:19!15; LUK 8:20!3; LUK 8:25!28; LUK 8:27!3; LUK 8:28!7; LUK 8:38!13; LUK 8:39!22; LUK 8:42!5; LUK 8:47!12; LUK 8:50!6; LUK 8:51!11; LUK 9:10!6; LUK 9:11!6; LUK 9:12!11; LUK 9:18!11; LUK 9:30!6; LUK 9:32!23; LUK 9:32!7; LUK 9:37!12; LUK 9:52!15; LUK 9:58!3; LUK 9:60!3
αὑτούς	92.11	1	LUK 23:12!22
αὑτὸν	92.25	1	LUK 23:2!19
αὔριον	67.207	4	LUK 10:35!4; LUK 12:28!10; LUK 13:32!17; LUK 13:33!6
αὕτη	92.29	13	LUK 11:29!9; LUK 21:3!11; LUK 21:32!10; LUK 21:4!12; LUK 22:53!17; LUK 2:2!1; LUK 2:36!10; LUK 4:21!11; LUK 7:44!24; LUK 7:45!5; LUK 7:46!7; LUK 8:11!3; LUK 8:9!8
αὗταί	92.29	1	LUK 21:22!4
βάθος	81.8	1	LUK 5:4!12
βάθος	81.9	1	LUK 5:4!12
βάλε	15.215	1	LUK 4:9!21
βάλλει	47.2	1	LUK 5:37!3
βάλλει	85.34	1	LUK 5:37!3
βάλλεται	15.215	1	LUK 3:9!23
βάλλοντας	85.34	1	LUK 21:1!5
βάλλουσαν	15.215	1	LUK 21:2!6
βάλλουσιν	15.215	1	LUK 14:35!10
βάλω	85.34	1	LUK 13:8!19
βάπτισμα	53.41	4	LUK 12:50!1; LUK 20:4!2; LUK 3:3!9; LUK 7:29!14
βάτου	3.16	2	LUK 20:37!11; LUK 6:44!17
βάτους	81.20	1	LUK 16:6!5
βάψῃ	47.11	1	LUK 16:24!13
βίβλῳ	33.52	1	LUK 20:42!6
βίβλῳ	6.64	1	LUK 3:4!4
βίον	57.18	4	LUK 15:12!21; LUK 15:30!11; LUK 21:4!20; LUK 8:43!15
βίου	41.18	1	LUK 8:14!19
βαθέως	78.22	1	LUK 24:1!7
βαλεῖ	15.215	1	LUK 12:58!35
βαλεῖν	39.15	1	LUK 12:49!3
βαλλάντια	6.144	1	LUK 12:33!10
βαλλάντιον	6.144	2	LUK 10:4!3; LUK 22:36!8
βαλλαντίου	6.144	1	LUK 22:35!8
βαλλόμενον	15.215	1	LUK 12:28!13
βαπτίζω	53.41	1	LUK 3:16!9
βαπτίσει	53.49	1	LUK 3:16!28
βαπτισθέντες	53.41	2	LUK 7:29!12; LUK 7:30!15
βαπτισθέντος	53.41	1	LUK 3:21!11
βαπτισθῆναι	24.82	1	LUK 12:50!4
βαπτισθῆναι	53.41	3	LUK 3:12!5; LUK 3:21!5; LUK 3:7!6
βαπτιστήν	53.42	1	LUK 9:19!7
βαπτιστὴς	53.42	2	LUK 7:20!10; LUK 7:33!5
βαρηθῶσιν	22.18	1	LUK 21:34!5
βασάνοις	24.90	1	LUK 16:23!11
βασάνου	24.90	1	LUK 16:28!18
βασίλισσα	37.68	1	LUK 11:31!1
βασανίσῃς	38.13	1	LUK 8:28!26
βασιλέα	37.67	1	LUK 23:2!21
βασιλέως	37.67	1	LUK 1:5!6
βασιλεία	1.82	2	LUK 11:17!10; LUK 21:10!9
βασιλεία	37.64	15	LUK 10:11!22; LUK 10:9!14; LUK 11:18!12; LUK 11:2!14; LUK 11:20!14; LUK 13:18!7; LUK 16:16!11; LUK 17:20!19; LUK 17:20!9; LUK 17:21!10; LUK 18:16!22; LUK 19:11!21; LUK 21:31!13; LUK 22:18!18; LUK 6:20!19
βασιλείαν	1.82	2	LUK 19:12!12; LUK 21:10!11
βασιλείαν	37.64	14	LUK 12:31!4; LUK 12:32!14; LUK 13:20!7; LUK 18:17!9; LUK 18:24!15; LUK 18:25!13; LUK 19:15!9; LUK 22:29!10; LUK 23:51!19; LUK 4:43!15; LUK 8:1!17; LUK 9:2!6; LUK 9:27!19; LUK 9:60!16
βασιλείας	1.82	1	LUK 4:5!8
βασιλείας	37.64	4	LUK 18:29!24; LUK 1:33!12; LUK 8:10!10; LUK 9:11!14
βασιλείοις	7.5	1	LUK 7:25!20
βασιλείᾳ	1.82	1	LUK 23:42!10
βασιλείᾳ	37.64	7	LUK 13:28!23; LUK 13:29!16; LUK 14:15!15; LUK 22:16!14; LUK 22:30!11; LUK 7:28!15; LUK 9:62!19
βασιλεύσει	37.64	1	LUK 1:33!2
βασιλεὺς	37.67	5	LUK 14:31!3; LUK 19:38!5; LUK 23:3!10; LUK 23:37!7; LUK 23:38!8
βασιλεῖ	37.67	1	LUK 14:31!6
βασιλεῖς	37.67	3	LUK 10:24!8; LUK 21:12!21; LUK 22:25!6
βασιλεῦσαι	37.64	2	LUK 19:14!16; LUK 19:27!10
βαστάζει	24.83	1	LUK 14:27!3
βαστάζετε	15.188	1	LUK 10:4!2
βαστάζοντες	15.188	1	LUK 7:14!8
βαστάζων	15.188	1	LUK 22:10!16
βαστάσασά	23.51	1	LUK 11:27!21
βδέλυγμα	25.187	1	LUK 16:15!24
βεβαρημένοι	23.71	1	LUK 9:32!9
βεβλημένον	15.215	1	LUK 23:25!8
βελόνης	6.215	1	LUK 18:25!7
βιάζεται	20.10	1	LUK 16:16!19
βιβλίον	6.64	3	LUK 4:17!11; LUK 4:17!4; LUK 4:20!4
βιωτικαῖς	41.19	1	LUK 21:34!15
βλάψαν	20.12	1	LUK 4:35!24
βλέπει	24.7	1	LUK 24:12!11
βλέπειν	24.41	1	LUK 7:21!18
βλέπεις	24.7	1	LUK 6:41!3
βλέπετε	24.7	2	LUK 10:23!15; LUK 10:24!13
βλέπετε	27.58	1	LUK 8:18!1
βλέποντες	24.7	2	LUK 10:23!13; LUK 8:10!19
βλέποντες	32.11	1	LUK 21:30!4
βλέπων	24.7	2	LUK 6:42!25; LUK 9:62!12
βλέπωσιν	24.7	2	LUK 11:33!20; LUK 8:16!19
βλέπωσιν	32.11	1	LUK 8:10!21
βλασφημήσαντι	33.400	1	LUK 12:10!19
βλασφημίας	33.401	1	LUK 5:21!15
βλασφημοῦντες	33.400	1	LUK 22:65!4
βληθεὶς	15.215	1	LUK 23:19!12
βλητέον	85.36	1	LUK 5:38!7
βολήν	15.216	1	LUK 22:41!8
βορρᾶ	82.3	1	LUK 13:29!9
βοσκομένη	23.9	1	LUK 8:32!7
βουλευτὴς	11.85	1	LUK 23:50!6
βουλεύσεται	30.8	1	LUK 14:31!13
βουλὴν	30.57	1	LUK 7:30!8
βουλῇ	30.57	1	LUK 23:51!6
βουνοῖς	1.48	1	LUK 23:30!11
βουνὸς	1.48	1	LUK 3:5!8
βούλει	30.56	1	LUK 22:42!4
βούληται	30.56	1	LUK 10:22!31
βοώντων	33.81	1	LUK 18:7!13
βοῦν	4.15	1	LUK 13:15!16
βοῦς	4.15	1	LUK 14:5!9
βοῶν	4.15	1	LUK 14:19!5
βοῶντος	33.81	1	LUK 3:4!10
βρέφη	9.45	1	LUK 18:15!6
βρέφος	9.45	4	LUK 1:41!13; LUK 1:44!18; LUK 2:12!7; LUK 2:16!14
βρέχειν	79.79	1	LUK 7:38!12
βραδεῖς	67.123	1	LUK 24:25!9
βραχίονι	76.3	1	LUK 1:51!4
βραχὺ	59.14	1	LUK 22:58!3
βρυγμὸς	23.41	1	LUK 13:28!7
βρώματα	5.1	2	LUK 3:11!16; LUK 9:13!32
βρώσιμον	23.4	1	LUK 24:41!14
βυθίζεσθαι	15.115	1	LUK 5:7!21
βόθυνον	1.55	1	LUK 6:39!14
βόσκειν	44.1	1	LUK 15:15!17
βόσκοντες	44.1	1	LUK 8:34!4
βύσσον	6.166	1	LUK 16:19!10
γάμους	34.68	1	LUK 14:8!6
γάμων	34.68	1	LUK 12:36!13
γάρ	89.23	9	LUK 12:34!2; LUK 14:14!10; LUK 18:25!2; LUK 19:21!2; LUK 1:18!12; LUK 20:36!7; LUK 20:6!12; LUK 5:39!8; LUK 8:17!2
γάρ	91.1	1	LUK 6:43!2
γέγονεν	13.107	1	LUK 14:22!6
γέγραπται	33.54	6	LUK 10:26!10; LUK 24:46!6; LUK 2:23!2; LUK 3:4!2; LUK 4:10!1; LUK 7:27!5
γέενναν	1.21	1	LUK 12:5!16
γέμει	59.41	1	LUK 11:39!23
γένηται	13.107	4	LUK 14:12!34; LUK 1:20!12; LUK 21:32!14; LUK 23:31!13
γένηται	13.48	2	LUK 20:14!18; LUK 4:3!16
γένοιτο	13.107	1	LUK 20:16!16
γένοιτό	13.107	1	LUK 1:38!8
γήρει	67.157	1	LUK 1:36!12
γίνεσθαι	13.107	3	LUK 21:28!4; LUK 21:36!14; LUK 21:7!17
γίνεσθε	13.3	2	LUK 12:40!3; LUK 6:36!1
γίνεται	13.107	1	LUK 15:10!4
γίνεται	13.48	4	LUK 11:26!15; LUK 12:54!18; LUK 12:55!10; LUK 20:33!9
γίνου	13.3	1	LUK 19:19!8
γαζοφυλάκιον	6.141	1	LUK 21:1!8
γαλήνη	14.23	1	LUK 8:24!24
γαμίζονται	34.72	1	LUK 20:35!17
γαμίσκονται	34.72	1	LUK 20:34!13
γαμοῦσιν	34.66	2	LUK 20:34!11; LUK 20:35!15
γαμῶν	34.66	2	LUK 16:18!16; LUK 16:18!8
γαστρὶ	23.50	1	LUK 21:23!4
γαστρὶ	8.68	1	LUK 1:31!5
γε	91.6	3	LUK 11:8!15; LUK 18:5!2; LUK 24:21!13
γείτονας	11.89	3	LUK 14:12!26; LUK 15:6!11; LUK 15:9!7
γεγονέναι	13.48	1	LUK 10:36!8
γεγονός	13.107	2	LUK 24:12!21; LUK 8:56!13
γεγονὸς	13.107	3	LUK 2:15!27; LUK 8:34!6; LUK 8:35!5
γεγραμμένα	33.54	3	LUK 18:31!16; LUK 21:22!10; LUK 24:44!22
γεγραμμένον	33.54	3	LUK 20:17!10; LUK 22:37!7; LUK 4:17!17
γελάσετε	25.135	1	LUK 6:21!12
γελῶντες	25.135	1	LUK 6:25!10
γεμίσαι	59.42	1	LUK 15:16!3
γεμισθῇ	59.42	1	LUK 14:23!18
γενέσει	23.46	1	LUK 1:14!11
γενέσθαι	13.107	2	LUK 21:9!12; LUK 23:24!4
γενέσθαι	15.1	2	LUK 3:22!17; LUK 9:36!4
γενήματος	13.49	1	LUK 22:18!12
γενήσεται	13.48	1	LUK 8:17!8
γενεαί	10.28	1	LUK 1:48!18
γενεὰ	10.4	1	LUK 21:32!9
γενεὰ	11.4	4	LUK 11:29!10; LUK 11:29!8; LUK 21:32!9; LUK 9:41!7
γενεὰ	67.144	1	LUK 21:32!9
γενεὰν	10.4	1	LUK 16:8!26
γενεὰς	67.144	2	LUK 1:50!6; LUK 1:50!8
γενεᾶς	11.4	6	LUK 11:31!11; LUK 11:32!9; LUK 11:50!15; LUK 11:51!21; LUK 17:25!11; LUK 7:31!7
γενεᾷ	11.4	1	LUK 11:30!16
γεννήσει	23.52	1	LUK 1:13!20
γεννητοῖς	23.47	1	LUK 7:28!5
γεννώμενον	23.52	1	LUK 1:35!20
γενομένην	13.107	1	LUK 23:19!6
γενομένης	13.107	1	LUK 6:48!18
γενομένων	13.48	1	LUK 24:5!3
γενόμενα	13.107	3	LUK 23:48!12; LUK 24:18!17; LUK 4:23!16
γενόμεναι	13.107	1	LUK 10:13!17
γενόμεναι	85.6	1	LUK 24:22!9
γενόμενοι	13.3	1	LUK 1:2!10
γενόμενοι	13.48	1	LUK 24:37!5
γενόμενον	13.107	1	LUK 23:47!6
γενόμενος	13.3	1	LUK 22:44!2
γενόμενος	85.6	1	LUK 22:40!1
γεωργοὶ	43.2	2	LUK 20:10!18; LUK 20:14!5
γεωργοὺς	43.2	2	LUK 20:10!6; LUK 20:16!5
γεωργοῖς	43.2	1	LUK 20:9!16
γεύσεταί	23.3	1	LUK 14:24!11
γεύσωνται	90.78	1	LUK 9:27!13
γινέσθω	13.107	1	LUK 22:42!19
γινέσθω	13.3	1	LUK 22:26!10
γινομένοις	13.107	1	LUK 13:17!20
γινόμενα	13.107	2	LUK 21:31!7; LUK 9:7!7
γινόμενον	13.107	1	LUK 23:8!29
γινώσκει	28.1	3	LUK 10:22!10; LUK 12:46!17; LUK 16:15!15
γινώσκεται	28.1	1	LUK 6:44!8
γινώσκετε	28.1	2	LUK 10:11!18; LUK 12:39!3
γινώσκετε	32.16	2	LUK 21:30!7; LUK 21:31!8
γινώσκω	23.61	1	LUK 1:34!13
γλῶσσάν	8.21	1	LUK 16:24!23
γλῶσσα	33.75	1	LUK 1:64!9
γνοὺς	28.1	2	LUK 12:47!6; LUK 12:48!4
γνοῖ	27.2	1	LUK 19:15!22
γνωσθήσεται	27.2	1	LUK 12:2!12
γνωσθῇ	27.2	1	LUK 8:17!14
γνωστοὶ	34.17	1	LUK 23:49!5
γνωστοῖς	28.30	1	LUK 2:44!19
γνωστοῖς	34.17	1	LUK 2:44!19
γνόντες	27.2	1	LUK 9:11!4
γνώσεως	32.16	1	LUK 11:52!10
γνώσομαι	28.1	1	LUK 1:18!9
γνῶναι	28.1	1	LUK 8:10!6
γνῶναι	32.16	1	LUK 8:10!6
γνῶσιν	28.1	1	LUK 1:77!3
γνῶσιν	32.16	1	LUK 1:77!3
γνῶτε	32.16	1	LUK 21:20!9
γονέων	10.18	1	LUK 21:16!5
γονεῖς	10.18	5	LUK 18:29!19; LUK 2:27!14; LUK 2:41!4; LUK 2:43!19; LUK 8:56!4
γράμματα	33.39	2	LUK 16:6!14; LUK 16:7!19
γράψαι	33.61	1	LUK 1:3!9
γράψον	33.61	2	LUK 16:6!18; LUK 16:7!21
γραμματέων	53.94	3	LUK 20:39!5; LUK 20:46!4; LUK 9:22!18
γραμματεῖς	53.94	11	LUK 11:53!6; LUK 15:2!8; LUK 19:47!15; LUK 20:1!21; LUK 20:19!4; LUK 22:2!7; LUK 22:66!13; LUK 23:10!7; LUK 5:21!5; LUK 5:30!7; LUK 6:7!4
γραφάς	33.54	2	LUK 24:32!23; LUK 24:45!9
γραφαῖς	33.54	1	LUK 24:27!15
γραφὴ	33.10	1	LUK 4:21!10
γραφὴ	33.53	1	LUK 4:21!10
γρηγοροῦντας	27.56	1	LUK 12:37!10
γυνή	10.54	3	LUK 1:13!17; LUK 1:18!17; LUK 20:33!10
γυναικὸς	10.54	2	LUK 17:32!3; LUK 3:19!12
γυναικῶν	9.34	2	LUK 23:27!9; LUK 7:28!6
γυναιξίν	9.34	1	LUK 1:42!10
γυναῖκές	9.34	2	LUK 24:22!3; LUK 8:2!2
γυναῖκα	10.54	8	LUK 14:26!17; LUK 16:18!5; LUK 18:29!15; LUK 20:28!11; LUK 20:28!22; LUK 20:29!9; LUK 20:33!16; LUK 4:26!14
γυναῖκα	9.34	3	LUK 7:44!12; LUK 7:44!5; LUK 7:50!5
γυναῖκες	9.34	3	LUK 23:49!9; LUK 23:55!4; LUK 24:24!16
γυνὴ	10.54	4	LUK 1:24!9; LUK 1:5!17; LUK 20:32!4; LUK 8:3!3
γυνὴ	9.34	10	LUK 10:38!11; LUK 11:27!11; LUK 13:11!3; LUK 13:21!6; LUK 15:8!3; LUK 20:33!2; LUK 7:37!3; LUK 7:39!22; LUK 8:43!2; LUK 8:47!4
γωνίας	79.107	1	LUK 20:17!21
γόνασιν	8.47	1	LUK 5:8!7
γόνατα	17.19	1	LUK 22:41!12
γύναι	9.34	1	LUK 22:57!8
γὰρ	89.23	83	LUK 10:24!2; LUK 10:42!8; LUK 10:7!14; LUK 11:10!2; LUK 11:30!2; LUK 11:4!8; LUK 12:12!2; LUK 12:23!2; LUK 12:30!2; LUK 12:52!2; LUK 14:24!2; LUK 14:28!2; LUK 16:13!8; LUK 16:2!18; LUK 16:28!2; LUK 17:21!8; LUK 17:24!2; LUK 18:16!18; LUK 18:23!8; LUK 18:32!2; LUK 19:10!2; LUK 19:48!9; LUK 19:5!17; LUK 1:15!2; LUK 1:30!10; LUK 1:44!2; LUK 1:48!10; LUK 1:66!18; LUK 1:76!9; LUK 20:19!22; LUK 20:33!12; LUK 20:36!2; LUK 20:38!9; LUK 20:40!2; LUK 20:42!2; LUK 21:15!2; LUK 21:23!14; LUK 21:26!12; LUK 21:35!4; LUK 21:4!2; LUK 21:8!8; LUK 21:9!10; LUK 22:16!2; LUK 22:18!2; LUK 22:2!13; LUK 22:27!2; LUK 22:37!18; LUK 22:37!2; LUK 22:59!18; LUK 22:71!10; LUK 23:12!17; LUK 23:15!5; LUK 23:34!9; LUK 23:41!6; LUK 23:8!10; LUK 2:10!9; LUK 3:8!18; LUK 4:10!2; LUK 5:9!2; LUK 6:23!20; LUK 6:23!9; LUK 6:26!12; LUK 6:32!12; LUK 6:38!16; LUK 6:44!10; LUK 6:44!2; LUK 6:45!24; LUK 7:33!2; LUK 7:5!2; LUK 7:6!26; LUK 7:8!2; LUK 8:18!7; LUK 8:29!12; LUK 8:29!2; LUK 8:40!12; LUK 8:46!9; LUK 9:14!2; LUK 9:24!2; LUK 9:25!2; LUK 9:26!2; LUK 9:44!11; LUK 9:48!26; LUK 9:50!10
γὰρ	91.1	2	LUK 12:58!2; LUK 23:22!8
γῆ	1.3	1	LUK 21:33!5
γῆν	1.3	1	LUK 16:17!8
γῆν	1.39	2	LUK 12:49!6; LUK 4:25!33
γῆν	1.60	2	LUK 5:11!7; LUK 8:27!6
γῆν	1.79	1	LUK 23:44!13
γῆν	2.14	6	LUK 13:7!26; LUK 14:35!3; LUK 22:44!18; LUK 24:5!11; LUK 6:49!14; LUK 8:8!6
γῆς	1.3	1	LUK 10:21!20
γῆς	1.39	7	LUK 11:31!22; LUK 12:56!5; LUK 21:23!19; LUK 21:25!13; LUK 21:35!13; LUK 2:14!7; LUK 5:24!13
γῆς	1.60	1	LUK 5:3!14
γῆς	9.22	1	LUK 18:8!22
γῇ	2.14	1	LUK 8:15!6
γῇ	9.22	1	LUK 12:51!8
δ	89.124	1	LUK 20:18!11
δ	89.94	3	LUK 10:10!3; LUK 10:5!3; LUK 9:24!12
δάκρυσιν	8.73	2	LUK 7:38!10; LUK 7:44!27
δέ	89.124	5	LUK 10:33!2; LUK 10:42!2; LUK 11:45!2; LUK 16:17!2; LUK 9:9!9
δέ	89.87	8	LUK 10:38!12; LUK 14:15!2; LUK 16:27!2; LUK 20:39!2; LUK 21:2!2; LUK 4:24!2; LUK 7:2!2; LUK 7:40!14
δέ	89.94	2	LUK 16:20!2; LUK 1:76!3
δέδοται	13.142	1	LUK 8:10!5
δέδωκα	37.98	1	LUK 10:19!2
δέησίς	33.171	1	LUK 1:13!13
δέκα	60.19	11	LUK 13:16!11; LUK 14:31!18; LUK 15:8!6; LUK 17:12!8; LUK 17:17!8; LUK 19:13!3; LUK 19:13!8; LUK 19:16!10; LUK 19:17!16; LUK 19:24!14; LUK 19:25!6
δένδρα	3.2	1	LUK 21:29!11
δένδρον	3.2	5	LUK 13:19!17; LUK 3:9!14; LUK 6:43!11; LUK 6:43!4; LUK 6:44!3
δένδρων	3.2	1	LUK 3:9!10
δέξηται	31.51	1	LUK 18:17!7
δέξηται	34.53	2	LUK 9:48!20; LUK 9:48!6
δέξωνταί	34.53	1	LUK 16:4!10
δέξωνται	34.53	1	LUK 16:9!16
δέομαί	33.170	2	LUK 8:28!22; LUK 9:38!10
δέροντες	19.2	1	LUK 22:63!9
δέσποτα	37.63	1	LUK 2:29!6
δέχεται	34.53	2	LUK 9:48!15; LUK 9:48!21
δέχονται	31.51	1	LUK 8:13!11
δέχωνται	34.53	3	LUK 10:10!9; LUK 10:8!8; LUK 9:5!5
δίδαξον	33.224	1	LUK 11:1!21
δίδοτε	57.71	1	LUK 6:38!1
δίδου	57.71	2	LUK 11:3!6; LUK 6:30!4
δίδωμι	57.71	2	LUK 19:8!17; LUK 4:6!23
δίκαιοι	88.12	2	LUK 18:9!12; LUK 1:6!3
δίκαιον	66.5	1	LUK 12:57!9
δίκαιος	88.12	3	LUK 23:47!15; LUK 23:50!11; LUK 2:25!14
δίκτυα	6.11	4	LUK 5:2!17; LUK 5:4!16; LUK 5:5!19; LUK 5:6!11
δαιμονίου	12.37	3	LUK 11:14!9; LUK 4:33!9; LUK 8:29!29
δαιμονίων	12.37	1	LUK 11:15!11
δαιμονισθείς	12.41	1	LUK 8:36!9
δαιμόνια	12.37	15	LUK 10:17!12; LUK 11:15!14; LUK 11:18!21; LUK 11:19!8; LUK 11:20!8; LUK 13:32!11; LUK 4:41!4; LUK 8:2!18; LUK 8:27!14; LUK 8:30!16; LUK 8:33!4; LUK 8:35!19; LUK 8:38!10; LUK 9:1!13; LUK 9:49!13
δαιμόνιον	12.37	3	LUK 11:14!4; LUK 4:35!16; LUK 9:42!8
δακτύλιον	6.190	1	LUK 15:22!19
δακτύλου	8.34	1	LUK 16:24!17
δακτύλων	8.34	1	LUK 11:46!19
δακτύλῳ	76.3	1	LUK 11:20!4
δανίζετε	57.209	1	LUK 6:35!9
δανίζουσιν	57.209	1	LUK 6:34!15
δανίσητε	57.209	1	LUK 6:34!3
δανιστῇ	57.211	1	LUK 7:41!4
δαπάνην	57.160	1	LUK 14:28!13
δαπανήσαντος	57.146	1	LUK 15:14!1
δαρήσεται	19.2	2	LUK 12:47!21; LUK 12:48!9
δεήθητε	33.170	1	LUK 10:2!13
δεήσεις	33.171	1	LUK 5:33!12
δεήσεσιν	33.171	1	LUK 2:37!15
δείξει	28.47	1	LUK 22:12!3
δείπνοις	23.25	1	LUK 20:46!25
δείπνου	23.25	2	LUK 14:17!9; LUK 14:24!14
δείραντες	19.2	2	LUK 20:10!21; LUK 20:11!9
δεδεμένον	18.13	1	LUK 19:30!12
δεδικαιωμένος	88.16	1	LUK 18:14!5
δεδώκει	57.71	1	LUK 19:15!18
δεινῶς	78.24	1	LUK 11:53!10
δειπνήσω	23.20	1	LUK 17:8!7
δειπνῆσαι	23.20	1	LUK 22:20!7
δεκαοκτώ	60.24	1	LUK 13:11!8
δεκαοκτὼ	60.24	1	LUK 13:4!4
δεκτόν	34.54	1	LUK 4:19!4
δεκτός	34.54	1	LUK 4:24!9
δεξάμενος	18.1	1	LUK 22:17!2
δεξιόν	82.8	1	LUK 22:50!17
δεξιὰ	82.8	1	LUK 6:6!22
δεξιῶν	82.8	4	LUK 1:11!8; LUK 20:42!15; LUK 22:69!12; LUK 23:33!19
δεσμοῦ	23.156	1	LUK 13:16!20
δεσμὰ	6.14	1	LUK 8:29!25
δευτέρᾳ	60.49	1	LUK 12:38!4
δεόμενοι	33.170	1	LUK 21:36!6
δεύτερος	60.49	2	LUK 19:18!4; LUK 20:30!3
δεῖ	71.21	4	LUK 12:12!12; LUK 13:14!21; LUK 19:5!22; LUK 2:49!17
δεῖ	71.34	7	LUK 13:33!2; LUK 17:25!3; LUK 21:9!9; LUK 22:37!8; LUK 24:44!18; LUK 24:7!7; LUK 4:43!13
δεῖν	71.21	1	LUK 18:1!7
δεῖξον	28.47	1	LUK 5:14!9
δεῖπνον	23.25	2	LUK 14:12!11; LUK 14:16!8
δεῦρο	84.24	1	LUK 18:22!24
δηνάρια	6.75	2	LUK 10:35!7; LUK 7:41!9
δηνάριον	6.75	1	LUK 20:24!3
δι	67.140	1	LUK 5:5!6
δι	84.29	1	LUK 11:24!10
δι	89.26	1	LUK 8:47!13
δι	90.4	2	LUK 17:1!16; LUK 22:22!16
διά	89.26	2	LUK 11:8!14; LUK 18:5!1
διάβολος	12.34	4	LUK 4:13!6; LUK 4:3!5; LUK 4:6!5; LUK 8:12!12
διάγγελλε	33.207	1	LUK 9:60!14
διάδος	57.94	1	LUK 18:22!16
διέθετό	37.105	1	LUK 22:29!5
διέλιπεν	68.36	1	LUK 7:45!11
διέμενεν	68.11	1	LUK 1:22!21
διέρχεσθαι	15.21	1	LUK 19:4!15
διέρχεται	15.21	1	LUK 11:24!9
διέστη	15.50	1	LUK 24:51!8
διέταξεν	33.325	1	LUK 8:55!10
διήγειραν	23.77	1	LUK 8:24!3
διήγησιν	33.11	1	LUK 1:1!5
διήνοιγεν	33.142	1	LUK 24:32!20
διήνοιξεν	27.49	1	LUK 24:45!2
διήρχετο	15.21	3	LUK 17:11!10; LUK 19:1!3; LUK 5:15!1
διήρχοντο	15.21	1	LUK 9:6!3
διαβλέψεις	24.35	1	LUK 6:42!37
διαβόλου	12.34	1	LUK 4:2!6
διαβῆναι	15.31	1	LUK 16:26!15
διαγρηγορήσαντες	23.76	1	LUK 9:32!11
διαδίδωσιν	57.94	1	LUK 11:22!19
διαθήκη	34.44	1	LUK 22:20!14
διαθήκης	34.44	1	LUK 1:72!9
διακαθᾶραι	79.51	1	LUK 3:17!8
διακονήσει	35.19	1	LUK 12:37!21
διακονίαν	46.13	1	LUK 10:40!7
διακονεῖν	35.19	1	LUK 10:40!22
διακονῶν	35.19	3	LUK 22:26!19; LUK 22:27!20; LUK 22:27!8
διακόνει	35.19	1	LUK 17:8!10
διαλογίζεσθαι	30.10	1	LUK 5:21!3
διαλογίζεσθαι	33.158	1	LUK 5:21!3
διαλογίζεσθε	30.10	1	LUK 5:22!13
διαλογιζομένων	30.10	1	LUK 3:15!6
διαλογισμοί	30.16	1	LUK 2:35!15
διαλογισμοὶ	31.37	1	LUK 24:38!10
διαλογισμοὺς	30.16	2	LUK 5:22!6; LUK 6:8!5
διαλογισμὸν	30.16	1	LUK 9:47!6
διαλογισμὸς	33.446	1	LUK 9:46!3
διαμαρτύρηται	33.425	1	LUK 16:28!6
διαμεμενηκότες	34.3	1	LUK 22:28!5
διαμεμερισμένοι	39.14	1	LUK 12:52!10
διαμερίσατε	57.89	1	LUK 22:17!9
διαμεριζόμενοι	57.89	1	LUK 23:34!13
διαμερισθήσονται	39.14	1	LUK 12:53!1
διαμερισθεῖσα	39.14	1	LUK 11:17!13
διαμερισμόν	39.14	1	LUK 12:51!14
διανεύων	33.485	1	LUK 1:22!18
διανοήματα	30.15	1	LUK 11:17!6
διανοίᾳ	26.14	1	LUK 10:27!31
διανοίᾳ	30.15	1	LUK 1:51!8
διανυκτερεύων	67.195	1	LUK 6:12!15
διαπερῶσιν	15.31	1	LUK 16:26!25
διαπορευομένου	15.22	1	LUK 18:36!4
διαπορεύεσθαι	15.21	1	LUK 6:1!5
διαπορεύεσθαι	15.22	1	LUK 6:1!5
διαρρήσσων	19.32	1	LUK 8:29!23
διασείσητε	57.245	1	LUK 3:14!15
διασκορπίζων	57.151	1	LUK 16:1!19
διαστάσης	67.84	1	LUK 22:59!2
διαστρέφοντα	31.71	1	LUK 23:2!8
διαστρέφοντα	88.264	1	LUK 23:2!8
διασώσῃ	23.136	1	LUK 7:3!16
διατίθεμαι	37.105	1	LUK 22:29!2
διαταχθέντα	33.325	2	LUK 17:10!8; LUK 17:9!9
διατεταγμένον	33.325	1	LUK 3:13!10
διαφέρετε	65.6	2	LUK 12:24!23; LUK 12:7!14
διαφθείρει	20.40	1	LUK 12:33!24
διαφυλάξαι	21.21	1	LUK 4:10!11
διαχωρίζεσθαι	15.50	1	LUK 9:33!5
διδάξει	33.224	1	LUK 12:12!5
διδάσκαλον	33.243	2	LUK 6:40!6; LUK 8:49!18
διδάσκαλος	33.243	2	LUK 22:11!10; LUK 6:40!13
διδάσκειν	33.224	1	LUK 6:6!12
διδάσκεις	33.224	2	LUK 20:21!11; LUK 20:21!23
διδάσκοντος	33.224	1	LUK 20:1!7
διδάσκων	33.224	7	LUK 13:10!3; LUK 13:22!7; LUK 19:47!3; LUK 21:37!8; LUK 23:5!9; LUK 4:31!10; LUK 5:17!10
διδασκάλων	33.243	1	LUK 2:46!15
διδαχῇ	33.224	1	LUK 4:32!5
διδαχῇ	33.236	1	LUK 4:32!5
διδόμενον	57.71	1	LUK 22:19!18
διδόναι	57.152	1	LUK 23:2!16
διδόναι	57.71	2	LUK 11:13!9; LUK 12:42!22
διεβλήθη	33.426	1	LUK 16:1!16
διεγερθεὶς	23.74	1	LUK 8:24!11
διεγόγγυζον	33.383	2	LUK 15:2!2; LUK 19:7!4
διελάλουν	33.158	1	LUK 6:11!6
διελαλεῖτο	33.158	1	LUK 1:65!16
διελεύσεται	15.32	1	LUK 2:35!7
διελεύσεται	25.279	1	LUK 2:35!7
διελθὼν	15.21	1	LUK 4:30!3
διελογίζετο	30.10	2	LUK 12:17!2; LUK 1:29!8
διελογίζοντο	33.158	1	LUK 20:14!6
διεμερίσθη	39.14	1	LUK 11:18!8
διεπορεύετο	15.21	1	LUK 13:22!2
διεπραγματεύσαντο	57.195	1	LUK 19:15!24
διερμήνευσεν	33.148	1	LUK 24:27!10
διερρήσσετο	19.32	1	LUK 5:6!8
διεσκόρπισεν	15.136	1	LUK 1:51!6
διεσκόρπισεν	57.151	1	LUK 15:13!17
διεστραμμένη	88.264	1	LUK 9:41!10
διετήρει	13.153	1	LUK 2:51!17
διεταράχθη	25.246	1	LUK 1:29!6
διεῖλεν	57.91	1	LUK 15:12!18
διηγήσαντο	33.201	1	LUK 9:10!5
διηγοῦ	33.201	1	LUK 8:39!7
διηκόνει	46.13	1	LUK 4:39!14
διηκόνουν	35.37	1	LUK 8:3!13
διηνοίχθησαν	79.110	1	LUK 24:31!3
διηπόρει	32.10	1	LUK 9:7!10
δικαίοις	88.12	1	LUK 15:7!18
δικαίους	88.12	2	LUK 20:20!7; LUK 5:32!4
δικαίων	88.12	2	LUK 14:14!16; LUK 1:17!20
δικαίως	88.15	1	LUK 23:41!4
δικαιοσύνῃ	88.13	1	LUK 1:75!4
δικαιοῦντες	88.16	1	LUK 16:15!7
δικαιώμασιν	33.334	1	LUK 1:6!14
δικαιῶσαι	88.16	1	LUK 10:29!4
διορυχθῆναι	19.41	1	LUK 12:39!17
διχοτομήσει	19.19	1	LUK 12:46!19
διχοτομήσει	38.12	1	LUK 12:46!19
διϊσχυρίζετο	33.321	1	LUK 22:59!8
διότι	89.26	3	LUK 1:13!10; LUK 21:28!11; LUK 2:7!16
διώδευεν	15.21	1	LUK 8:1!8
διώξητε	15.158	1	LUK 17:23!11
διώξουσιν	39.45	2	LUK 11:49!20; LUK 21:12!12
διὰ	67.86	1	LUK 24:53!3
διὰ	84.29	6	LUK 13:24!3; LUK 17:11!11; LUK 18:25!5; LUK 4:30!4; LUK 5:19!14; LUK 6:1!7
διὰ	89.26	11	LUK 11:8!9; LUK 19:11!8; LUK 1:78!1; LUK 21:17!6; LUK 23:19!3; LUK 23:25!4; LUK 23:8!17; LUK 2:4!20; LUK 6:48!30; LUK 8:6!10; LUK 9:7!11
διὰ	89.76	2	LUK 1:70!3; LUK 8:4!13
διὰ	90.4	1	LUK 18:31!17
διὰ	90.44	2	LUK 5:19!7; LUK 8:19!16
διὸ	89.47	2	LUK 1:35!17; LUK 7:7!1
δοθήσεται	57.71	4	LUK 11:9!6; LUK 19:26!7; LUK 6:38!3; LUK 8:18!9
δοθήσεται	90.90	1	LUK 11:29!18
δοθῆναι	57.71	1	LUK 8:55!12
δοκεῖ	31.30	3	LUK 10:36!6; LUK 22:24!10; LUK 8:18!18
δοκεῖν	31.29	1	LUK 19:11!15
δοκεῖτε	31.29	3	LUK 12:40!9; LUK 12:51!1; LUK 13:4!16
δοκιμάζειν	27.45	1	LUK 12:56!10
δοκιμάζειν	30.98	1	LUK 12:56!18
δοκιμάσαι	27.45	1	LUK 14:19!10
δοκὸν	7.78	3	LUK 6:41!15; LUK 6:42!23; LUK 6:42!30
δοξάζοντες	33.357	1	LUK 2:20!5
δοξάζων	33.357	3	LUK 17:15!12; LUK 18:43!7; LUK 5:25!15
δοξαζόμενος	33.357	1	LUK 4:15!8
δουλεύειν	35.27	2	LUK 16:13!26; LUK 16:13!6
δουλεύω	35.27	1	LUK 15:29!11
δοχὴν	23.27	2	LUK 14:13!3; LUK 5:29!3
δούλη	87.83	1	LUK 1:38!6
δούλης	87.83	1	LUK 1:48!7
δούλου	87.76	1	LUK 12:46!5
δούλους	87.76	3	LUK 15:22!7; LUK 19:13!4; LUK 19:15!15
δούλῳ	87.76	3	LUK 14:21!16; LUK 17:9!5; LUK 7:8!26
δούς	37.98	1	LUK 20:2!17
δοῦλε	87.76	2	LUK 19:17!6; LUK 19:22!10
δοῦλοι	87.76	1	LUK 12:37!3
δοῦλον	87.76	8	LUK 14:17!4; LUK 14:23!7; LUK 17:7!5; LUK 20:10!7; LUK 20:11!5; LUK 22:50!10; LUK 7:10!10; LUK 7:3!18
δοῦλος	87.76	6	LUK 12:43!3; LUK 12:45!5; LUK 12:47!4; LUK 14:21!4; LUK 14:22!4; LUK 7:2!4
δοῦλόν	87.76	1	LUK 2:29!4
δοῦναί	57.71	1	LUK 11:7!26
δοῦναι	13.142	1	LUK 1:73!10
δοῦναι	57.152	2	LUK 20:22!5; LUK 22:5!7
δοῦναι	57.71	1	LUK 2:24!3
δοῦναι	90.51	3	LUK 12:51!5; LUK 17:18!4; LUK 1:77!2
δοῦναι	90.90	1	LUK 12:32!11
δραμὼν	15.230	1	LUK 15:20!21
δραχμὰς	6.76	1	LUK 15:8!4
δραχμὴν	6.76	2	LUK 15:8!9; LUK 15:9!14
δυνάμει	76.1	3	LUK 1:17!9; LUK 4:14!7; LUK 4:36!19
δυνάμεις	12.44	1	LUK 21:26!13
δυνάμεις	76.7	1	LUK 10:13!15
δυνάμενος	74.5	1	LUK 1:20!7
δυνάμεων	76.7	1	LUK 19:37!28
δυνάμεως	76.1	2	LUK 21:27!12; LUK 22:69!14
δυνάστας	37.62	1	LUK 1:52!2
δυνήσονται	74.5	1	LUK 21:15!10
δυναμένη	74.5	1	LUK 13:11!14
δυνατός	74.2	1	LUK 14:31!15
δυνατός	74.3	1	LUK 1:49!6
δυνατὰ	71.2	1	LUK 18:27!8
δυνατὸς	74.4	1	LUK 24:19!18
δυσβάστακτα	22.34	1	LUK 11:46!14
δυσκόλως	22.32	1	LUK 18:24!8
δυσμῶν	82.2	2	LUK 12:54!11; LUK 13:29!6
δυσὶ	60.11	1	LUK 16:13!4
δυσὶν	60.11	1	LUK 12:52!13
δωμάτων	28.64	1	LUK 12:3!24
δωμάτων	7.51	1	LUK 12:3!24
δόγμα	33.332	1	LUK 2:1!8
δόματα	57.73	1	LUK 11:13!7
δόξα	14.49	1	LUK 2:9!7
δόξα	87.4	2	LUK 14:10!24; LUK 19:38!13
δόξαν	14.49	2	LUK 24:26!11; LUK 9:32!15
δόξαν	33.357	1	LUK 17:18!5
δόξαν	79.18	2	LUK 4:6!14; LUK 9:32!15
δόξαν	87.4	1	LUK 2:32!6
δόξης	76.13	1	LUK 21:27!14
δόξῃ	14.49	2	LUK 9:26!20; LUK 9:31!4
δόξῃ	79.18	2	LUK 9:26!20; LUK 9:31!4
δόξῃ	87.23	1	LUK 12:27!18
δός	57.71	1	LUK 15:12!9
δότε	57.71	3	LUK 11:41!4; LUK 12:33!6; LUK 19:24!11
δότε	85.33	1	LUK 15:22!18
δύναμαι	74.5	2	LUK 11:7!24; LUK 14:20!10
δύναμιν	76.1	4	LUK 10:19!16; LUK 24:49!23; LUK 8:46!11; LUK 9:1!7
δύναμις	76.1	3	LUK 1:35!13; LUK 5:17!30; LUK 6:19!9
δύνανται	74.5	1	LUK 20:36!5
δύνασαί	74.5	1	LUK 5:12!29
δύνασαι	74.5	1	LUK 6:42!2
δύνασθε	74.5	3	LUK 12:26!5; LUK 16:13!24; LUK 5:34!7
δύναται	74.5	9	LUK 12:25!6; LUK 14:26!34; LUK 14:27!12; LUK 14:33!14; LUK 16:13!3; LUK 18:26!7; LUK 3:8!21; LUK 5:21!17; LUK 6:39!7
δύνωνται	74.5	1	LUK 16:26!20
δύνῃ	74.5	1	LUK 16:2!19
δύο	60.11	27	LUK 10:1!10; LUK 10:1!15; LUK 10:1!16; LUK 10:17!5; LUK 10:35!6; LUK 12:52!15; LUK 12:6!6; LUK 15:11!6; LUK 17:34!7; LUK 17:35!2; LUK 18:10!2; LUK 19:29!16; LUK 21:2!9; LUK 22:38!8; LUK 23:32!6; LUK 24:13!3; LUK 24:4!12; LUK 2:24!15; LUK 3:11!7; LUK 5:2!3; LUK 7:18!12; LUK 7:41!1; LUK 9:13!21; LUK 9:16!8; LUK 9:3!20; LUK 9:30!4; LUK 9:32!19
δώδεκα	60.21	10	LUK 18:31!4; LUK 22:3!14; LUK 22:30!18; LUK 22:47!12; LUK 2:42!5; LUK 6:13!13; LUK 8:42!8; LUK 8:43!9; LUK 9:1!4; LUK 9:17!13
δώματος	7.51	1	LUK 17:31!9
δώσει	37.98	1	LUK 1:32!9
δώσει	57.71	5	LUK 11:13!20; LUK 11:8!20; LUK 11:8!6; LUK 16:12!12; LUK 20:16!8
δώσουσιν	57.152	2	LUK 20:10!14; LUK 6:38!10
δώσω	33.105	1	LUK 21:15!3
δώσω	37.98	1	LUK 4:6!7
δὲ	89.104	1	LUK 23:33!21
δὲ	89.124	151	LUK 10:2!10; LUK 10:20!12; LUK 10:29!2; LUK 10:40!2; LUK 10:41!2; LUK 11:15!2; LUK 11:17!2; LUK 11:20!2; LUK 11:22!2; LUK 11:28!2; LUK 11:34!23; LUK 11:38!2; LUK 11:39!2; LUK 11:39!20; LUK 11:42!26; LUK 11:47!10; LUK 12:10!14; LUK 12:14!2; LUK 12:2!2; LUK 12:20!2; LUK 12:27!11; LUK 12:28!2; LUK 12:45!2; LUK 12:47!2; LUK 12:48!2; LUK 12:5!2; LUK 12:50!2; LUK 12:56!12; LUK 12:9!2; LUK 13:14!2; LUK 13:15!2; LUK 13:28!27; LUK 14:34!6; LUK 14:4!2; LUK 15:17!14; LUK 15:17!3; LUK 15:20!9; LUK 15:22!2; LUK 15:28!2; LUK 15:29!2; LUK 15:30!2; LUK 15:32!2; LUK 16:15!13; LUK 16:25!2; LUK 16:25!21; LUK 16:29!2; LUK 16:30!2; LUK 16:31!2; LUK 17:17!11; LUK 17:25!2; LUK 17:29!2; LUK 17:35!11; LUK 18:13!2; LUK 18:14!19; LUK 18:15!11; LUK 18:16!2; LUK 18:23!2; LUK 18:39!9; LUK 18:4!8; LUK 19:14!2; LUK 19:26!9; LUK 19:42!15; LUK 19:46!12; LUK 19:47!11; LUK 1:29!2; LUK 20:10!17; LUK 20:12!6; LUK 20:23!2; LUK 20:35!2; LUK 20:37!2; LUK 20:6!2; LUK 21:33!8; LUK 21:36!2; LUK 21:37!10; LUK 21:4!13; LUK 22:26!2; LUK 22:27!13; LUK 22:32!2; LUK 22:33!2; LUK 22:34!2; LUK 22:48!2; LUK 22:51!2; LUK 22:57!2; LUK 22:58!14; LUK 22:60!2; LUK 22:67!10; LUK 22:69!4; LUK 23:18!2; LUK 23:21!2; LUK 23:23!2; LUK 23:25!14; LUK 23:28!2; LUK 23:34!2; LUK 23:35!7; LUK 23:40!2; LUK 23:41!11; LUK 23:5!2; LUK 23:9!8; LUK 24:16!2; LUK 24:21!2; LUK 24:24!19; LUK 24:3!2; LUK 24:37!2; LUK 24:49!13; LUK 2:19!2; LUK 2:44!2; LUK 3:17!21; LUK 3:19!2; LUK 4:30!2; LUK 4:43!2; LUK 5:15!2; LUK 5:16!2; LUK 5:22!2; LUK 5:24!2; LUK 5:33!20; LUK 5:35!2; LUK 6:11!2; LUK 6:40!8; LUK 6:41!14; LUK 6:49!2; LUK 6:8!2; LUK 7:28!11; LUK 7:30!2; LUK 7:39!2; LUK 7:44!25; LUK 7:45!6; LUK 7:46!8; LUK 7:47!15; LUK 7:6!8; LUK 8:10!14; LUK 8:23!2; LUK 8:38!15; LUK 8:46!2; LUK 8:50!2; LUK 8:52!8; LUK 8:54!2; LUK 8:56!7; LUK 9:13!10; LUK 9:20!5; LUK 9:25!10; LUK 9:27!2; LUK 9:42!12; LUK 9:45!2; LUK 9:47!2; LUK 9:50!2; LUK 9:55!2; LUK 9:58!17; LUK 9:59!8; LUK 9:60!12; LUK 9:60!2; LUK 9:61!9
δὲ	89.136	3	LUK 11:48!17; LUK 24:1!2; LUK 3:16!12
δὲ	89.87	181	LUK 10:18!2; LUK 10:2!2; LUK 10:26!2; LUK 10:27!2; LUK 10:28!2; LUK 10:31!3; LUK 10:32!2; LUK 10:34!12; LUK 10:37!11; LUK 10:37!2; LUK 10:40!9; LUK 10:7!3; LUK 11:14!7; LUK 11:37!13; LUK 12:15!2; LUK 12:16!2; LUK 12:41!2; LUK 13:12!2; LUK 13:23!11; LUK 13:8!2; LUK 14:16!2; LUK 15:14!2; LUK 15:21!2; LUK 15:27!2; LUK 15:28!8; LUK 15:31!2; LUK 16:22!17; LUK 16:6!2; LUK 16:6!8; LUK 16:7!5; LUK 16:7!9; LUK 17:15!2; LUK 17:17!2; LUK 17:22!2; LUK 17:37!8; LUK 17:6!2; LUK 18:19!2; LUK 18:21!2; LUK 18:22!2; LUK 18:24!2; LUK 18:26!2; LUK 18:27!2; LUK 18:28!2; LUK 18:36!2; LUK 18:37!2; LUK 18:40!11; LUK 18:40!2; LUK 18:41!6; LUK 18:6!2; LUK 19:16!2; LUK 19:33!2; LUK 19:34!2; LUK 19:36!2; LUK 19:8!2; LUK 19:9!2; LUK 1:13!2; LUK 1:22!2; LUK 1:24!2; LUK 1:34!2; LUK 1:38!2; LUK 1:64!2; LUK 20:11!7; LUK 20:13!2; LUK 20:14!2; LUK 20:16!13; LUK 20:17!2; LUK 20:24!10; LUK 20:25!2; LUK 20:3!2; LUK 20:5!2; LUK 21:28!2; LUK 21:8!2; LUK 22:25!2; LUK 22:3!2; LUK 22:35!17; LUK 22:36!2; LUK 22:38!10; LUK 22:38!2; LUK 22:39!13; LUK 22:40!2; LUK 22:43!2; LUK 22:49!2; LUK 22:52!2; LUK 22:54!13; LUK 22:54!2; LUK 22:55!2; LUK 22:56!2; LUK 22:70!2; LUK 22:71!2; LUK 22:9!2; LUK 23:11!2; LUK 23:2!2; LUK 23:20!2; LUK 23:22!2; LUK 23:27!2; LUK 23:3!14; LUK 23:3!2; LUK 23:34!14; LUK 23:4!2; LUK 23:46!17; LUK 23:47!2; LUK 23:56!2; LUK 23:8!2; LUK 24:17!2; LUK 24:18!2; LUK 24:19!6; LUK 24:2!2; LUK 24:31!2; LUK 24:41!2; LUK 24:42!2; LUK 24:5!2; LUK 2:17!2; LUK 2:40!2; LUK 2:6!2; LUK 3:11!2; LUK 3:12!2; LUK 3:13!2; LUK 4:21!2; LUK 4:3!2; LUK 4:39!12; LUK 4:40!16; LUK 4:9!2; LUK 5:2!10; LUK 5:3!18; LUK 5:3!2; LUK 5:34!2; LUK 5:36!2; LUK 5:4!2; LUK 5:5!13; LUK 5:6!9; LUK 6:10!12; LUK 6:2!2; LUK 6:39!2; LUK 6:48!17; LUK 6:8!8; LUK 6:9!2; LUK 7:12!2; LUK 7:14!7; LUK 7:20!2; LUK 7:24!2; LUK 7:4!2; LUK 7:43!11; LUK 7:48!2; LUK 7:50!2; LUK 7:6!2; LUK 7:9!2; LUK 8:10!2; LUK 8:20!2; LUK 8:21!2; LUK 8:24!10; LUK 8:25!2; LUK 8:25!9; LUK 8:27!2; LUK 8:28!2; LUK 8:30!11; LUK 8:30!2; LUK 8:33!2; LUK 8:34!2; LUK 8:35!2; LUK 8:36!2; LUK 8:38!2; LUK 8:45!10; LUK 8:48!2; LUK 8:51!2; LUK 9:11!2; LUK 9:12!7; LUK 9:13!2; LUK 9:14!7; LUK 9:16!2; LUK 9:19!2; LUK 9:20!11; LUK 9:20!2; LUK 9:23!2; LUK 9:32!12; LUK 9:34!2; LUK 9:41!2; LUK 9:42!2; LUK 9:54!2; LUK 9:6!2; LUK 9:62!2; LUK 9:9!2
δὲ	89.94	58	LUK 10:16!13; LUK 11:11!2; LUK 11:16!2; LUK 11:18!2; LUK 11:19!2; LUK 12:11!2; LUK 12:20!17; LUK 12:25!2; LUK 12:30!10; LUK 12:39!2; LUK 12:48!12; LUK 12:48!6; LUK 13:16!2; LUK 13:35!8; LUK 14:12!2; LUK 16:25!25; LUK 18:3!2; LUK 18:7!2; LUK 1:11!2; LUK 1:6!2; LUK 1:8!2; LUK 20:31!7; LUK 21:12!2; LUK 21:16!2; LUK 21:9!2; LUK 22:68!2; LUK 23:10!2; LUK 23:18!8; LUK 23:36!2; LUK 23:38!2; LUK 23:45!5; LUK 23:49!2; LUK 23:55!2; LUK 24:10!2; LUK 2:35!3; LUK 2:47!2; LUK 3:1!20; LUK 3:14!2; LUK 3:9!2; LUK 4:25!3; LUK 4:38!12; LUK 4:40!2; LUK 4:41!2; LUK 5:10!2; LUK 6:41!2; LUK 6:7!2; LUK 7:41!12; LUK 8:12!2; LUK 8:13!2; LUK 8:14!2; LUK 8:15!2; LUK 8:52!2; LUK 9:19!12; LUK 9:19!9; LUK 9:59!2; LUK 9:61!2; LUK 9:8!3; LUK 9:8!8
δὴ	91.6	1	LUK 2:15!18
δὶς	60.69	1	LUK 18:12!2
δὸς	68.62	1	LUK 12:58!13
δῶμα	7.51	1	LUK 5:19!13
δῶρα	57.84	2	LUK 21:1!10; LUK 21:4!11
δῶρα	6.142	1	LUK 21:4!11
εἰ	89.131	10	LUK 10:22!15; LUK 10:22!24; LUK 11:29!20; LUK 17:18!8; LUK 18:19!12; LUK 4:26!7; LUK 4:27!16; LUK 5:21!20; LUK 6:4!24; LUK 8:51!12
εἰ	89.30	2	LUK 12:26!1; LUK 12:28!1
εἰ	89.65	17	LUK 10:13!8; LUK 11:13!1; LUK 11:18!1; LUK 11:19!1; LUK 11:20!1; LUK 11:36!1; LUK 11:8!3; LUK 12:39!5; LUK 12:49!10; LUK 16:11!1; LUK 16:12!2; LUK 17:2!3; LUK 22:42!3; LUK 23:31!2; LUK 23:35!16; LUK 6:32!2; LUK 7:39!13
εἰ	90.26	7	LUK 13:23!6; LUK 14:28!14; LUK 14:31!14; LUK 22:49!10; LUK 23:6!5; LUK 6:7!8; LUK 6:9!9
εἰδέναι	28.1	2	LUK 20:7!4; LUK 22:34!15
εἰδότες	28.1	1	LUK 8:53!4
εἰδὼς	28.1	1	LUK 9:47!4
εἰδὼς	32.4	2	LUK 11:17!3; LUK 9:33!34
εἰδῆτε	28.1	1	LUK 5:24!3
εἰθισμένον	41.26	1	LUK 2:27!23
εἰκόνα	6.96	1	LUK 20:24!6
εἰμί	13.4	1	LUK 22:58!19
εἰμι	13.1	4	LUK 19:22!16; LUK 22:27!17; LUK 22:33!9; LUK 7:6!28
εἰμι	13.4	7	LUK 1:18!13; LUK 1:19!8; LUK 21:8!16; LUK 22:70!20; LUK 24:39!11; LUK 5:8!16; LUK 7:8!5
εἰμὶ	13.1	4	LUK 15:19!2; LUK 15:21!15; LUK 18:11!14; LUK 3:16!18
εἰπέ	33.69	1	LUK 7:40!16
εἰπεῖν	33.69	7	LUK 12:12!13; LUK 14:17!10; LUK 5:14!6; LUK 5:23!11; LUK 5:23!4; LUK 7:40!12; LUK 8:56!11
εἰπών	33.69	2	LUK 22:8!6; LUK 5:13!7
εἰπὲ	33.69	4	LUK 10:40!23; LUK 12:13!9; LUK 4:3!11; LUK 7:7!9
εἰπὸν	33.69	1	LUK 22:67!7
εἰπὼν	33.69	4	LUK 19:28!2; LUK 23:46!18; LUK 24:40!3; LUK 9:22!1
εἰρήκει	33.69	1	LUK 22:13!5
εἰρήνη	22.42	1	LUK 10:6!11
εἰρήνη	25.248	2	LUK 19:38!11; LUK 2:14!8
εἰρήνην	22.42	5	LUK 12:51!3; LUK 14:32!13; LUK 19:42!13; LUK 7:50!13; LUK 8:48!13
εἰρήνης	22.42	2	LUK 10:6!6; LUK 1:79!16
εἰρήνῃ	22.42	1	LUK 11:21!10
εἰρήνῃ	25.248	1	LUK 2:29!12
εἰρημένον	33.69	1	LUK 2:24!7
εἰς	13.62	15	LUK 11:4!18; LUK 13:19!16; LUK 18:17!17; LUK 18:24!13; LUK 18:25!11; LUK 20:17!19; LUK 22:33!14; LUK 22:40!11; LUK 22:46!11; LUK 24:20!11; LUK 24:26!9; LUK 3:5!14; LUK 3:5!19; LUK 7:50!12; LUK 8:48!12
εἰς	67.117	3	LUK 12:19!11; LUK 13:9!5; LUK 1:50!5
εἰς	67.160	1	LUK 1:20!23
εἰς	67.95	2	LUK 1:33!7; LUK 1:55!13
εἰς	83.13	5	LUK 11:7!19; LUK 4:23!17; LUK 4:35!17; LUK 4:44!4; LUK 9:61!14
εἰς	83.47	8	LUK 10:11!11; LUK 14:10!6; LUK 14:8!9; LUK 15:22!20; LUK 15:22!26; LUK 21:37!14; LUK 8:23!9; LUK 9:28!18
εἰς	83.9	4	LUK 10:36!11; LUK 21:24!7; LUK 22:17!10; LUK 8:14!3
εἰς	84.16	50	LUK 10:30!11; LUK 10:34!20; LUK 11:24!20; LUK 11:49!10; LUK 13:22!11; LUK 14:8!5; LUK 16:27!10; LUK 17:11!6; LUK 17:31!28; LUK 18:13!12; LUK 18:14!6; LUK 18:31!10; LUK 18:35!7; LUK 19:28!7; LUK 19:29!5; LUK 19:30!3; LUK 19:4!3; LUK 1:39!14; LUK 1:56!11; LUK 21:12!14; LUK 21:21!7; LUK 21:4!9; LUK 22:39!7; LUK 22:66!17; LUK 24:13!12; LUK 24:28!3; LUK 24:33!7; LUK 24:52!6; LUK 2:22!15; LUK 2:3!6; LUK 2:39!14; LUK 2:4!11; LUK 2:4!14; LUK 2:41!8; LUK 2:45!5; LUK 2:51!7; LUK 4:16!3; LUK 4:26!9; LUK 4:31!3; LUK 4:9!4; LUK 6:12!9; LUK 6:20!7; LUK 8:22!21; LUK 8:26!3; LUK 8:29!30; LUK 9:10!15; LUK 9:16!11; LUK 9:51!18; LUK 9:53!11; LUK 9:56!3
εἰς	84.22	93	LUK 10:1!20; LUK 10:10!1; LUK 10:10!12; LUK 10:38!8; LUK 10:5!1; LUK 10:7!24; LUK 10:8!2; LUK 11:33!4; LUK 12:28!11; LUK 12:5!14; LUK 12:58!36; LUK 13:19!9; LUK 13:21!8; LUK 14:1!7; LUK 14:21!20; LUK 14:23!9; LUK 14:31!8; LUK 14:5!10; LUK 15:13!12; LUK 15:15!13; LUK 15:6!3; LUK 16:22!12; LUK 16:28!13; LUK 16:4!12; LUK 16:9!18; LUK 17:2!13; LUK 17:27!10; LUK 18:10!4; LUK 19:12!7; LUK 19:45!3; LUK 1:23!11; LUK 1:26!14; LUK 1:39!9; LUK 1:40!3; LUK 1:44!10; LUK 1:9!10; LUK 21:1!6; LUK 21:21!23; LUK 22:10!19; LUK 22:10!22; LUK 22:10!8; LUK 22:3!4; LUK 22:33!11; LUK 22:54!7; LUK 23:25!9; LUK 23:46!9; LUK 24:51!13; LUK 2:15!7; LUK 2:27!6; LUK 2:28!5; LUK 2:39!11; LUK 3:17!16; LUK 3:3!3; LUK 3:9!21; LUK 4:14!10; LUK 4:16!19; LUK 4:37!6; LUK 4:38!7; LUK 4:42!6; LUK 5:19!22; LUK 5:24!28; LUK 5:25!11; LUK 5:3!3; LUK 5:37!6; LUK 5:38!4; LUK 5:4!10; LUK 6:38!11; LUK 6:39!13; LUK 6:4!3; LUK 6:6!8; LUK 6:8!19; LUK 7:1!13; LUK 7:1!7; LUK 7:10!3; LUK 7:11!7; LUK 7:24!15; LUK 7:36!13; LUK 7:44!15; LUK 8:22!10; LUK 8:30!18; LUK 8:31!8; LUK 8:32!17; LUK 8:33!19; LUK 8:33!9; LUK 8:37!21; LUK 8:39!2; LUK 8:41!24; LUK 8:51!3; LUK 8:8!4; LUK 9:12!17; LUK 9:34!16; LUK 9:4!2; LUK 9:52!10
εἰς	89.48	4	LUK 14:28!16; LUK 1:79!14; LUK 5:17!33; LUK 8:17!16
εἰς	89.57	11	LUK 10:2!22; LUK 22:19!21; LUK 2:32!2; LUK 2:34!15; LUK 2:34!24; LUK 3:3!11; LUK 5:14!22; LUK 5:32!7; LUK 5:4!18; LUK 9:3!7; LUK 9:5!19
εἰς	90.23	6	LUK 12:21!7; LUK 14:35!2; LUK 14:35!5; LUK 16:16!17; LUK 16:8!24; LUK 7:30!12
εἰς	90.41	1	LUK 9:13!27
εἰς	90.59	10	LUK 12:10!15; LUK 12:10!6; LUK 15:17!1; LUK 15:18!12; LUK 15:21!8; LUK 17:4!7; LUK 22:65!6; LUK 24:47!11; LUK 8:34!10; LUK 8:34!14
εἰσάγαγε	15.173	1	LUK 14:21!36
εἰσέλθητε	15.93	3	LUK 10:10!6; LUK 10:5!5; LUK 9:4!6
εἰσέλθητε	90.70	1	LUK 22:46!10
εἰσέλθῃ	90.70	1	LUK 18:17!16
εἰσέλθῃς	15.93	1	LUK 7:6!34
εἰσέρχησθε	15.93	1	LUK 10:8!6
εἰσήγαγον	15.173	1	LUK 22:54!6
εἰσήλθατε	90.70	1	LUK 11:52!13
εἰσίν	85.1	3	LUK 11:7!22; LUK 7:25!21; LUK 9:27!5
εἰσαγαγεῖν	15.194	1	LUK 2:27!12
εἰσελθεῖν	15.93	7	LUK 14:23!16; LUK 15:28!6; LUK 6:6!6; LUK 8:32!19; LUK 8:41!23; LUK 8:51!8; LUK 9:34!14
εἰσελθεῖν	90.70	6	LUK 13:24!12; LUK 13:24!2; LUK 18:25!16; LUK 18:25!8; LUK 22:40!10; LUK 24:26!8
εἰσελθοῦσαι	15.93	1	LUK 24:3!1
εἰσελθόντα	15.93	1	LUK 11:26!11
εἰσελθόντι	15.93	1	LUK 17:7!11
εἰσελθόντων	15.93	1	LUK 22:10!6
εἰσελθὼν	15.93	6	LUK 11:37!12; LUK 19:1!2; LUK 19:45!2; LUK 1:28!2; LUK 1:9!9; LUK 7:36!12
εἰσενέγκωσιν	15.194	1	LUK 5:19!5
εἰσενέγκῃς	90.93	1	LUK 11:4!16
εἰσενεγκεῖν	15.194	1	LUK 5:18!14
εἰσερχέσθωσαν	15.93	1	LUK 21:21!22
εἰσερχομένου	15.93	1	LUK 17:12!2
εἰσερχομένους	90.70	1	LUK 11:52!16
εἰσηκούσθη	24.60	1	LUK 1:13!11
εἰσιν	13.1	4	LUK 12:38!15; LUK 16:8!29; LUK 20:36!8; LUK 7:32!2
εἰσιν	13.4	6	LUK 20:36!11; LUK 21:22!5; LUK 8:12!6; LUK 8:14!8; LUK 8:15!8; LUK 8:21!13
εἰσπορευόμενοι	15.93	3	LUK 11:33!17; LUK 19:30!9; LUK 8:16!18
εἰσπορεύεται	15.93	1	LUK 22:10!24
εἰσπορεύονται	15.93	1	LUK 18:24!18
εἰσφέρωσιν	15.194	1	LUK 12:11!3
εἰσὶν	13.1	4	LUK 13:30!3; LUK 13:30!9; LUK 18:9!11; LUK 7:31!11
εἰσὶν	13.69	2	LUK 13:14!18; LUK 9:13!13
εἰσῆλθεν	15.93	10	LUK 10:38!7; LUK 17:27!8; LUK 19:7!10; LUK 1:40!2; LUK 24:29!18; LUK 4:16!9; LUK 4:38!6; LUK 6:4!2; LUK 7:1!12; LUK 8:30!15
εἰσῆλθον	15.93	3	LUK 7:45!9; LUK 8:33!8; LUK 9:52!9
εἰσῆλθόν	15.93	1	LUK 7:44!13
εἰωθὸς	41.26	1	LUK 4:16!12
εἱλκωμένος	23.180	1	LUK 16:20!11
εἱστήκει	17.1	1	LUK 23:35!2
εἱστήκεισαν	17.1	1	LUK 23:10!1
εἱστήκεισαν	85.8	1	LUK 23:49!1
εἴ	89.65	1	LUK 19:8!19
εἴα	13.138	1	LUK 4:41!20
εἴδει	58.14	1	LUK 3:22!8
εἴδετε	24.1	1	LUK 7:22!9
εἴδομέν	24.1	1	LUK 9:49!6
εἴη	13.1	2	LUK 1:29!10; LUK 9:46!9
εἴη	13.4	5	LUK 15:26!9; LUK 18:36!7; LUK 22:23!10; LUK 3:15!17; LUK 8:9!9
εἴκοσι	60.25	1	LUK 14:31!23
εἴπατέ	33.69	1	LUK 20:3!11
εἴπατε	33.69	3	LUK 10:10!16; LUK 12:3!7; LUK 13:32!5
εἴπητε	33.69	2	LUK 12:11!22; LUK 13:35!17
εἴπω	33.69	1	LUK 22:67!14
εἴπωμεν	33.69	3	LUK 20:5!9; LUK 20:6!3; LUK 9:54!11
εἴπωσιν	33.69	1	LUK 6:26!5
εἴπῃ	33.69	3	LUK 11:5!16; LUK 11:7!4; LUK 12:45!3
εἴς	84.22	1	LUK 17:12!4
εἵνεκεν	89.58	1	LUK 4:18!6
εἶ	13.1	2	LUK 19:21!7; LUK 23:40!18
εἶ	13.4	13	LUK 22:58!12; LUK 22:67!4; LUK 22:70!6; LUK 23:3!8; LUK 23:37!5; LUK 23:39!11; LUK 3:22!19; LUK 4:3!8; LUK 4:34!14; LUK 4:41!12; LUK 4:9!18; LUK 7:19!7; LUK 7:20!17
εἶ	85.1	1	LUK 15:31!10
εἶδαν	24.1	1	LUK 10:24!16
εἶδεν	24.1	4	LUK 15:20!13; LUK 21:1!3; LUK 21:2!1; LUK 5:2!2
εἶδον	24.1	5	LUK 19:37!27; LUK 24:24!21; LUK 2:20!15; LUK 2:30!2; LUK 9:32!13
εἶδος	24.1	1	LUK 9:29!8
εἶδος	58.14	1	LUK 9:29!8
εἶναί	13.4	3	LUK 14:26!35; LUK 14:27!13; LUK 14:33!15
εἶναί	85.1	1	LUK 2:49!18
εἶναι	13.1	4	LUK 11:8!11; LUK 20:20!8; LUK 22:24!11; LUK 9:18!5
εἶναι	13.4	6	LUK 20:41!9; LUK 20:6!16; LUK 23:2!22; LUK 4:41!28; LUK 9:18!23; LUK 9:20!9
εἶναι	13.69	1	LUK 20:27!10
εἶναι	58.67	1	LUK 2:4!22
εἶναι	85.1	7	LUK 11:1!5; LUK 19:11!11; LUK 2:44!4; LUK 2:6!5; LUK 5:12!5; LUK 8:38!11; LUK 9:33!20
εἶπέν	33.69	2	LUK 11:1!13; LUK 9:57!7
εἶπαν	33.69	27	LUK 17:5!2; LUK 19:25!2; LUK 19:33!6; LUK 19:34!3; LUK 19:39!8; LUK 1:61!2; LUK 20:16!14; LUK 20:2!2; LUK 20:24!11; LUK 20:39!6; LUK 22:35!18; LUK 22:38!3; LUK 22:49!8; LUK 22:70!1; LUK 22:71!3; LUK 22:9!3; LUK 24:19!7; LUK 24:32!2; LUK 24:5!12; LUK 3:12!7; LUK 5:33!3; LUK 6:2!5; LUK 7:20!7; LUK 9:12!10; LUK 9:13!11; LUK 9:19!4; LUK 9:54!8
εἶπας	33.69	1	LUK 20:39!9
εἶπεν	31.5	3	LUK 16:3!1; LUK 18:4!9; LUK 7:39!8
εἶπεν	33.69	214	LUK 10:18!1; LUK 10:21!11; LUK 10:23!8; LUK 10:26!3; LUK 10:27!4; LUK 10:28!1; LUK 10:29!6; LUK 10:30!5; LUK 10:35!12; LUK 10:37!10; LUK 10:37!3; LUK 10:40!10; LUK 10:41!3; LUK 11:17!7; LUK 11:2!1; LUK 11:27!15; LUK 11:28!3; LUK 11:39!1; LUK 11:46!3; LUK 11:49!8; LUK 11:5!2; LUK 12:14!3; LUK 12:15!1; LUK 12:16!1; LUK 12:18!2; LUK 12:20!1; LUK 12:42!2; LUK 13:12!8; LUK 13:15!7; LUK 13:2!3; LUK 13:20!3; LUK 13:23!1; LUK 13:23!12; LUK 13:32!2; LUK 13:7!1; LUK 14:15!7; LUK 14:16!3; LUK 14:18!9; LUK 14:19!3; LUK 14:20!3; LUK 14:21!14; LUK 14:22!2; LUK 14:23!2; LUK 14:25!8; LUK 14:3!5; LUK 14:5!4; LUK 15:12!2; LUK 15:21!1; LUK 15:22!1; LUK 15:27!3; LUK 15:29!4; LUK 15:3!1; LUK 15:31!3; LUK 16:15!2; LUK 16:2!4; LUK 16:24!4; LUK 16:25!1; LUK 16:27!1; LUK 16:30!3; LUK 16:31!1; LUK 16:6!3; LUK 16:6!9; LUK 16:7!10; LUK 16:7!3; LUK 17:14!3; LUK 17:17!5; LUK 17:19!2; LUK 17:20!15; LUK 17:37!9; LUK 17:6!1; LUK 18:19!1; LUK 18:21!3; LUK 18:22!5; LUK 18:24!6; LUK 18:27!3; LUK 18:29!3; LUK 18:31!5; LUK 18:41!7; LUK 18:42!4; LUK 18:6!1; LUK 19:11!6; LUK 19:12!1; LUK 19:13!11; LUK 19:15!11; LUK 19:17!2; LUK 19:19!1; LUK 19:24!4; LUK 19:32!7; LUK 19:40!3; LUK 19:5!10; LUK 19:8!4; LUK 19:9!1; LUK 1:13!1; LUK 1:18!2; LUK 1:19!5; LUK 1:28!5; LUK 1:30!2; LUK 1:34!1; LUK 1:35!5; LUK 1:38!1; LUK 1:42!6; LUK 1:46!2; LUK 1:60!6; LUK 20:13!1; LUK 20:17!5; LUK 20:19!26; LUK 20:23!6; LUK 20:25!3; LUK 20:3!3; LUK 20:34!2; LUK 20:45!6; LUK 20:8!4; LUK 21:29!2; LUK 21:3!2; LUK 21:5!13; LUK 21:8!3; LUK 22:10!3; LUK 22:15!2; LUK 22:17!5; LUK 22:25!3; LUK 22:33!3; LUK 22:34!3; LUK 22:35!2; LUK 22:36!1; LUK 22:38!11; LUK 22:40!6; LUK 22:46!2; LUK 22:48!3; LUK 22:51!5; LUK 22:52!1; LUK 22:56!13; LUK 22:60!1; LUK 22:61!17; LUK 22:67!9; LUK 23:14!1; LUK 23:22!4; LUK 23:28!7; LUK 23:4!4; LUK 23:43!2; LUK 23:46!7; LUK 24:17!1; LUK 24:18!6; LUK 24:19!2; LUK 24:25!3; LUK 24:38!2; LUK 24:41!10; LUK 24:46!2; LUK 2:10!2; LUK 2:28!13; LUK 2:34!6; LUK 2:48!6; LUK 2:49!2; LUK 3:13!3; LUK 3:14!12; LUK 4:12!3; LUK 4:23!2; LUK 4:24!1; LUK 4:3!1; LUK 4:43!3; LUK 4:6!2; LUK 4:8!5; LUK 4:9!14; LUK 5:10!15; LUK 5:20!6; LUK 5:22!9; LUK 5:24!16; LUK 5:27!15; LUK 5:31!5; LUK 5:34!3; LUK 5:4!5; LUK 5:5!4; LUK 6:10!5; LUK 6:3!5; LUK 6:8!7; LUK 6:9!1; LUK 7:13!10; LUK 7:14!11; LUK 7:22!3; LUK 7:40!5; LUK 7:43!12; LUK 7:43!3; LUK 7:48!1; LUK 7:50!1; LUK 7:9!14; LUK 8:10!3; LUK 8:21!4; LUK 8:22!17; LUK 8:25!1; LUK 8:28!11; LUK 8:30!12; LUK 8:4!12; LUK 8:45!12; LUK 8:45!2; LUK 8:46!4; LUK 8:48!3; LUK 8:52!9; LUK 9:13!1; LUK 9:14!6; LUK 9:20!1; LUK 9:20!13; LUK 9:3!2; LUK 9:33!9; LUK 9:41!5; LUK 9:43!16; LUK 9:48!2; LUK 9:49!4; LUK 9:50!1; LUK 9:58!2; LUK 9:59!1; LUK 9:59!9; LUK 9:60!1; LUK 9:61!1; LUK 9:62!1; LUK 9:9!1
εἶπον	33.69	2	LUK 11:15!5; LUK 24:24!17
εἶτα	67.44	1	LUK 8:12!9
εἶχέν	57.1	1	LUK 13:6!7
εἶχεν	57.1	3	LUK 15:11!5; LUK 16:1!12; LUK 21:4!22
εἶχον	57.1	1	LUK 19:20!12
εἶχον	90.65	1	LUK 4:40!7
εἷς	60.10	4	LUK 17:15!1; LUK 17:34!12; LUK 18:10!9; LUK 7:41!7
εἷς	63.4	1	LUK 18:19!14
εἷς	92.22	3	LUK 22:47!10; LUK 22:50!3; LUK 24:18!3
εὐαγγελίζεται	33.215	1	LUK 16:16!14
εὐαγγελίζομαι	33.215	1	LUK 2:10!10
εὐαγγελίζονται	33.215	1	LUK 7:22!23
εὐαγγελίσασθαί	33.215	2	LUK 1:19!21; LUK 4:43!11
εὐαγγελίσασθαι	33.215	1	LUK 4:18!9
εὐαγγελιζομένου	33.215	1	LUK 20:1!15
εὐαγγελιζόμενοι	33.215	1	LUK 9:6!7
εὐαγγελιζόμενος	33.215	1	LUK 8:1!15
εὐγενὴς	87.27	1	LUK 19:12!5
εὐδοκία	25.88	1	LUK 10:21!37
εὐδοκίας	25.88	1	LUK 2:14!11
εὐδόκησα	25.87	1	LUK 3:22!27
εὐδόκησεν	25.87	1	LUK 12:32!7
εὐεργέται	35.15	1	LUK 22:25!15
εὐηγγελίζετο	33.215	1	LUK 3:18!7
εὐθέως	67.53	5	LUK 12:36!18; LUK 12:54!12; LUK 14:5!15; LUK 21:9!16; LUK 5:13!11
εὐθείαν	79.88	1	LUK 3:5!15
εὐθείας	79.88	1	LUK 3:4!18
εὐθὺς	67.53	1	LUK 6:49!22
εὐκαιρίαν	67.5	1	LUK 22:6!5
εὐκοπώτερον	22.39	2	LUK 18:25!1; LUK 5:23!3
εὐλαβής	53.8	1	LUK 2:25!16
εὐλογεῖν	33.470	1	LUK 24:51!5
εὐλογεῖτε	33.470	1	LUK 6:28!1
εὐλογημένος	88.69	1	LUK 1:42!12
εὐλογοῦντες	33.356	1	LUK 24:53!8
εὐλογῶν	33.356	1	LUK 1:64!13
εὐλόγησεν	33.356	3	LUK 24:30!12; LUK 2:28!9; LUK 9:16!14
εὐλόγησεν	33.470	2	LUK 24:50!12; LUK 2:34!2
εὐτόνως	78.18	1	LUK 23:10!8
εὐφραίνεσθαι	51.3	1	LUK 15:24!16
εὐφραίνου	51.3	1	LUK 12:19!17
εὐφραινόμενος	51.3	1	LUK 16:19!11
εὐφρανθῆναι	51.3	1	LUK 15:32!1
εὐφρανθῶ	51.3	1	LUK 15:29!28
εὐφρανθῶμεν	51.3	1	LUK 15:23!10
εὐφόρησεν	23.204	1	LUK 12:16!10
εὐχαριστήσας	33.349	2	LUK 22:17!4; LUK 22:19!4
εὐχαριστῶ	33.349	1	LUK 18:11!10
εὐχαριστῶν	33.349	1	LUK 17:16!9
εὑρέθη	27.27	3	LUK 15:24!13; LUK 15:32!18; LUK 9:36!7
εὑρέθησαν	27.27	1	LUK 17:18!2
εὑρήσει	27.27	3	LUK 12:37!9; LUK 12:43!10; LUK 18:8!17
εὑρήσετε	27.27	3	LUK 11:9!10; LUK 19:30!10; LUK 2:12!6
εὑρίσκει	27.1	1	LUK 11:25!3
εὑρίσκει	27.27	1	LUK 11:10!9
εὑρίσκον	27.27	1	LUK 11:24!17
εὑρίσκω	27.1	1	LUK 23:4!12
εὑρίσκω	27.27	1	LUK 13:7!20
εὑροῦσα	27.27	1	LUK 15:9!2
εὑροῦσαι	27.27	1	LUK 24:23!3
εὑρόντες	27.1	1	LUK 5:19!3
εὑρόντες	27.27	1	LUK 2:45!3
εὑρὼν	27.27	1	LUK 15:5!2
εὔθετόν	65.32	1	LUK 14:35!7
εὔθετός	66.3	1	LUK 9:62!16
εὕραμεν	27.27	1	LUK 23:2!7
εὕρισκον	27.1	1	LUK 19:48!3
εὕρωσιν	27.1	1	LUK 6:7!14
εὕρωσιν	27.27	1	LUK 9:12!25
εὕρῃ	27.27	3	LUK 12:38!12; LUK 15:4!27; LUK 15:8!23
εὗρεν	27.27	3	LUK 13:6!22; LUK 22:45!10; LUK 4:17!12
εὗρες	13.17	1	LUK 1:30!9
εὗρον	27.1	3	LUK 23:22!15; LUK 24:2!1; LUK 24:24!11
εὗρον	27.27	11	LUK 15:6!17; LUK 15:9!12; LUK 19:32!5; LUK 22:13!3; LUK 23:14!20; LUK 24:3!4; LUK 24:33!10; LUK 2:46!6; LUK 7:10!8; LUK 7:9!23; LUK 8:35!12
ζήσασα	23.88	1	LUK 2:36!15
ζήσεται	23.88	1	LUK 4:4!13
ζήσῃ	23.88	1	LUK 10:28!9
ζεῦγος	60.79	1	LUK 2:24!12
ζημιωθείς	57.69	1	LUK 9:25!13
ζητήσουσιν	68.60	1	LUK 13:24!11
ζητήσῃ	68.60	1	LUK 17:33!3
ζητεῖ	27.41	1	LUK 15:8!19
ζητεῖ	68.60	1	LUK 11:29!14
ζητεῖτε	25.9	2	LUK 12:29!4; LUK 12:31!2
ζητεῖτε	27.41	2	LUK 11:9!8; LUK 24:5!16
ζητηθήσεται	33.167	1	LUK 12:48!17
ζητοῦν	27.41	1	LUK 11:24!13
ζητῆσαι	27.41	1	LUK 19:10!7
ζητῶν	27.41	3	LUK 11:10!8; LUK 13:6!16; LUK 13:7!12
ζωγρῶν	37.1	1	LUK 5:10!28
ζωὴ	23.88	1	LUK 12:15!18
ζωὴν	23.88	3	LUK 10:25!12; LUK 18:18!11; LUK 18:30!16
ζωῇ	23.88	1	LUK 16:25!13
ζύμης	88.237	1	LUK 12:1!22
ζύμῃ	5.11	1	LUK 13:21!3
ζώντων	23.88	1	LUK 20:38!7
ζῆν	23.93	1	LUK 24:23!16
ζῳογονήσει	23.89	1	LUK 17:33!14
ζῶν	41.2	1	LUK 15:13!21
ζῶντα	23.88	1	LUK 24:5!18
ζῶσιν	23.88	1	LUK 20:38!11
ηὐλίζετο	67.194	1	LUK 21:37!13
ηὔξανε	23.188	1	LUK 1:80!4
ηὔξανεν	23.188	1	LUK 2:40!4
ηὔξησεν	23.188	1	LUK 13:19!13
θάλασσαν	1.69	1	LUK 17:2!15
θάμβος	25.208	2	LUK 4:36!3; LUK 5:9!1
θάνατον	23.99	2	LUK 22:33!15; LUK 2:26!12
θάψαι	35.46	1	LUK 9:59!15
θάψαι	52.4	1	LUK 9:60!7
θέλει	25.1	2	LUK 5:39!5; LUK 9:23!7
θέλει	30.58	1	LUK 13:31!16
θέλεις	25.1	3	LUK 18:41!3; LUK 22:9!6; LUK 9:54!10
θέλετε	25.1	1	LUK 6:31!3
θέλημά	25.2	1	LUK 22:42!14
θέλημα	25.2	2	LUK 12:47!19; LUK 12:47!8
θέλοι	25.1	1	LUK 1:62!9
θέλομεν	25.1	1	LUK 19:14!14
θέλοντές	25.1	1	LUK 8:20!15
θέλοντες	25.1	1	LUK 16:26!14
θέλω	25.1	2	LUK 12:49!9; LUK 4:6!22
θέλων	25.1	1	LUK 23:8!14
θέλων	30.58	3	LUK 10:29!3; LUK 14:28!5; LUK 23:20!6
θέλῃ	25.1	1	LUK 9:24!4
θέλῃς	30.58	1	LUK 5:12!28
θέντος	85.32	1	LUK 14:29!3
θέρος	67.163	1	LUK 21:30!12
θέτε	30.76	1	LUK 21:14!1
θήσει	85.32	1	LUK 12:46!28
θαλάσσης	1.69	1	LUK 21:25!19
θαλάσσῃ	1.69	1	LUK 17:6!21
θανάτου	23.99	5	LUK 1:79!7; LUK 23:15!13; LUK 23:22!14; LUK 24:20!13; LUK 9:27!14
θανατώσουσιν	20.65	1	LUK 21:16!13
θαυμάζοντες	25.213	1	LUK 2:33!9
θαυμάζων	25.213	1	LUK 24:12!19
θαυμάσαντες	25.213	1	LUK 20:26!11
θαυμαζόντων	25.213	2	LUK 24:41!9; LUK 9:43!11
θεάσασθαι	24.14	1	LUK 7:24!18
θελήματι	25.2	1	LUK 23:25!18
θελήσαντάς	25.1	1	LUK 19:27!8
θελόντων	25.102	1	LUK 20:46!6
θεμέλιον	7.41	2	LUK 14:29!5; LUK 6:48!12
θεμελίου	7.41	1	LUK 6:49!16
θεοῦ	12.1	66	LUK 10:11!24; LUK 10:9!16; LUK 11:20!16; LUK 11:20!5; LUK 11:28!11; LUK 11:42!24; LUK 11:49!7; LUK 12:6!16; LUK 12:8!25; LUK 12:9!13; LUK 13:18!9; LUK 13:20!9; LUK 13:28!25; LUK 13:29!18; LUK 14:15!17; LUK 15:10!10; LUK 16:15!27; LUK 16:16!13; LUK 17:20!11; LUK 17:20!21; LUK 17:21!12; LUK 18:16!24; LUK 18:17!11; LUK 18:24!17; LUK 18:25!15; LUK 18:29!26; LUK 19:11!23; LUK 1:19!14; LUK 1:26!13; LUK 1:37!6; LUK 1:6!7; LUK 1:78!4; LUK 1:8!15; LUK 20:21!22; LUK 20:25!14; LUK 20:36!12; LUK 21:31!15; LUK 22:16!16; LUK 22:18!20; LUK 22:69!16; LUK 23:35!22; LUK 23:51!21; LUK 24:19!25; LUK 2:40!11; LUK 3:2!8; LUK 3:38!8; LUK 3:6!8; LUK 4:34!18; LUK 4:43!17; LUK 5:1!14; LUK 6:12!20; LUK 6:20!21; LUK 6:4!7; LUK 7:28!17; LUK 7:30!10; LUK 8:1!19; LUK 8:10!12; LUK 8:11!12; LUK 8:21!18; LUK 9:11!16; LUK 9:2!8; LUK 9:20!17; LUK 9:27!21; LUK 9:43!8; LUK 9:60!18; LUK 9:62!21
θεοῦ	12.15	6	LUK 1:35!24; LUK 22:70!10; LUK 4:3!10; LUK 4:41!16; LUK 4:9!20; LUK 8:28!19
θεράπευσον	23.139	1	LUK 4:23!12
θερίζεις	43.14	1	LUK 19:21!13
θερίζουσιν	43.14	1	LUK 12:24!8
θερίζων	43.14	1	LUK 19:22!22
θεραπείας	23.139	1	LUK 9:11!21
θεραπείας	46.6	1	LUK 12:42!19
θεραπευθῆναι	23.139	1	LUK 8:43!20
θεραπεύει	23.139	1	LUK 6:7!12
θεραπεύειν	23.139	1	LUK 9:1!16
θεραπεύεσθαι	23.139	1	LUK 5:15!14
θεραπεύεσθε	23.139	1	LUK 13:14!27
θεραπεύετε	23.139	1	LUK 10:9!2
θεραπεύοντες	23.139	1	LUK 9:6!9
θεραπεῦσαι	23.139	1	LUK 14:3!15
θερισμοῦ	43.15	1	LUK 10:2!18
θερισμὸν	43.15	1	LUK 10:2!24
θερισμὸς	43.15	1	LUK 10:2!7
θεωρήσαντες	24.14	1	LUK 23:48!10
θεωρίαν	24.15	1	LUK 23:48!8
θεωρεῖν	24.14	1	LUK 24:37!8
θεωρεῖτε	24.14	2	LUK 21:6!3; LUK 24:39!26
θεωροῦντες	24.14	1	LUK 14:29!12
θεωρῶν	24.14	1	LUK 23:35!5
θεόν	12.1	12	LUK 10:27!8; LUK 13:13!12; LUK 17:15!14; LUK 18:43!9; LUK 1:64!15; LUK 23:40!12; LUK 24:53!10; LUK 4:12!13; LUK 4:8!10; LUK 5:25!17; LUK 5:26!8; LUK 7:29!11
θεός	12.1	6	LUK 12:20!5; LUK 18:11!9; LUK 18:13!22; LUK 18:19!16; LUK 5:21!24; LUK 8:39!12
θεὶς	17.19	1	LUK 22:41!10
θεὸν	12.1	13	LUK 12:21!8; LUK 18:2!9; LUK 18:4!15; LUK 19:37!21; LUK 1:16!10; LUK 20:37!16; LUK 20:37!19; LUK 20:37!22; LUK 23:47!9; LUK 2:13!12; LUK 2:20!9; LUK 2:28!11; LUK 7:16!8
θεὸς	12.1	9	LUK 12:24!17; LUK 12:28!15; LUK 16:15!14; LUK 18:7!3; LUK 1:32!13; LUK 1:68!4; LUK 20:38!1; LUK 3:8!23; LUK 7:16!20
θεῖναι	85.32	1	LUK 5:18!16
θεῖον	2.26	1	LUK 17:29!11
θεῷ	12.1	10	LUK 16:13!25; LUK 17:18!7; LUK 18:27!11; LUK 18:43!18; LUK 1:30!14; LUK 1:47!8; LUK 20:25!16; LUK 2:14!4; LUK 2:38!8; LUK 2:52!10
θηλαζούσαις	23.8	1	LUK 21:23!8
θηρεῦσαί	27.30	1	LUK 11:54!3
θησαυρίζων	65.11	1	LUK 12:21!3
θησαυροῦ	7.32	1	LUK 6:45!7
θησαυρὸν	65.10	2	LUK 12:33!13; LUK 18:22!20
θησαυρὸς	65.10	1	LUK 12:34!5
θορυβάζῃ	25.234	1	LUK 10:41!11
θριξὶν	8.12	2	LUK 7:38!18; LUK 7:44!34
θρόμβοι	8.65	1	LUK 22:44!13
θρόνον	37.71	1	LUK 1:32!15
θρόνων	37.71	1	LUK 1:52!4
θρόνων	37.72	1	LUK 22:30!16
θρὶξ	8.12	1	LUK 21:18!2
θυγάτηρ	10.46	4	LUK 12:53!13; LUK 2:36!5; LUK 8:42!2; LUK 8:49!13
θυγατέρα	10.31	1	LUK 13:16!3
θυγατέρα	10.46	1	LUK 12:53!11
θυγατέρων	10.31	1	LUK 1:5!21
θυμιάματος	53.25	2	LUK 1:10!13; LUK 1:11!12
θυμιᾶσαι	53.25	1	LUK 1:9!8
θυμοῦ	88.178	1	LUK 4:28!4
θυσίαν	53.20	1	LUK 2:24!4
θυσιαστηρίου	6.114	2	LUK 11:51!11; LUK 1:11!10
θυσιῶν	53.20	1	LUK 13:1!20
θύεσθαι	20.72	1	LUK 22:7!9
θύρα	7.49	1	LUK 11:7!11
θύραν	7.49	2	LUK 13:25!10; LUK 13:25!18
θύρας	7.49	1	LUK 13:24!6
θύσατε	20.72	1	LUK 15:23!7
θῶ	85.32	1	LUK 20:43!3
κάλαμον	3.19	1	LUK 7:24!19
κάλει	33.315	1	LUK 14:13!5
κάμηλον	4.30	1	LUK 18:25!4
κάρφος	3.66	3	LUK 6:41!5; LUK 6:42!11; LUK 6:42!39
κάτω	84.26	1	LUK 4:9!24
κέκλεισται	79.112	1	LUK 11:7!12
κέκλικεν	67.118	1	LUK 24:29!13
κέκλικεν	68.51	1	LUK 24:29!13
κέρας	76.16	1	LUK 1:69!3
κήρυγμα	33.258	1	LUK 11:32!18
καί	89.87	1	LUK 19:39!1
καί	89.92	1	LUK 21:8!17
καθ	84.31	3	LUK 23:5!10; LUK 4:14!16; LUK 8:39!15
καθ	90.31	1	LUK 9:50!13
καθήμενοι	17.12	2	LUK 10:13!26; LUK 5:17!13
καθήμενον	17.12	3	LUK 22:56!6; LUK 5:27!10; LUK 8:35!13
καθήμενος	17.12	1	LUK 22:69!10
καθήσεσθε	17.12	1	LUK 22:30!14
καθίσας	17.12	4	LUK 14:28!10; LUK 14:31!11; LUK 16:6!16; LUK 5:3!17
καθίσατε	85.63	1	LUK 24:49!14
καθαρίζετε	79.49	1	LUK 11:39!18
καθαρίζονται	23.137	1	LUK 7:22!17
καθαρίσαι	23.137	1	LUK 5:12!31
καθαρίσθητι	23.137	1	LUK 5:13!9
καθαρισμοῦ	53.28	2	LUK 2:22!7; LUK 5:14!17
καθαρὰ	53.29	1	LUK 11:41!9
καθαρὰ	79.48	1	LUK 11:41!9
καθεζόμενον	17.12	1	LUK 2:46!11
καθελὼν	15.199	1	LUK 23:53!2
καθελῶ	20.54	1	LUK 12:18!5
καθεξῆς	61.1	2	LUK 1:3!7; LUK 8:1!5
καθεύδει	23.66	1	LUK 8:52!16
καθεύδετε	23.66	1	LUK 22:46!5
καθεῖλεν	15.199	1	LUK 1:52!1
καθημένοις	17.12	1	LUK 7:32!7
καθημένοις	85.63	1	LUK 1:79!8
καθημένους	85.63	1	LUK 21:35!8
καθωπλισμένος	55.1	1	LUK 11:21!4
καθότι	89.33	2	LUK 19:9!14; LUK 1:7!6
καθὼς	64.14	17	LUK 11:1!24; LUK 11:30!1; LUK 17:26!2; LUK 17:28!2; LUK 19:32!6; LUK 1:2!1; LUK 1:55!1; LUK 1:70!1; LUK 22:13!4; LUK 22:29!4; LUK 24:24!13; LUK 24:39!24; LUK 2:20!16; LUK 2:23!1; LUK 5:14!19; LUK 6:31!2; LUK 6:36!3
καθῆκαν	15.111	1	LUK 5:19!17
καινοὺς	58.71	1	LUK 5:38!6
καινοῦ	58.71	2	LUK 5:36!12; LUK 5:36!35
καινὴ	67.115	1	LUK 22:20!13
καινὸν	58.71	1	LUK 5:36!23
καιομένη	14.63	1	LUK 24:32!9
καιροὶ	67.1	1	LUK 21:24!20
καιροῦ	67.1	1	LUK 4:13!11
καιρὸν	67.1	2	LUK 19:44!23; LUK 1:20!25
καιρὸν	67.109	1	LUK 8:13!21
καιρὸν	67.145	1	LUK 12:56!13
καιρὸς	67.145	1	LUK 21:8!19
καιρῷ	67.1	5	LUK 12:42!24; LUK 13:1!7; LUK 20:10!2; LUK 21:36!5; LUK 8:13!25
καιρῷ	67.145	1	LUK 18:30!8
καιόμενοι	14.63	1	LUK 12:35!9
κακά	65.26	1	LUK 16:25!19
κακοποιῆσαι	88.112	1	LUK 6:9!15
κακούργους	88.114	1	LUK 23:33!15
κακούργων	88.114	1	LUK 23:39!5
κακοῦργοι	88.114	1	LUK 23:32!5
κακὸν	88.106	1	LUK 23:22!9
κακῶς	23.148	2	LUK 5:31!16; LUK 7:2!5
καλέσαι	33.307	1	LUK 5:32!3
καλέσας	33.307	1	LUK 19:13!1
καλέσας	33.315	2	LUK 14:9!7; LUK 7:39!6
καλέσεις	33.129	2	LUK 1:13!24; LUK 1:31!10
καλεῖ	33.131	1	LUK 20:44!5
καλεῖσθαι	33.129	1	LUK 1:62!10
καλεῖται	33.129	2	LUK 1:61!13; LUK 2:4!18
καλεῖτε	33.131	1	LUK 6:46!4
καλουμένη	33.129	2	LUK 10:39!5; LUK 8:2!14
καλουμένην	33.129	2	LUK 7:11!9; LUK 9:10!17
καλουμένῃ	33.131	1	LUK 1:36!21
καλούμενον	33.129	1	LUK 22:3!7
καλούμενον	33.131	4	LUK 19:29!13; LUK 21:37!18; LUK 23:33!8; LUK 6:15!11
καλούμενος	33.129	1	LUK 19:2!5
καλοῖς	79.9	1	LUK 21:5!9
καλοῦνται	33.131	1	LUK 22:25!16
καλόν	65.22	1	LUK 6:43!15
καλόν	65.43	1	LUK 9:33!16
καλόν	66.2	1	LUK 9:33!16
καλύπτει	79.114	1	LUK 8:16!5
καλὸν	65.22	2	LUK 3:9!18; LUK 6:43!5
καλὸν	66.2	1	LUK 6:38!6
καλῇ	65.22	1	LUK 8:15!5
καλῇ	88.4	1	LUK 8:15!12
καλῶς	65.23	2	LUK 6:26!3; LUK 6:48!32
καλῶς	72.12	1	LUK 20:39!8
καλῶς	88.4	1	LUK 6:27!10
καρδία	26.3	2	LUK 12:34!10; LUK 24:32!7
καρδίαι	26.3	1	LUK 21:34!8
καρδίαις	26.3	2	LUK 3:15!10; LUK 5:22!16
καρδίαις	30.76	1	LUK 21:14!5
καρδίας	26.3	8	LUK 10:27!13; LUK 16:15!17; LUK 1:17!12; LUK 1:51!9; LUK 6:45!26; LUK 6:45!9; LUK 8:12!19; LUK 9:47!8
καρδίᾳ	26.3	6	LUK 12:45!9; LUK 24:25!11; LUK 24:38!14; LUK 2:19!12; LUK 2:51!24; LUK 8:15!11
καρδίᾳ	30.76	1	LUK 1:66!8
καρδιῶν	26.3	1	LUK 2:35!14
καρποφοροῦσιν	23.199	1	LUK 8:15!20
καρπούς	43.15	1	LUK 12:17!14
καρποὺς	13.86	1	LUK 3:8!3
καρποῦ	3.33	1	LUK 6:44!7
καρποῦ	43.15	1	LUK 20:10!11
καρπὸν	23.199	5	LUK 13:9!4; LUK 3:9!17; LUK 6:43!14; LUK 6:43!7; LUK 8:8!12
καρπὸν	3.33	7	LUK 13:6!17; LUK 13:7!13; LUK 13:9!4; LUK 3:9!17; LUK 6:43!14; LUK 6:43!7; LUK 8:8!12
καρπὸς	10.38	1	LUK 1:42!14
κατ	28.67	2	LUK 10:23!6; LUK 9:10!13
κατ	84.21	1	LUK 10:33!6
κατ	89.90	1	LUK 2:41!6
κατ	90.31	2	LUK 11:23!6; LUK 23:14!28
κατάβηθι	15.107	1	LUK 19:5!15
κατάκειται	23.21	1	LUK 7:37!13
κατάλυμα	7.30	1	LUK 22:11!14
κατέβαινεν	15.107	2	LUK 10:30!8; LUK 10:31!6
κατέβη	15.107	4	LUK 18:14!3; LUK 19:6!3; LUK 2:51!2; LUK 8:23!6
κατέδησεν	79.118	1	LUK 10:34!3
κατέκειτο	17.27	1	LUK 5:25!9
κατέκλασεν	19.38	1	LUK 9:16!17
κατέκλεισεν	37.125	1	LUK 3:20!7
κατέκλιναν	17.24	1	LUK 9:15!5
κατέλειπεν	35.17	1	LUK 10:40!21
κατέλιπον	85.65	1	LUK 20:31!12
κατέναντι	83.42	1	LUK 19:30!5
κατένευσαν	33.485	1	LUK 5:7!2
κατέπεσεν	15.118	1	LUK 8:6!3
κατέπλευσαν	54.13	1	LUK 8:26!2
κατέστησεν	37.104	1	LUK 12:14!8
κατέφαγεν	23.11	1	LUK 8:5!27
κατέχειν	85.9	1	LUK 14:9!21
κατέχουσιν	31.48	1	LUK 8:15!18
κατίσχυον	79.64	1	LUK 23:23!10
καταβάσει	15.109	1	LUK 19:37!7
καταβάτω	15.107	1	LUK 17:31!18
καταβαίνοντες	15.107	1	LUK 22:44!15
καταβιβασθήσῃ	15.108	1	LUK 10:15!11
καταβολῆς	42.37	1	LUK 11:50!11
καταβὰς	15.107	1	LUK 6:17!2
καταβῆναι	15.107	2	LUK 3:22!2; LUK 9:54!13
καταγαγόντες	54.16	1	LUK 5:11!2
καταδικάζετε	56.31	1	LUK 6:37!10
καταδικασθῆτε	56.31	1	LUK 6:37!14
κατακαύσει	14.66	1	LUK 3:17!23
κατακείμενοι	23.21	1	LUK 5:29!22
κατακλιθῆναι	17.23	1	LUK 24:30!5
κατακλιθῇς	17.23	1	LUK 14:8!8
κατακλυσμὸς	14.34	1	LUK 17:27!16
κατακολουθήσασαι	15.145	1	LUK 23:55!1
κατακρημνίσαι	15.221	1	LUK 4:29!22
κατακρινεῖ	56.31	1	LUK 11:31!14
κατακρινοῦσιν	56.31	1	LUK 11:32!12
καταλείπει	15.57	1	LUK 15:4!14
καταλιθάσει	20.79	1	LUK 20:6!9
καταλιπὼν	85.65	1	LUK 5:28!2
καταλυθήσεται	20.54	1	LUK 21:6!15
καταλύματι	7.11	1	LUK 2:7!23
καταλύσωσιν	34.61	1	LUK 9:12!23
καταλῦσαι	34.61	1	LUK 19:7!11
κατανοήσας	32.12	1	LUK 20:23!1
κατανοήσατε	30.4	2	LUK 12:24!1; LUK 12:27!1
κατανοεῖς	30.43	1	LUK 6:41!22
καταξιωθέντες	65.18	1	LUK 20:35!3
καταπέτασμα	6.160	1	LUK 23:45!7
καταπατεῖν	19.52	1	LUK 12:1!9
καταργεῖ	76.26	1	LUK 13:7!27
καταρωμένους	33.471	1	LUK 6:28!3
κατασκευάσει	77.7	1	LUK 7:27!15
κατασκηνώσεις	6.146	1	LUK 9:58!15
καταστήσει	37.104	2	LUK 12:42!14; LUK 12:44!10
κατασφάξατε	20.72	1	LUK 19:27!16
κατασύρῃ	15.179	1	LUK 12:58!19
καταφαγών	57.150	1	LUK 15:30!8
καταφιλοῦσά	34.62	1	LUK 7:45!12
καταφρονήσει	88.192	1	LUK 16:13!22
καταψύξῃ	79.76	1	LUK 16:24!21
κατεγέλων	33.410	1	LUK 8:53!2
κατεκλίθη	17.23	1	LUK 7:36!18
κατελθόντων	15.107	1	LUK 9:37!6
κατεπατήθη	19.52	1	LUK 8:5!21
κατεσθίουσιν	88.145	1	LUK 20:47!2
κατεσκήνωσεν	6.147	1	LUK 13:19!23
κατεσκευασμένον	77.6	1	LUK 1:17!24
κατευθῦναι	41.17	1	LUK 1:79!10
κατεφίλει	34.62	1	LUK 7:38!24
κατεφίλησεν	34.62	1	LUK 15:20!28
κατεῖχον	37.17	1	LUK 4:42!19
κατηγορεῖν	33.427	2	LUK 23:2!3; LUK 6:7!15
κατηγορεῖτε	33.427	1	LUK 23:14!27
κατηγοροῦντες	33.427	1	LUK 23:10!9
κατηρτισμένος	75.5	1	LUK 6:40!7
κατηχήθης	33.190	1	LUK 1:4!5
κατηχήθης	33.225	1	LUK 1:4!5
κατισχύσητε	74.10	1	LUK 21:36!8
κατισχύσητε	79.64	1	LUK 21:36!8
κατοικεῖ	85.69	1	LUK 11:26!12
κατοικοῦντας	85.69	1	LUK 13:4!26
κατὰ	58.51	1	LUK 9:18!8
κατὰ	83.12	1	LUK 9:6!4
κατὰ	83.34	1	LUK 2:31!3
κατὰ	84.21	2	LUK 10:32!5; LUK 8:33!16
κατὰ	84.30	1	LUK 10:4!10
κατὰ	84.31	1	LUK 9:6!4
κατὰ	89.8	13	LUK 10:31!1; LUK 1:38!10; LUK 1:9!1; LUK 22:22!7; LUK 22:39!4; LUK 23:56!12; LUK 2:22!9; LUK 2:24!5; LUK 2:27!21; LUK 2:29!7; LUK 2:39!6; LUK 2:42!8; LUK 4:16!10
κατὰ	89.90	5	LUK 13:22!3; LUK 15:14!8; LUK 21:11!5; LUK 8:1!9; LUK 8:4!7
κατῃσχύνοντο	25.194	1	LUK 13:17!5
κατῆλθεν	15.107	1	LUK 4:31!2
καὶ	89.102	16	LUK 10:30!17; LUK 10:30!20; LUK 12:45!26; LUK 15:2!6; LUK 21:11!13; LUK 22:33!10; LUK 22:33!13; LUK 22:66!12; LUK 23:12!7; LUK 2:16!9; LUK 2:46!16; LUK 2:46!19; LUK 5:10!3; LUK 5:10!5; LUK 5:36!21; LUK 5:36!25
καὶ	89.87	493	LUK 10:1!11; LUK 10:21!10; LUK 10:30!13; LUK 10:31!11; LUK 10:32!9; LUK 10:33!8; LUK 10:34!1; LUK 10:34!22; LUK 10:35!1; LUK 10:35!11; LUK 10:37!16; LUK 10:6!1; LUK 10:8!7; LUK 11:14!14; LUK 11:22!15; LUK 11:25!1; LUK 11:26!10; LUK 11:28!12; LUK 11:31!13; LUK 11:32!11; LUK 11:44!10; LUK 11:49!15; LUK 11:5!10; LUK 11:5!15; LUK 11:53!12; LUK 12:18!1; LUK 12:18!12; LUK 12:18!9; LUK 12:19!1; LUK 12:28!9; LUK 12:33!5; LUK 12:36!16; LUK 12:37!16; LUK 12:37!19; LUK 12:38!11; LUK 12:42!1; LUK 12:45!16; LUK 12:46!18; LUK 12:58!24; LUK 12:58!31; LUK 13:11!1; LUK 13:12!7; LUK 13:13!1; LUK 13:13!9; LUK 13:15!24; LUK 13:19!12; LUK 13:19!14; LUK 13:19!18; LUK 13:2!1; LUK 13:25!11; LUK 13:25!15; LUK 13:25!7; LUK 13:29!12; LUK 13:32!16; LUK 13:32!18; LUK 13:33!5; LUK 13:33!7; LUK 13:6!14; LUK 13:8!18; LUK 14:12!33; LUK 14:17!1; LUK 14:2!1; LUK 14:21!1; LUK 14:21!27; LUK 14:22!1; LUK 14:23!1; LUK 14:23!14; LUK 14:25!6; LUK 14:27!7; LUK 14:3!1; LUK 14:4!4; LUK 14:4!8; LUK 14:5!1; LUK 14:5!13; LUK 14:6!1; LUK 14:9!1; LUK 14:9!13; LUK 14:9!5; LUK 15:12!1; LUK 15:13!1; LUK 15:13!15; LUK 15:14!12; LUK 15:15!1; LUK 15:15!10; LUK 15:18!7; LUK 15:2!1; LUK 15:20!1; LUK 15:20!18; LUK 15:20!20; LUK 15:20!27; LUK 15:22!14; LUK 15:23!8; LUK 15:24!14; LUK 15:25!10; LUK 15:26!1; LUK 15:27!10; LUK 15:4!21; LUK 15:4!8; LUK 15:5!1; LUK 15:6!1; LUK 15:8!14; LUK 15:9!1; LUK 16:15!1; LUK 16:18!7; LUK 16:22!21; LUK 16:22!6; LUK 16:23!1; LUK 16:24!1; LUK 16:24!20; LUK 16:24!9; LUK 16:6!15; LUK 16:7!20; LUK 17:12!1; LUK 17:13!1; LUK 17:14!1; LUK 17:14!10; LUK 17:16!1; LUK 17:19!1; LUK 17:2!11; LUK 17:23!1; LUK 17:27!13; LUK 17:27!17; LUK 17:29!14; LUK 17:3!10; LUK 17:37!1; LUK 17:4!9; LUK 17:6!17; LUK 17:6!22; LUK 17:8!16; LUK 17:8!8; LUK 18:22!15; LUK 18:22!23; LUK 18:3!8; LUK 18:30!10; LUK 18:31!12; LUK 18:32!5; LUK 18:33!1; LUK 18:33!5; LUK 18:38!1; LUK 18:42!1; LUK 18:43!10; LUK 18:43!4; LUK 19:12!13; LUK 19:13!10; LUK 19:15!1; LUK 19:15!10; LUK 19:17!1; LUK 19:18!1; LUK 19:2!1; LUK 19:20!1; LUK 19:24!1; LUK 19:24!10; LUK 19:25!1; LUK 19:27!15; LUK 19:30!19; LUK 19:31!1; LUK 19:35!1; LUK 19:35!7; LUK 19:4!1; LUK 19:40!1; LUK 19:44!1; LUK 19:5!1; LUK 19:6!1; LUK 19:6!4; LUK 19:7!1; LUK 1:12!1; LUK 1:13!23; LUK 1:18!1; LUK 1:19!1; LUK 1:22!7; LUK 1:23!1; LUK 1:24!11; LUK 1:28!1; LUK 1:30!1; LUK 1:31!6; LUK 1:31!9; LUK 1:35!1; LUK 1:38!14; LUK 1:40!1; LUK 1:40!7; LUK 1:41!1; LUK 1:42!1; LUK 1:56!9; LUK 1:57!10; LUK 1:58!1; LUK 1:58!17; LUK 1:60!1; LUK 1:61!1; LUK 1:63!1; LUK 1:63!10; LUK 1:64!11; LUK 1:65!1; LUK 1:66!1; LUK 1:67!9; LUK 20:10!1; LUK 20:11!1; LUK 20:12!1; LUK 20:15!1; LUK 20:16!2; LUK 20:16!7; LUK 20:19!1; LUK 20:2!1; LUK 20:21!1; LUK 20:26!1; LUK 20:26!10; LUK 20:28!23; LUK 20:29!5; LUK 20:3!10; LUK 20:30!1; LUK 20:31!1; LUK 20:31!14; LUK 20:7!1; LUK 20:8!1; LUK 20:9!13; LUK 20:9!17; LUK 21:27!1; LUK 21:3!1; LUK 21:36!15; LUK 21:38!1; LUK 21:7!10; LUK 22:11!1; LUK 22:13!7; LUK 22:15!1; LUK 22:17!1; LUK 22:19!1; LUK 22:19!6; LUK 22:23!1; LUK 22:32!12; LUK 22:36!21; LUK 22:41!1; LUK 22:41!9; LUK 22:44!1; LUK 22:45!1; LUK 22:46!1; LUK 22:47!15; LUK 22:5!3; LUK 22:50!1; LUK 22:51!9; LUK 22:54!5; LUK 22:55!8; LUK 22:56!10; LUK 22:58!1; LUK 22:59!1; LUK 22:6!1; LUK 22:6!3; LUK 22:60!10; LUK 22:61!1; LUK 22:61!8; LUK 22:62!1; LUK 22:64!1; LUK 22:66!14; LUK 23:42!1; LUK 23:43!1; LUK 23:46!1; LUK 23:48!1; LUK 23:53!1; LUK 23:53!6; LUK 23:7!1; LUK 24:12!15; LUK 24:12!9; LUK 24:15!1; LUK 24:19!1; LUK 24:20!14; LUK 24:24!1; LUK 24:24!10; LUK 24:25!1; LUK 24:26!7; LUK 24:27!1; LUK 24:28!8; LUK 24:29!17; LUK 24:30!13; LUK 24:31!9; LUK 24:32!1; LUK 24:33!1; LUK 24:33!9; LUK 24:34!7; LUK 24:35!1; LUK 24:35!8; LUK 24:38!1; LUK 24:4!1; LUK 24:40!1; LUK 24:43!1; LUK 24:46!10; LUK 24:47!1; LUK 24:5!5; LUK 24:50!7; LUK 24:52!1; LUK 24:53!1; LUK 24:7!13; LUK 24:7!15; LUK 24:8!1; LUK 24:9!1; LUK 2:10!1; LUK 2:13!1; LUK 2:15!21; LUK 2:16!1; LUK 2:16!4; LUK 2:18!1; LUK 2:20!1; LUK 2:27!1; LUK 2:27!9; LUK 2:28!1; LUK 2:28!8; LUK 2:3!1; LUK 2:33!1; LUK 2:34!1; LUK 2:34!17; LUK 2:34!5; LUK 2:42!1; LUK 2:43!1; LUK 2:44!11; LUK 2:45!1; LUK 2:46!1; LUK 2:48!1; LUK 2:48!5; LUK 2:49!1; LUK 2:51!1; LUK 2:51!5; LUK 2:7!1; LUK 2:7!11; LUK 2:7!8; LUK 2:9!1; LUK 2:9!11; LUK 3:12!6; LUK 3:14!11; LUK 3:17!12; LUK 3:21!9; LUK 3:22!1; LUK 3:22!13; LUK 3:3!1; LUK 3:9!20; LUK 4:1!10; LUK 4:12!1; LUK 4:13!1; LUK 4:14!13; LUK 4:15!1; LUK 4:16!22; LUK 4:16!8; LUK 4:17!1; LUK 4:17!8; LUK 4:2!15; LUK 4:20!1; LUK 4:20!9; LUK 4:22!1; LUK 4:22!18; LUK 4:23!1; LUK 4:28!1; LUK 4:29!1; LUK 4:29!8; LUK 4:32!1; LUK 4:35!1; LUK 4:35!12; LUK 4:36!1; LUK 4:36!24; LUK 4:36!6; LUK 4:38!19; LUK 4:39!1; LUK 4:39!8; LUK 4:4!1; LUK 4:42!14; LUK 4:42!18; LUK 4:42!9; LUK 4:44!1; LUK 4:6!1; LUK 4:6!19; LUK 4:8!1; LUK 4:9!13; LUK 4:9!6; LUK 5:10!14; LUK 5:11!1; LUK 5:13!1; LUK 5:13!10; LUK 5:14!1; LUK 5:14!13; LUK 5:15!8; LUK 5:18!1; LUK 5:19!1; LUK 5:20!1; LUK 5:21!1; LUK 5:23!13; LUK 5:24!22; LUK 5:25!1; LUK 5:26!1; LUK 5:27!14; LUK 5:27!5; LUK 5:28!1; LUK 5:30!1; LUK 5:31!1; LUK 5:35!4; LUK 5:37!19; LUK 5:4!13; LUK 5:5!1; LUK 5:6!1; LUK 5:7!1; LUK 5:7!13; LUK 5:7!15; LUK 6:1!9; LUK 6:10!1; LUK 6:10!14; LUK 6:11!5; LUK 6:13!1; LUK 6:13!9; LUK 6:3!1; LUK 6:4!8; LUK 6:47!11; LUK 6:47!6; LUK 6:48!10; LUK 6:49!21; LUK 6:6!11; LUK 6:8!17; LUK 6:8!22; LUK 7:10!1; LUK 7:13!1; LUK 7:13!9; LUK 7:14!1; LUK 7:14!10; LUK 7:15!1; LUK 7:15!5; LUK 7:15!8; LUK 7:18!10; LUK 7:22!1; LUK 7:36!11; LUK 7:37!1; LUK 7:38!16; LUK 7:38!28; LUK 7:40!1; LUK 7:44!1; LUK 7:44!32; LUK 7:49!1; LUK 7:9!8; LUK 8:12!13; LUK 8:13!23; LUK 8:15!19; LUK 8:22!16; LUK 8:22!26; LUK 8:28!8; LUK 8:29!22; LUK 8:31!1; LUK 8:32!20; LUK 8:33!12; LUK 8:33!22; LUK 8:34!8; LUK 8:35!11; LUK 8:35!29; LUK 8:35!6; LUK 8:37!1; LUK 8:39!13; LUK 8:39!6; LUK 8:41!14; LUK 8:43!1; LUK 8:44!9; LUK 8:45!1; LUK 8:47!10; LUK 8:5!20; LUK 8:5!9; LUK 8:53!1; LUK 8:55!1; LUK 8:55!6; LUK 8:55!9; LUK 8:56!1; LUK 8:6!7; LUK 8:7!8; LUK 8:8!9; LUK 9:10!9; LUK 9:11!7; LUK 9:15!1; LUK 9:16!16; LUK 9:16!18; LUK 9:17!1; LUK 9:17!6; LUK 9:2!1; LUK 9:22!19; LUK 9:22!21; LUK 9:23!13; LUK 9:23!20; LUK 9:29!1; LUK 9:3!1; LUK 9:30!1; LUK 9:33!1; LUK 9:34!7; LUK 9:35!1; LUK 9:36!1; LUK 9:36!10; LUK 9:39!6; LUK 9:4!9; LUK 9:42!23; LUK 9:48!1; LUK 9:49!14; LUK 9:52!1; LUK 9:52!7; LUK 9:56!1; LUK 9:7!9; LUK 9:9!16
καὶ	89.92	605	LUK 10:1!23; LUK 10:13!11; LUK 10:13!24; LUK 10:14!3; LUK 10:15!1; LUK 10:16!6; LUK 10:19!10; LUK 10:19!12; LUK 10:19!19; LUK 10:21!26; LUK 10:21!28; LUK 10:22!19; LUK 10:22!28; LUK 10:22!8; LUK 10:24!17; LUK 10:24!7; LUK 10:27!15; LUK 10:27!21; LUK 10:27!27; LUK 10:27!33; LUK 10:34!9; LUK 10:35!15; LUK 10:39!1; LUK 10:4!8; LUK 10:41!10; LUK 10:7!8; LUK 10:8!1; LUK 10:9!1; LUK 10:9!7; LUK 11:10!10; LUK 11:10!6; LUK 11:17!15; LUK 11:23!9; LUK 11:25!5; LUK 11:26!3; LUK 11:27!23; LUK 11:31!27; LUK 11:32!20; LUK 11:39!15; LUK 11:39!25; LUK 11:4!1; LUK 11:4!14; LUK 11:42!10; LUK 11:42!13; LUK 11:42!20; LUK 11:43!12; LUK 11:49!13; LUK 11:49!19; LUK 11:51!12; LUK 11:52!14; LUK 11:53!7; LUK 11:6!9; LUK 11:7!13; LUK 12:10!1; LUK 12:11!11; LUK 12:11!8; LUK 12:15!6; LUK 12:18!18; LUK 12:23!8; LUK 12:24!15; LUK 12:29!1; LUK 12:29!10; LUK 12:29!7; LUK 12:3!12; LUK 12:35!6; LUK 12:36!1; LUK 12:45!21; LUK 12:45!28; LUK 12:46!12; LUK 12:46!21; LUK 12:48!20; LUK 12:49!7; LUK 12:50!5; LUK 12:52!14; LUK 12:53!12; LUK 12:53!22; LUK 12:53!5; LUK 12:54!17; LUK 12:55!1; LUK 12:55!9; LUK 12:56!6; LUK 13:16!12; LUK 13:17!10; LUK 13:22!5; LUK 13:22!8; LUK 13:26!7; LUK 13:26!9; LUK 13:28!13; LUK 13:28!15; LUK 13:28!17; LUK 13:28!5; LUK 13:29!1; LUK 13:29!10; LUK 13:29!5; LUK 13:29!7; LUK 13:30!1; LUK 13:30!8; LUK 13:32!12; LUK 13:34!7; LUK 13:4!13; LUK 14:11!7; LUK 14:16!10; LUK 14:19!1; LUK 14:20!1; LUK 14:21!23; LUK 14:21!30; LUK 14:21!32; LUK 14:21!34; LUK 14:22!9; LUK 14:23!12; LUK 14:26!12; LUK 14:26!15; LUK 14:26!18; LUK 14:26!21; LUK 14:26!24; LUK 14:26!6; LUK 14:3!9; LUK 15:1!8; LUK 15:16!1; LUK 15:18!15; LUK 15:2!14; LUK 15:21!11; LUK 15:22!17; LUK 15:22!24; LUK 15:23!1; LUK 15:25!18; LUK 15:28!3; LUK 15:29!13; LUK 15:31!11; LUK 15:32!15; LUK 15:32!3; LUK 15:6!9; LUK 15:8!18; LUK 15:9!6; LUK 16:1!14; LUK 16:10!10; LUK 16:12!1; LUK 16:13!27; LUK 16:16!15; LUK 16:16!3; LUK 16:18!11; LUK 16:19!6; LUK 16:19!9; LUK 16:21!1; LUK 16:23!16; LUK 16:26!1; LUK 16:26!7; LUK 16:29!6; LUK 16:31!6; LUK 16:9!1; LUK 17:11!14; LUK 17:16!11; LUK 17:25!7; LUK 17:26!1; LUK 17:29!10; LUK 17:31!10; LUK 17:31!21; LUK 17:4!1; LUK 17:8!14; LUK 17:8!20; LUK 18:1!11; LUK 18:10!11; LUK 18:16!13; LUK 18:2!12; LUK 18:20!16; LUK 18:32!7; LUK 18:32!9; LUK 18:34!14; LUK 18:7!16; LUK 18:7!18; LUK 18:9!13; LUK 19:10!8; LUK 19:11!14; LUK 19:2!11; LUK 19:2!7; LUK 19:21!12; LUK 19:22!21; LUK 19:29!7; LUK 19:3!1; LUK 19:38!12; LUK 19:43!13; LUK 19:43!16; LUK 19:44!10; LUK 19:44!4; LUK 19:47!13; LUK 19:47!19; LUK 19:8!18; LUK 1:10!1; LUK 1:12!5; LUK 1:13!15; LUK 1:14!1; LUK 1:14!5; LUK 1:14!7; LUK 1:15!14; LUK 1:15!7; LUK 1:16!1; LUK 1:17!1; LUK 1:17!16; LUK 1:17!8; LUK 1:18!15; LUK 1:19!15; LUK 1:19!20; LUK 1:2!8; LUK 1:20!1; LUK 1:20!5; LUK 1:21!8; LUK 1:22!20; LUK 1:27!11; LUK 1:29!7; LUK 1:31!1; LUK 1:32!4; LUK 1:32!8; LUK 1:33!1; LUK 1:33!10; LUK 1:35!12; LUK 1:36!1; LUK 1:36!14; LUK 1:41!18; LUK 1:42!11; LUK 1:42!5; LUK 1:43!1; LUK 1:45!1; LUK 1:47!1; LUK 1:49!7; LUK 1:5!16; LUK 1:5!23; LUK 1:50!1; LUK 1:50!7; LUK 1:52!5; LUK 1:53!4; LUK 1:55!9; LUK 1:58!5; LUK 1:59!12; LUK 1:6!13; LUK 1:64!7; LUK 1:65!9; LUK 1:68!9; LUK 1:69!1; LUK 1:7!1; LUK 1:7!11; LUK 1:71!5; LUK 1:72!7; LUK 1:75!3; LUK 1:79!5; LUK 1:80!5; LUK 1:80!8; LUK 20:1!14; LUK 20:1!19; LUK 20:11!10; LUK 20:19!5; LUK 20:20!18; LUK 20:21!10; LUK 20:21!12; LUK 20:24!7; LUK 20:25!11; LUK 20:28!12; LUK 20:34!12; LUK 20:35!8; LUK 20:36!9; LUK 20:37!18; LUK 20:37!21; LUK 20:46!10; LUK 20:46!16; LUK 20:46!21; LUK 20:47!7; LUK 21:10!8; LUK 21:11!4; LUK 21:11!8; LUK 21:12!11; LUK 21:12!17; LUK 21:12!22; LUK 21:15!6; LUK 21:16!10; LUK 21:16!12; LUK 21:16!6; LUK 21:16!8; LUK 21:17!1; LUK 21:21!10; LUK 21:21!16; LUK 21:23!20; LUK 21:23!6; LUK 21:24!1; LUK 21:24!11; LUK 21:24!5; LUK 21:25!10; LUK 21:25!20; LUK 21:25!6; LUK 21:25!8; LUK 21:26!5; LUK 21:27!13; LUK 21:28!6; LUK 21:29!8; LUK 21:34!11; LUK 21:34!13; LUK 21:5!10; LUK 21:9!5; LUK 22:14!7; LUK 22:17!8; LUK 22:2!1; LUK 22:2!5; LUK 22:25!11; LUK 22:26!14; LUK 22:30!13; LUK 22:30!3; LUK 22:35!11; LUK 22:35!9; LUK 22:36!13; LUK 22:4!6; LUK 22:44!7; LUK 22:47!6; LUK 22:52!10; LUK 22:52!14; LUK 22:52!22; LUK 22:53!22; LUK 22:65!1; LUK 22:8!4; LUK 23:10!5; LUK 23:11!11; LUK 23:13!6; LUK 23:13!9; LUK 23:14!13; LUK 23:15!9; LUK 23:19!10; LUK 23:2!12; LUK 23:2!17; LUK 23:25!6; LUK 23:27!12; LUK 23:27!8; LUK 23:28!18; LUK 23:29!11; LUK 23:29!17; LUK 23:30!9; LUK 23:33!13; LUK 23:35!1; LUK 23:37!1; LUK 23:39!16; LUK 23:4!8; LUK 23:41!1; LUK 23:49!8; LUK 23:50!10; LUK 23:51!7; LUK 23:54!5; LUK 23:55!15; LUK 23:56!5; LUK 23:8!22; LUK 24:10!12; LUK 24:10!6; LUK 24:10!8; LUK 24:14!1; LUK 24:15!7; LUK 24:18!13; LUK 24:19!21; LUK 24:19!26; LUK 24:20!7; LUK 24:21!14; LUK 24:25!8; LUK 24:27!5; LUK 24:33!14; LUK 24:37!3; LUK 24:38!7; LUK 24:39!15; LUK 24:39!20; LUK 24:39!5; LUK 24:40!8; LUK 24:41!8; LUK 24:44!27; LUK 24:44!29; LUK 24:49!1; LUK 24:51!1; LUK 24:9!11; LUK 2:12!1; LUK 2:12!9; LUK 2:13!13; LUK 2:14!5; LUK 2:16!12; LUK 2:20!14; LUK 2:20!6; LUK 2:24!1; LUK 2:25!10; LUK 2:25!15; LUK 2:25!21; LUK 2:26!1; LUK 2:28!12; LUK 2:32!5; LUK 2:33!6; LUK 2:34!23; LUK 2:37!1; LUK 2:37!14; LUK 2:37!18; LUK 2:38!1; LUK 2:38!9; LUK 2:4!26; LUK 2:40!5; LUK 2:40!9; LUK 2:44!17; LUK 2:47!10; LUK 2:51!13; LUK 2:51!9; LUK 2:52!11; LUK 2:52!5; LUK 2:52!7; LUK 2:8!10; LUK 2:9!6; LUK 3:1!14; LUK 3:1!27; LUK 3:1!30; LUK 3:11!13; LUK 3:14!18; LUK 3:15!5; LUK 3:16!32; LUK 3:18!4; LUK 3:19!16; LUK 3:2!4; LUK 3:21!12; LUK 3:5!10; LUK 3:5!16; LUK 3:5!4; LUK 3:5!7; LUK 3:6!1; LUK 3:8!7; LUK 4:11!1; LUK 4:18!16; LUK 4:2!7; LUK 4:22!5; LUK 4:25!23; LUK 4:27!1; LUK 4:31!8; LUK 4:35!8; LUK 4:36!18; LUK 4:37!1; LUK 4:41!17; LUK 4:41!8; LUK 4:6!12; LUK 4:8!13; LUK 5:1!15; LUK 5:1!9; LUK 5:15!13; LUK 5:16!8; LUK 5:17!15; LUK 5:17!25; LUK 5:17!27; LUK 5:17!29; LUK 5:17!7; LUK 5:18!11; LUK 5:18!15; LUK 5:21!6; LUK 5:26!5; LUK 5:26!9; LUK 5:29!11; LUK 5:29!16; LUK 5:30!19; LUK 5:30!22; LUK 5:30!5; LUK 5:33!11; LUK 5:33!23; LUK 5:37!1; LUK 5:37!22; LUK 5:39!1; LUK 5:9!5; LUK 6:1!14; LUK 6:14!11; LUK 6:14!13; LUK 6:14!15; LUK 6:14!17; LUK 6:14!6; LUK 6:15!1; LUK 6:15!3; LUK 6:15!5; LUK 6:15!8; LUK 6:16!1; LUK 6:16!4; LUK 6:17!14; LUK 6:17!23; LUK 6:17!25; LUK 6:17!29; LUK 6:17!9; LUK 6:18!11; LUK 6:18!5; LUK 6:19!1; LUK 6:19!13; LUK 6:22!12; LUK 6:22!14; LUK 6:22!8; LUK 6:23!6; LUK 6:25!14; LUK 6:29!11; LUK 6:3!17; LUK 6:30!5; LUK 6:31!1; LUK 6:34!1; LUK 6:35!18; LUK 6:35!29; LUK 6:35!6; LUK 6:35!8; LUK 6:37!8; LUK 6:4!15; LUK 6:45!14; LUK 6:5!1; LUK 6:6!17; LUK 6:7!5; LUK 7:11!11; LUK 7:11!17; LUK 7:12!17; LUK 7:12!21; LUK 7:16!16; LUK 7:16!5; LUK 7:17!12; LUK 7:21!11; LUK 7:21!14; LUK 7:21!9; LUK 7:22!10; LUK 7:23!1; LUK 7:25!15; LUK 7:29!1; LUK 7:30!4; LUK 7:32!8; LUK 7:34!14; LUK 7:34!18; LUK 7:34!7; LUK 7:37!10; LUK 7:38!1; LUK 7:38!23; LUK 7:8!13; LUK 7:8!19; LUK 7:8!24; LUK 8:1!11; LUK 8:1!14; LUK 8:1!20; LUK 8:10!22; LUK 8:14!14; LUK 8:14!16; LUK 8:15!13; LUK 8:17!15; LUK 8:18!11; LUK 8:19!7; LUK 8:2!1; LUK 8:2!10; LUK 8:20!7; LUK 8:21!20; LUK 8:21!9; LUK 8:22!12; LUK 8:23!14; LUK 8:24!15; LUK 8:25!23; LUK 8:27!15; LUK 8:27!21; LUK 8:29!16; LUK 8:29!19; LUK 8:3!1; LUK 8:3!7; LUK 8:3!9; LUK 8:34!13; LUK 8:35!22; LUK 8:4!5; LUK 8:41!8; LUK 8:42!9; LUK 8:45!20; LUK 8:47!23; LUK 8:5!22; LUK 8:51!15; LUK 8:51!17; LUK 8:51!19; LUK 8:51!24; LUK 8:52!4; LUK 8:6!1; LUK 8:7!1; LUK 8:8!1; LUK 9:1!14; LUK 9:1!8; LUK 9:11!17; LUK 9:12!21; LUK 9:12!24; LUK 9:13!19; LUK 9:16!6; LUK 9:2!9; LUK 9:22!10; LUK 9:22!15; LUK 9:22!17; LUK 9:26!22; LUK 9:26!25; LUK 9:26!6; LUK 9:28!13; LUK 9:28!15; LUK 9:29!13; LUK 9:30!10; LUK 9:32!17; LUK 9:32!4; LUK 9:33!27; LUK 9:33!30; LUK 9:39!1; LUK 9:39!14; LUK 9:39!9; LUK 9:4!1; LUK 9:40!1; LUK 9:41!16; LUK 9:41!9; LUK 9:42!19; LUK 9:42!9; LUK 9:45!16; LUK 9:45!7; LUK 9:48!16; LUK 9:5!1; LUK 9:54!6; LUK 9:58!10; LUK 9:6!8
καὶ	89.93	65	LUK 10:32!3; LUK 10:39!8; LUK 11:1!25; LUK 11:18!3; LUK 11:30!10; LUK 11:34!15; LUK 11:34!26; LUK 11:4!7; LUK 11:40!7; LUK 11:45!11; LUK 11:49!3; LUK 12:34!8; LUK 12:40!1; LUK 12:41!13; LUK 12:54!3; LUK 13:8!9; LUK 14:12!29; LUK 14:12!3; LUK 16:1!3; LUK 16:10!15; LUK 16:10!5; LUK 16:21!13; LUK 16:22!18; LUK 16:28!10; LUK 17:10!2; LUK 17:26!10; LUK 17:37!15; LUK 18:15!4; LUK 18:9!3; LUK 19:19!3; LUK 19:9!15; LUK 1:35!18; LUK 1:36!7; LUK 1:76!1; LUK 20:12!7; LUK 20:31!8; LUK 20:32!2; LUK 21:31!2; LUK 22:20!1; LUK 22:24!3; LUK 22:36!11; LUK 22:39!15; LUK 22:59!12; LUK 23:32!3; LUK 23:35!8; LUK 23:36!4; LUK 23:38!3; LUK 23:7!14; LUK 24:22!2; LUK 2:35!1; LUK 2:4!3; LUK 3:12!3; LUK 3:14!4; LUK 3:14!9; LUK 4:23!21; LUK 4:41!3; LUK 5:33!15; LUK 5:36!3; LUK 6:13!15; LUK 6:14!3; LUK 6:29!18; LUK 6:29!8; LUK 6:39!3; LUK 7:8!1; LUK 9:61!3
καὶ	91.1	4	LUK 23:33!1; LUK 24:30!1; LUK 4:33!11; LUK 8:23!5
καὶ	91.12	11	LUK 12:6!7; LUK 13:7!18; LUK 13:7!24; LUK 19:23!1; LUK 1:66!17; LUK 20:44!6; LUK 22:37!17; LUK 22:59!17; LUK 24:24!14; LUK 3:9!3; LUK 7:35!1
κείμενα	85.3	1	LUK 12:19!10
κείμενον	17.26	2	LUK 2:12!10; LUK 2:16!15
κείμενος	17.26	1	LUK 23:53!17
κεκληκότι	33.315	1	LUK 14:12!5
κεκληκώς	33.315	1	LUK 14:10!14
κεκλημένοις	33.315	1	LUK 14:17!12
κεκλημένος	33.315	1	LUK 14:8!16
κεκλημένους	33.315	1	LUK 14:7!5
κεκλημένων	33.315	1	LUK 14:24!10
κεκοσμημένον	79.12	1	LUK 11:25!6
κεκρυμμένον	28.79	1	LUK 18:34!11
κεκόσμηται	79.12	1	LUK 21:5!12
κενούς	57.42	1	LUK 1:53!7
κενόν	57.42	2	LUK 20:10!22; LUK 20:11!13
κεράμιον	6.128	1	LUK 22:10!14
κεράμων	6.224	1	LUK 5:19!16
κεραίαν	33.37	1	LUK 16:17!14
κερατίων	3.46	1	LUK 15:16!9
κερδήσας	57.189	1	LUK 9:25!5
κεφαλήν	8.10	1	LUK 7:46!3
κεφαλὰς	8.10	1	LUK 21:28!9
κεφαλὴν	23.83	1	LUK 9:58!25
κεφαλὴν	7.44	1	LUK 20:17!20
κεφαλῆς	8.10	3	LUK 12:7!6; LUK 21:18!5; LUK 7:38!20
κεχαριτωμένη	88.66	1	LUK 1:28!7
κεχρηματισμένον	28.39	1	LUK 2:26!4
κεῖται	13.73	1	LUK 2:34!14
κεῖται	85.3	1	LUK 3:9!11
κηρυχθήσεται	33.206	1	LUK 12:3!21
κηρυχθῆναι	33.256	1	LUK 24:47!2
κηρύξαι	33.256	2	LUK 4:18!13; LUK 4:19!1
κηρύσσειν	33.256	1	LUK 9:2!4
κηρύσσων	33.207	1	LUK 8:39!19
κηρύσσων	33.256	3	LUK 3:3!8; LUK 4:44!3; LUK 8:1!13
κιβωτόν	6.44	1	LUK 17:27!12
κλάδοις	3.49	1	LUK 13:19!26
κλάσας	19.34	1	LUK 24:30!14
κλάσει	19.34	1	LUK 24:35!14
κλέπτης	57.233	2	LUK 12:33!19; LUK 12:39!12
κλέψῃς	57.232	1	LUK 18:20!9
κλήρους	6.219	1	LUK 23:34!19
κλίβανον	7.74	1	LUK 12:28!12
κλίνειν	67.118	1	LUK 9:12!5
κλίνειν	68.51	1	LUK 9:12!5
κλίνης	6.106	3	LUK 17:34!9; LUK 5:18!6; LUK 8:16!10
κλίνῃ	23.83	1	LUK 9:58!26
κλαίετε	25.138	3	LUK 23:28!11; LUK 23:28!17; LUK 8:52!11
κλαίοντες	25.138	1	LUK 6:21!9
κλαίουσα	25.138	1	LUK 7:38!8
κλασμάτων	19.40	1	LUK 9:17!11
κλαυθμὸς	25.138	1	LUK 13:28!4
κλαύσετε	25.138	1	LUK 6:25!15
κλαῖε	25.138	1	LUK 7:13!13
κλεῖδα	57.63	1	LUK 11:52!8
κληθήσεται	33.129	1	LUK 1:60!9
κληθήσεται	33.131	3	LUK 1:32!7; LUK 1:35!22; LUK 2:23!14
κληθήσῃ	33.131	1	LUK 1:76!7
κληθὲν	33.129	1	LUK 2:21!16
κληθῆναι	33.131	2	LUK 15:19!4; LUK 15:21!17
κληθῇς	33.315	2	LUK 14:10!3; LUK 14:8!2
κληρονομήσω	57.131	2	LUK 10:25!14; LUK 18:18!13
κληρονομία	57.140	1	LUK 20:14!20
κληρονομίαν	57.140	1	LUK 12:13!17
κληρονόμος	57.139	1	LUK 20:14!13
κλινίδιόν	6.107	1	LUK 5:24!25
κλινιδίῳ	6.107	1	LUK 5:19!21
κλινουσῶν	17.21	1	LUK 24:5!6
κλισίας	11.5	1	LUK 9:14!14
κλύδωνι	14.25	1	LUK 8:24!17
κοίτην	6.108	1	LUK 11:7!21
κοιλία	23.51	1	LUK 11:27!19
κοιλίαι	8.69	1	LUK 23:29!13
κοιλίαν	8.67	1	LUK 15:16!5
κοιλίας	8.69	2	LUK 1:15!20; LUK 1:42!16
κοιλίᾳ	8.69	3	LUK 1:41!16; LUK 1:44!21; LUK 2:21!26
κοιμωμένους	23.66	1	LUK 22:45!11
κοινωνοὶ	34.6	1	LUK 5:10!11
κολληθέντα	18.21	1	LUK 10:11!5
κομίσασα	15.191	1	LUK 7:37!19
κονιορτὸν	2.15	2	LUK 10:11!3; LUK 9:5!13
κοπιάσαντες	42.47	1	LUK 5:5!9
κοπιᾷ	42.47	1	LUK 12:27!7
κοπρίαν	8.77	1	LUK 14:35!6
κράζει	33.83	1	LUK 9:39!8
κράξουσιν	33.83	1	LUK 19:40!12
κράτιστε	87.55	1	LUK 1:3!10
κράτος	76.7	1	LUK 1:51!2
κρίμα	56.30	2	LUK 20:47!14; LUK 24:20!12
κρίματι	56.30	1	LUK 23:40!17
κρίνα	3.32	1	LUK 12:27!3
κρίνετε	56.20	1	LUK 12:57!7
κρίνετε	56.30	1	LUK 6:37!3
κρίνοντες	37.49	1	LUK 22:30!20
κρίνω	56.20	1	LUK 19:22!7
κρίσει	30.110	3	LUK 10:14!9; LUK 11:31!6; LUK 11:32!6
κρίσιν	56.25	1	LUK 11:42!19
κραιπάλῃ	88.286	1	LUK 21:34!10
κρασπέδου	6.180	1	LUK 8:44!5
κρατήσας	18.6	1	LUK 8:54!3
κραυγάζοντα	33.83	1	LUK 4:41!7
κραυγῇ	33.84	1	LUK 1:42!3
κρεμασθέντων	18.23	1	LUK 23:39!4
κρημνοῦ	1.50	1	LUK 8:33!18
κριθῆτε	56.30	1	LUK 6:37!7
κριτήν	56.28	1	LUK 12:58!23
κριτής	56.28	1	LUK 12:58!26
κριταὶ	56.28	1	LUK 11:19!19
κριτὴν	56.28	1	LUK 12:14!9
κριτὴς	56.28	1	LUK 18:6!8
κρούειν	19.12	1	LUK 13:25!16
κρούετε	19.12	1	LUK 11:9!11
κρούοντι	19.12	1	LUK 11:10!12
κρούσαντος	19.12	1	LUK 12:36!17
κρυπτὸν	28.69	2	LUK 12:2!9; LUK 8:17!4
κρύπτην	28.78	1	LUK 11:33!5
κτήσασθε	21.20	1	LUK 21:19!5
κτῆνος	4.6	1	LUK 10:34!17
κτῶμαι	57.58	1	LUK 18:12!8
κυκλουμένην	15.147	1	LUK 21:20!4
κυρίοις	57.12	1	LUK 16:13!5
κυρίου	12.9	22	LUK 13:35!23; LUK 19:38!8; LUK 1:11!5; LUK 1:15!6; LUK 1:38!7; LUK 1:43!10; LUK 1:45!12; LUK 1:6!16; LUK 1:66!20; LUK 1:76!11; LUK 1:9!14; LUK 22:61!15; LUK 2:23!5; LUK 2:24!11; LUK 2:26!19; LUK 2:39!9; LUK 2:9!3; LUK 2:9!8; LUK 3:4!17; LUK 4:18!2; LUK 4:19!3; LUK 5:17!31
κυρίου	57.12	3	LUK 10:2!16; LUK 12:47!10; LUK 16:5!8
κυρίῳ	12.9	5	LUK 17:5!6; LUK 1:17!22; LUK 20:42!11; LUK 2:22!19; LUK 2:23!13
κυρίῳ	57.12	2	LUK 14:21!7; LUK 16:5!16
κυριεύουσιν	37.50	1	LUK 22:25!9
κωλύετε	13.146	2	LUK 18:16!15; LUK 9:50!8
κωλύοντα	13.146	1	LUK 23:2!13
κωλύσῃς	13.146	1	LUK 6:29!22
κωφοὶ	24.68	1	LUK 7:22!18
κωφόν	33.106	1	LUK 11:14!5
κωφός	33.106	2	LUK 11:14!13; LUK 1:22!22
κόκκον	3.35	1	LUK 17:6!9
κόκκῳ	3.35	1	LUK 13:19!3
κόλποις	1.16	1	LUK 16:23!20
κόλποις	8.39	1	LUK 16:23!20
κόλπον	1.16	1	LUK 16:22!14
κόλπον	6.181	1	LUK 6:38!13
κόλπον	8.39	1	LUK 16:22!14
κόπον	22.7	1	LUK 18:5!6
κόπους	22.7	1	LUK 11:7!7
κόπρια	8.76	1	LUK 13:8!20
κόρακας	4.43	1	LUK 12:24!3
κόρους	81.21	1	LUK 16:7!12
κόσμον	1.39	1	LUK 9:25!7
κόσμου	1.1	1	LUK 11:50!12
κόσμου	1.39	1	LUK 12:30!7
κόφινοι	6.150	1	LUK 9:17!12
κύκλῳ	83.19	1	LUK 9:12!19
κύνες	4.34	1	LUK 16:21!15
κύριε	12.9	6	LUK 10:21!15; LUK 17:37!6; LUK 19:8!14; LUK 5:8!17; LUK 6:46!6; LUK 9:61!7
κύριε	57.12	1	LUK 19:18!9
κύριοι	57.12	1	LUK 19:33!8
κύριον	12.9	8	LUK 10:27!6; LUK 19:8!7; LUK 1:16!8; LUK 1:46!9; LUK 20:37!14; LUK 20:44!4; LUK 4:12!11; LUK 7:19!4
κύριον	57.12	1	LUK 12:36!7
κύριος	12.9	20	LUK 10:1!6; LUK 10:41!6; LUK 11:39!4; LUK 12:42!4; LUK 13:15!5; LUK 17:6!4; LUK 18:6!4; LUK 19:31!13; LUK 19:34!6; LUK 1:25!5; LUK 1:28!9; LUK 1:32!11; LUK 1:58!11; LUK 1:68!2; LUK 20:42!9; LUK 22:61!4; LUK 24:34!6; LUK 2:11!9; LUK 2:15!30; LUK 7:13!5
κύριος	57.12	8	LUK 12:37!8; LUK 12:42!16; LUK 12:43!8; LUK 12:46!3; LUK 14:23!4; LUK 16:8!4; LUK 20:13!4; LUK 20:15!13
κύριός	57.12	2	LUK 12:45!13; LUK 16:3!11
κώμας	1.92	3	LUK 13:22!6; LUK 9:12!20; LUK 9:6!6
κώμην	1.92	8	LUK 10:38!9; LUK 17:12!6; LUK 19:30!6; LUK 24:13!13; LUK 24:28!5; LUK 8:1!12; LUK 9:52!11; LUK 9:56!5
κώμης	1.92	1	LUK 5:17!22
κἀγὼ	89.93	1	LUK 20:3!8
κἀγὼ	92.1	3	LUK 19:23!11; LUK 20:3!8; LUK 22:29!1
κἀκεῖνα	89.92	1	LUK 11:42!29
κἀκεῖνα	92.30	1	LUK 11:42!29
κἀκεῖνον	89.93	1	LUK 20:11!8
κἀκεῖνον	92.30	1	LUK 20:11!8
κἀκεῖνος	89.92	2	LUK 11:7!1; LUK 22:12!1
κἀκεῖνος	92.30	2	LUK 11:7!1; LUK 22:12!1
κἀμοὶ	89.93	1	LUK 1:3!2
κἀμοὶ	92.1	1	LUK 1:3!2
κἂν	89.73	3	LUK 12:38!1; LUK 12:38!5; LUK 13:9!1
κῆπον	1.97	1	LUK 13:19!10
λάβῃ	57.55	1	LUK 20:28!17
λάμπει	14.37	1	LUK 17:24!15
λάχανον	3.29	1	LUK 11:42!15
λέγει	33.69	12	LUK 11:24!18; LUK 11:45!6; LUK 13:8!4; LUK 16:29!1; LUK 16:7!14; LUK 18:6!11; LUK 19:22!1; LUK 20:37!13; LUK 20:42!4; LUK 5:39!7; LUK 7:32!12; LUK 9:33!36
λέγειν	31.5	2	LUK 3:8!10; LUK 7:49!5
λέγειν	33.69	10	LUK 11:27!5; LUK 11:29!6; LUK 12:1!12; LUK 13:26!3; LUK 20:9!6; LUK 23:30!3; LUK 4:21!3; LUK 6:42!3; LUK 7:24!7; LUK 9:21!7
λέγεις	33.131	1	LUK 18:19!8
λέγεις	33.69	4	LUK 12:41!11; LUK 20:21!9; LUK 22:60!9; LUK 23:3!19
λέγεσθαι	33.69	1	LUK 9:7!13
λέγετε	33.69	11	LUK 10:5!8; LUK 10:9!8; LUK 11:18!15; LUK 11:2!6; LUK 12:54!13; LUK 12:55!5; LUK 17:10!10; LUK 22:70!17; LUK 7:33!13; LUK 7:34!10; LUK 9:20!8
λέγοντα	33.69	2	LUK 23:2!18; LUK 4:41!9
λέγοντας	33.69	1	LUK 24:34!1
λέγοντες	33.69	36	LUK 10:17!8; LUK 13:25!19; LUK 13:31!8; LUK 14:30!1; LUK 15:2!9; LUK 17:13!5; LUK 19:14!12; LUK 19:38!1; LUK 19:7!5; LUK 1:66!10; LUK 20:14!9; LUK 20:2!3; LUK 20:21!4; LUK 20:28!1; LUK 20:5!6; LUK 21:7!4; LUK 21:8!14; LUK 22:64!5; LUK 22:67!1; LUK 23:18!4; LUK 23:2!5; LUK 23:21!4; LUK 23:35!11; LUK 23:37!2; LUK 23:5!4; LUK 24:29!4; LUK 3:10!6; LUK 3:14!6; LUK 4:36!10; LUK 5:21!9; LUK 5:26!12; LUK 5:30!13; LUK 7:16!9; LUK 7:4!10; LUK 8:24!5; LUK 8:25!11
λέγοντος	33.69	2	LUK 13:17!3; LUK 9:34!4
λέγουσα	33.69	4	LUK 15:9!8; LUK 18:3!12; LUK 1:24!16; LUK 9:35!7
λέγουσαι	33.69	1	LUK 24:23!8
λέγουσιν	33.69	4	LUK 17:37!3; LUK 20:41!6; LUK 24:23!14; LUK 9:18!22
λέγω	33.69	45	LUK 10:12!1; LUK 10:24!1; LUK 11:51!16; LUK 11:8!1; LUK 11:9!3; LUK 12:22!9; LUK 12:27!10; LUK 12:37!12; LUK 12:44!2; LUK 12:5!18; LUK 12:51!10; LUK 12:59!1; LUK 13:24!9; LUK 13:3!2; LUK 13:35!7; LUK 13:5!2; LUK 14:24!1; LUK 15:10!2; LUK 15:7!1; LUK 16:9!4; LUK 17:34!1; LUK 18:14!1; LUK 18:17!2; LUK 18:29!6; LUK 18:8!1; LUK 19:26!1; LUK 20:8!8; LUK 21:3!4; LUK 21:32!2; LUK 22:16!1; LUK 22:18!1; LUK 22:37!1; LUK 23:43!6; LUK 3:8!17; LUK 4:24!4; LUK 4:25!4; LUK 5:24!20; LUK 6:27!3; LUK 6:46!11; LUK 7:14!14; LUK 7:26!7; LUK 7:28!1; LUK 7:47!3; LUK 7:8!14; LUK 9:27!1
λέγων	33.69	46	LUK 10:25!8; LUK 11:45!10; LUK 12:16!6; LUK 12:17!5; LUK 13:27!3; LUK 14:3!11; LUK 14:7!12; LUK 15:3!8; LUK 15:6!12; LUK 17:4!14; LUK 18:13!20; LUK 18:16!6; LUK 18:18!6; LUK 18:2!1; LUK 18:38!3; LUK 19:16!5; LUK 19:18!5; LUK 19:20!5; LUK 19:30!1; LUK 19:42!1; LUK 19:46!1; LUK 1:63!5; LUK 1:67!11; LUK 22:19!9; LUK 22:20!8; LUK 22:42!1; LUK 22:57!4; LUK 22:59!9; LUK 23:3!6; LUK 23:39!8; LUK 23:47!10; LUK 24:7!1; LUK 3:16!2; LUK 4:35!6; LUK 5:12!25; LUK 5:8!9; LUK 7:19!5; LUK 7:20!15; LUK 7:39!11; LUK 7:6!20; LUK 8:38!17; LUK 8:49!9; LUK 8:54!8; LUK 8:8!15; LUK 9:18!17; LUK 9:38!8
λέπρα	23.161	1	LUK 5:13!13
λέπρας	23.161	1	LUK 5:12!15
λήμψονται	90.63	1	LUK 20:47!12
λίαν	78.1	1	LUK 23:8!8
λίθοι	2.24	1	LUK 19:40!11
λίθον	2.24	2	LUK 20:18!7; LUK 4:11!10
λίθος	2.24	1	LUK 17:2!4
λίθου	2.24	1	LUK 22:41!7
λίθων	2.24	1	LUK 3:8!26
λίθῳ	2.24	1	LUK 4:3!13
λίμνην	1.72	4	LUK 5:1!21; LUK 5:2!8; LUK 8:23!11; LUK 8:33!21
λίμνης	1.72	1	LUK 8:22!25
λαβεῖν	37.65	1	LUK 19:12!10
λαβεῖν	57.125	1	LUK 6:34!7
λαβοῦσα	18.1	1	LUK 13:21!5
λαβόντα	37.65	1	LUK 19:15!7
λαβὼν	18.1	6	LUK 13:19!6; LUK 22:19!2; LUK 24:30!9; LUK 24:43!2; LUK 6:4!13; LUK 9:16!1
λαβὼν	57.55	1	LUK 20:29!8
λαλεῖ	33.70	2	LUK 5:21!14; LUK 6:45!27
λαλεῖν	33.70	2	LUK 4:41!22; LUK 7:15!7
λαληθέντος	33.70	1	LUK 2:17!8
λαληθέντων	33.70	1	LUK 2:18!8
λαλουμένοις	33.70	1	LUK 2:33!12
λαλούντων	33.70	1	LUK 24:36!4
λαλοῦντος	33.70	3	LUK 22:47!3; LUK 22:60!13; LUK 8:49!3
λαλῆσαι	33.70	4	LUK 11:37!4; LUK 1:19!17; LUK 1:20!8; LUK 1:22!5
λαλῶν	33.70	1	LUK 5:4!4
λαμβάνει	57.125	1	LUK 11:10!5
λαμβάνει	88.146	1	LUK 9:39!4
λαμβάνεις	88.238	1	LUK 20:21!14
λαμπρὰν	79.20	1	LUK 23:11!15
λαμπρῶς	88.255	1	LUK 16:19!14
λαξευτῷ	19.26	1	LUK 23:53!11
λαοῦ	11.1	8	LUK 1:10!7; LUK 20:45!5; LUK 23:27!7; LUK 24:19!29; LUK 3:15!4; LUK 6:17!18; LUK 7:1!11; LUK 8:47!22
λαοῦ	11.12	3	LUK 19:47!23; LUK 22:66!9; LUK 2:32!7
λαοῦ	87.64	1	LUK 20:26!9
λατρεύειν	53.14	1	LUK 1:74!6
λατρεύουσα	53.14	1	LUK 2:37!16
λατρεύσεις	53.14	1	LUK 4:8!16
λαόν	11.1	1	LUK 3:18!9
λαόν	87.64	3	LUK 20:19!20; LUK 22:2!15; LUK 23:14!12
λαὸν	11.1	3	LUK 20:1!10; LUK 3:21!8; LUK 9:13!30
λαὸν	11.12	2	LUK 1:17!23; LUK 7:16!22
λαὸν	87.64	3	LUK 20:9!5; LUK 23:13!11; LUK 23:5!8
λαὸς	11.1	5	LUK 18:43!13; LUK 19:48!8; LUK 1:21!4; LUK 21:38!4; LUK 23:35!4
λαὸς	87.64	3	LUK 19:48!8; LUK 20:6!7; LUK 7:29!4
λαῖλαψ	14.6	1	LUK 8:23!7
λαῶν	11.55	1	LUK 2:31!7
λαῷ	11.12	4	LUK 1:68!13; LUK 1:77!6; LUK 21:23!23; LUK 2:10!18
λείας	79.86	1	LUK 3:5!21
λείπει	57.44	1	LUK 18:22!10
λείπει	71.33	1	LUK 18:22!10
λεγομένη	33.131	1	LUK 22:1!8
λεγόμενα	33.69	1	LUK 18:34!18
λεγόμενος	33.129	1	LUK 22:47!8
λεγόντων	33.69	2	LUK 21:5!3; LUK 2:13!14
λειτουργίας	53.13	1	LUK 1:23!8
λελαλημένοις	33.70	1	LUK 1:45!9
λεπροὶ	23.162	3	LUK 17:12!9; LUK 4:27!3; LUK 7:22!16
λεπτὰ	6.79	1	LUK 21:2!8
λεπτὸν	6.79	1	LUK 12:59!11
λευκὸς	14.50	1	LUK 9:29!17
λιθοβολοῦσα	20.79	1	LUK 13:34!8
λικμήσει	19.47	1	LUK 20:18!14
λιμοὶ	23.33	1	LUK 21:11!7
λιμὸς	23.33	2	LUK 15:14!6; LUK 4:25!28
λιμῷ	23.31	1	LUK 15:17!15
λοιμοὶ	23.158	1	LUK 21:11!9
λοιπαὶ	63.21	1	LUK 24:10!14
λοιποὶ	63.21	1	LUK 18:11!17
λοιποὺς	63.21	1	LUK 18:9!16
λοιποῖς	63.21	2	LUK 24:9!14; LUK 8:10!15
λοιπῶν	63.21	1	LUK 12:26!9
λυθῆναι	37.127	1	LUK 13:16!17
λυσιτελεῖ	65.44	1	LUK 17:2!1
λυτροῦσθαι	37.128	1	LUK 24:21!9
λυχνίαν	6.105	1	LUK 11:33!14
λυχνίας	6.105	1	LUK 8:16!14
λυόντων	18.18	1	LUK 19:33!1
λόγοι	33.260	1	LUK 24:44!7
λόγοι	33.98	2	LUK 21:33!9; LUK 24:17!7
λόγοις	33.260	1	LUK 4:22!9
λόγοις	33.98	2	LUK 1:20!19; LUK 23:9!5
λόγον	33.260	6	LUK 11:28!9; LUK 5:1!12; LUK 8:12!16; LUK 8:13!13; LUK 8:15!17; LUK 8:21!16
λόγον	33.98	3	LUK 10:39!17; LUK 12:10!5; LUK 20:3!9
λόγον	57.228	1	LUK 16:2!13
λόγος	33.260	1	LUK 8:11!10
λόγος	33.98	4	LUK 4:32!12; LUK 4:36!13; LUK 5:15!5; LUK 7:17!4
λόγου	33.260	1	LUK 1:2!12
λόγου	33.98	2	LUK 20:20!12; LUK 22:61!13
λόγους	33.98	3	LUK 9:26!9; LUK 9:28!5; LUK 9:44!8
λόγων	33.260	1	LUK 1:4!6
λόγων	33.51	1	LUK 3:4!5
λόγων	33.98	1	LUK 6:47!10
λόγῳ	33.98	3	LUK 1:29!5; LUK 24:19!22; LUK 7:7!10
λύει	18.18	1	LUK 13:15!14
λύετε	18.18	2	LUK 19:31!8; LUK 19:33!13
λύκων	4.11	1	LUK 10:3!9
λύπης	25.273	1	LUK 22:45!15
λύσαντες	18.18	1	LUK 19:30!20
λύτρωσιν	37.128	2	LUK 1:68!11; LUK 2:38!16
λύχνοι	6.104	1	LUK 12:35!8
λύχνον	6.104	3	LUK 11:33!2; LUK 15:8!13; LUK 8:16!3
λύχνος	6.104	2	LUK 11:34!2; LUK 11:36!19
λῃστάς	57.240	1	LUK 10:36!13
λῃσταῖς	57.240	1	LUK 10:30!14
λῃστὴν	39.37	1	LUK 22:52!18
λῃστῶν	57.240	1	LUK 19:46!16
λῆρος	33.380	1	LUK 24:11!6
λῦσαι	18.18	1	LUK 3:16!20
μάρτυρές	33.270	1	LUK 11:48!2
μάρτυρες	33.270	1	LUK 24:48!3
μάχαιραι	6.33	1	LUK 22:38!6
μάχαιραν	6.33	1	LUK 22:36!23
μέγα	78.2	1	LUK 6:49!31
μέγα	79.123	3	LUK 14:16!9; LUK 16:26!10; LUK 22:12!5
μέγαν	78.2	1	LUK 2:9!14
μέγας	78.2	1	LUK 4:25!29
μέγας	87.22	4	LUK 1:15!3; LUK 1:32!3; LUK 7:16!12; LUK 9:48!34
μέθῃ	88.283	1	LUK 21:34!12
μέλει	25.223	1	LUK 10:40!13
μέλλει	67.62	2	LUK 19:11!19; LUK 9:44!15
μέλλον	67.135	1	LUK 13:9!7
μέλλοντα	67.62	1	LUK 21:36!13
μέλλων	67.62	2	LUK 22:23!15; LUK 24:21!8
μέλλῃ	67.62	1	LUK 21:7!15
μένετε	85.55	2	LUK 10:7!6; LUK 9:4!8
μέρος	4.50	1	LUK 24:42!7
μέρος	5.21	1	LUK 24:42!7
μέρος	63.14	4	LUK 11:36!10; LUK 12:46!23; LUK 15:12!13; LUK 24:42!7
μέσον	83.10	5	LUK 17:11!12; LUK 23:45!10; LUK 4:35!19; LUK 5:19!24; LUK 6:8!21
μέσος	83.10	1	LUK 22:55!13
μέσου	83.10	1	LUK 4:30!5
μέσῳ	83.10	3	LUK 10:3!8; LUK 21:21!13; LUK 22:55!5
μέσῳ	83.9	5	LUK 10:3!8; LUK 22:27!15; LUK 24:36!8; LUK 2:46!13; LUK 8:7!5
μέτρον	81.1	1	LUK 6:38!5
μέτρῳ	81.1	1	LUK 6:38!17
μέχρι	67.119	1	LUK 16:16!6
μή	69.15	1	LUK 22:35!13
μή	69.3	1	LUK 8:28!24
μήτε	69.9	6	LUK 7:33!9; LUK 9:3!10; LUK 9:3!12; LUK 9:3!14; LUK 9:3!16; LUK 9:3!18
μήτηρ	10.16	8	LUK 12:53!9; LUK 1:43!8; LUK 1:60!4; LUK 2:33!8; LUK 2:48!10; LUK 2:51!15; LUK 8:19!6; LUK 8:20!5
μήτι	69.16	1	LUK 9:13!23
μήτραν	8.69	1	LUK 2:23!10
μία	60.10	1	LUK 17:35!8
μίαν	60.10	5	LUK 15:8!10; LUK 16:17!13; LUK 9:33!25; LUK 9:33!28; LUK 9:33!31
μίαν	92.22	1	LUK 17:22!10
μίσθιοι	57.174	1	LUK 15:17!7
μαθητάς	36.38	2	LUK 16:1!6; LUK 17:22!5
μαθητής	36.38	3	LUK 14:26!37; LUK 14:27!15; LUK 14:33!17
μαθηταί	36.38	2	LUK 22:39!17; LUK 9:18!13
μαθηταὶ	36.38	8	LUK 18:15!13; LUK 5:33!7; LUK 6:1!12; LUK 7:11!15; LUK 7:18!5; LUK 8:22!14; LUK 8:9!5; LUK 9:54!4
μαθηταῖς	36.38	3	LUK 19:39!14; LUK 20:45!8; LUK 9:16!21
μαθητὰς	36.38	11	LUK 10:23!5; LUK 11:1!29; LUK 12:1!15; LUK 12:22!5; LUK 17:1!5; LUK 22:45!9; LUK 5:30!11; LUK 6:13!7; LUK 6:20!9; LUK 9:14!10; LUK 9:43!19
μαθητὴς	27.16	1	LUK 6:40!3
μαθητῶν	36.38	7	LUK 11:1!16; LUK 19:29!18; LUK 19:37!17; LUK 22:11!20; LUK 6:17!12; LUK 7:18!15; LUK 9:40!4
μακάριοί	25.119	1	LUK 12:38!14
μακάριοι	25.119	4	LUK 11:28!5; LUK 12:37!1; LUK 6:21!1; LUK 6:21!7
μακάριος	25.119	2	LUK 12:43!1; LUK 14:14!2
μακάριός	25.119	1	LUK 7:23!2
μακαρία	25.119	1	LUK 1:45!2
μακαριοῦσίν	25.120	1	LUK 1:48!14
μακράν	81.14	1	LUK 15:13!14
μακροθυμεῖ	25.168	1	LUK 18:7!19
μακροθυμεῖ	67.126	1	LUK 18:7!19
μακρόθεν	83.30	4	LUK 16:23!15; LUK 18:13!4; LUK 22:54!16; LUK 23:49!7
μακρὰ	67.89	1	LUK 20:47!9
μακρὰν	81.14	1	LUK 19:12!9
μακρὰν	83.30	2	LUK 15:20!11; LUK 7:6!11
μαλακοῖς	79.100	1	LUK 7:25!7
μαμωνᾶ	57.34	1	LUK 16:9!10
μαμωνᾷ	57.34	2	LUK 16:11!6; LUK 16:13!28
μαρτυρίας	33.262	1	LUK 22:71!7
μαρτύριον	33.262	2	LUK 21:13!4; LUK 5:14!23
μαρτύριον	33.264	1	LUK 9:5!20
μαστίγων	23.153	1	LUK 7:21!10
μαστιγώσαντες	19.9	1	LUK 18:33!2
μαστοὶ	8.37	2	LUK 11:27!24; LUK 23:29!18
μαχαίρης	6.33	1	LUK 21:24!4
μαχαίρῃ	6.33	1	LUK 22:49!13
μαχαιρῶν	6.33	1	LUK 22:52!21
με	92.1	42	LUK 10:16!19; LUK 10:35!24; LUK 10:40!20; LUK 11:18!19; LUK 11:6!8; LUK 12:14!7; LUK 12:9!4; LUK 13:33!3; LUK 13:35!13; LUK 14:18!22; LUK 14:19!15; LUK 14:26!5; LUK 15:19!8; LUK 16:24!8; LUK 16:4!11; LUK 18:16!12; LUK 18:19!7; LUK 18:3!14; LUK 18:38!8; LUK 18:39!16; LUK 18:5!18; LUK 19:27!9; LUK 19:5!23; LUK 1:48!15; LUK 22:15!15; LUK 22:21!7; LUK 22:34!13; LUK 22:61!25; LUK 24:39!14; LUK 2:49!19; LUK 2:49!8; LUK 4:18!12; LUK 4:18!8; LUK 4:43!12; LUK 5:12!30; LUK 6:46!3; LUK 6:47!5; LUK 8:28!25; LUK 9:18!19; LUK 9:20!7; LUK 9:26!5; LUK 9:48!24
μείζονας	79.123	1	LUK 12:18!10
μείζων	87.22	6	LUK 22:24!12; LUK 22:26!7; LUK 22:27!3; LUK 7:28!18; LUK 7:28!3; LUK 9:46!10
μεγάλα	78.2	1	LUK 21:11!17
μεγάλα	87.22	1	LUK 1:49!4
μεγάλαις	78.2	1	LUK 23:23!5
μεγάλη	78.2	1	LUK 21:23!16
μεγάλην	78.2	1	LUK 2:10!13
μεγάλην	79.123	1	LUK 5:29!4
μεγάλης	78.2	2	LUK 17:15!11; LUK 24:52!10
μεγάλοι	78.2	1	LUK 21:11!3
μεγάλῃ	78.2	5	LUK 19:37!23; LUK 1:42!4; LUK 23:46!4; LUK 4:33!14; LUK 8:28!10
μεγάλῳ	78.2	2	LUK 4:38!18; LUK 8:37!16
μεγαλειότητι	76.2	1	LUK 9:43!6
μεθ	89.108	4	LUK 22:15!11; LUK 22:53!5; LUK 24:29!6; LUK 9:49!20
μεθύσκεσθαι	88.285	1	LUK 12:45!29
μελλούσης	67.62	1	LUK 3:7!17
μερίδα	63.13	1	LUK 10:42!11
μερίμναις	25.224	1	LUK 21:34!14
μερίσασθαι	63.23	1	LUK 12:13!13
μεριμνήσητε	25.225	1	LUK 12:11!15
μεριμνᾶτε	25.225	2	LUK 12:22!12; LUK 12:26!10
μεριμνᾷς	25.225	1	LUK 10:41!9
μεριμνῶν	25.224	1	LUK 8:14!13
μεριμνῶν	25.225	1	LUK 12:25!5
μεριστὴν	63.25	1	LUK 12:14!11
μεσονυκτίου	67.75	1	LUK 11:5!14
μετ	67.48	1	LUK 15:13!2
μετ	89.108	17	LUK 11:23!13; LUK 11:7!17; LUK 12:13!14; LUK 15:31!8; LUK 1:66!22; LUK 22:21!8; LUK 22:28!6; LUK 22:59!14; LUK 23:43!8; LUK 24:30!7; LUK 2:51!3; LUK 5:29!20; LUK 5:34!16; LUK 6:17!3; LUK 6:3!19; LUK 6:4!18; LUK 7:36!9
μετ	90.42	1	LUK 11:23!4
μετ	90.60	3	LUK 10:37!8; LUK 1:58!15; LUK 23:12!14
μετάνοιαν	41.52	2	LUK 24:47!7; LUK 5:32!8
μεταβαίνετε	15.2	1	LUK 10:7!21
μεταδότω	57.96	1	LUK 3:11!9
μετανοήσουσιν	41.52	1	LUK 16:30!15
μετανοήσῃ	41.52	1	LUK 17:3!12
μετανοίας	41.52	3	LUK 15:7!23; LUK 3:3!10; LUK 3:8!6
μετανοοῦντι	41.52	2	LUK 15:10!14; LUK 15:7!13
μετανοῆτε	41.52	2	LUK 13:3!7; LUK 13:5!7
μεταξὺ	83.11	2	LUK 11:51!9; LUK 16:26!5
μετασταθῶ	13.64	1	LUK 16:4!6
μετασταθῶ	68.38	1	LUK 16:4!6
μετενόησαν	41.52	2	LUK 10:13!27; LUK 11:32!15
μετεωρίζεσθε	25.232	1	LUK 12:29!12
μετρεῖτε	57.92	1	LUK 6:38!18
μετόχοις	34.8	1	LUK 5:7!4
μετὰ	67.48	9	LUK 12:4!15; LUK 12:5!8; LUK 17:8!17; LUK 18:4!6; LUK 22:20!5; LUK 22:58!2; LUK 2:46!3; LUK 5:27!2; LUK 9:28!3
μετὰ	83.9	3	LUK 12:46!25; LUK 22:37!14; LUK 24:5!19
μετὰ	89.108	11	LUK 11:31!7; LUK 11:32!7; LUK 12:58!4; LUK 14:31!22; LUK 15:29!24; LUK 15:30!12; LUK 1:28!10; LUK 22:11!18; LUK 22:33!6; LUK 2:36!16; LUK 5:30!16
μετὰ	89.109	1	LUK 22:52!20
μετὰ	89.123	1	LUK 13:1!18
μετὰ	89.79	9	LUK 10:17!6; LUK 14:9!16; LUK 17:15!9; LUK 17:20!22; LUK 1:39!12; LUK 21:27!11; LUK 24:52!8; LUK 8:13!9; LUK 9:39!12
μετὰ	90.60	1	LUK 1:72!3
μεῖναι	85.55	2	LUK 19:5!24; LUK 24:29!20
μηδένα	92.23	1	LUK 10:4!9
μηδενὶ	92.23	3	LUK 5:14!5; LUK 8:56!10; LUK 9:21!6
μηδὲ	69.7	7	LUK 12:22!17; LUK 14:12!17; LUK 14:12!21; LUK 14:12!25; LUK 16:26!21; LUK 17:23!10; LUK 3:14!16
μηδὲν	92.23	2	LUK 4:35!23; LUK 6:35!10
μηκέτι	67.130	1	LUK 8:49!15
μηνὶ	67.174	1	LUK 1:26!4
μητέρα	10.16	5	LUK 12:53!16; LUK 14:26!14; LUK 18:20!18; LUK 2:34!10; LUK 8:51!26
μητρὶ	10.16	2	LUK 7:12!15; LUK 7:15!12
μητρὸς	10.16	1	LUK 1:15!21
μικρότερος	79.125	1	LUK 7:28!12
μικρότερος	87.58	1	LUK 9:48!27
μικρὸν	59.15	1	LUK 12:32!4
μικρὸς	79.125	1	LUK 19:3!17
μικρὸς	81.13	1	LUK 19:3!17
μικρῶν	87.58	1	LUK 17:2!20
μισήσει	88.198	1	LUK 16:13!11
μισήσωσιν	88.198	1	LUK 6:22!4
μισεῖ	88.198	1	LUK 14:26!8
μισθίων	57.174	1	LUK 15:19!12
μισθοῦ	57.173	1	LUK 10:7!18
μισθὸς	38.14	2	LUK 6:23!11; LUK 6:35!15
μισούμενοι	88.198	1	LUK 21:17!3
μισούντων	88.198	1	LUK 1:71!10
μισοῦσιν	88.198	1	LUK 6:27!13
μιᾶς	60.10	2	LUK 17:34!10; LUK 22:59!5
μιᾶς	61.2	1	LUK 14:18!4
μιᾷ	60.10	1	LUK 24:1!3
μιᾷ	92.22	5	LUK 13:10!5; LUK 20:1!4; LUK 5:12!8; LUK 5:17!4; LUK 8:22!4
μνήμασιν	7.75	1	LUK 8:27!29
μνήματι	7.75	1	LUK 23:53!10
μνήσθητί	29.7	1	LUK 23:42!4
μνήσθητε	29.7	1	LUK 24:6!6
μνήσθητι	29.7	1	LUK 16:25!5
μνημείου	7.75	2	LUK 24:2!8; LUK 24:9!5
μνημεῖα	7.75	1	LUK 11:44!7
μνημεῖα	7.76	1	LUK 11:47!6
μνημεῖον	7.75	4	LUK 23:55!14; LUK 24:12!8; LUK 24:22!13; LUK 24:24!9
μνημονεύετε	29.7	1	LUK 17:32!1
μνησθῆναι	29.7	2	LUK 1:54!5; LUK 1:72!8
μνᾶ	6.81	3	LUK 19:16!8; LUK 19:18!7; LUK 19:20!9
μνᾶν	6.81	1	LUK 19:24!9
μνᾶς	6.81	5	LUK 19:13!9; LUK 19:16!12; LUK 19:18!12; LUK 19:24!15; LUK 19:25!7
μνῆμα	7.75	1	LUK 24:1!10
μοί	92.1	1	LUK 9:38!19
μοι	92.1	27	LUK 10:22!2; LUK 10:40!27; LUK 11:5!20; LUK 11:7!6; LUK 15:12!10; LUK 15:6!15; LUK 15:9!10; LUK 17:8!11; LUK 18:13!24; LUK 18:22!26; LUK 18:5!5; LUK 1:25!3; LUK 1:38!9; LUK 1:43!3; LUK 1:49!3; LUK 20:24!2; LUK 20:3!12; LUK 22:29!6; LUK 23:14!5; LUK 4:23!7; LUK 5:27!18; LUK 7:44!19; LUK 7:45!2; LUK 9:23!22; LUK 9:59!12; LUK 9:59!6; LUK 9:61!11
μοιχεύει	88.276	2	LUK 16:18!10; LUK 16:18!17
μοιχεύσῃς	88.276	1	LUK 18:20!5
μοιχοί	88.277	1	LUK 18:11!22
μονογενής	58.52	1	LUK 9:38!18
μονογενὴς	58.52	2	LUK 7:12!12; LUK 8:42!3
μου	92.1	87	LUK 10:22!7; LUK 10:29!13; LUK 10:40!18; LUK 11:24!23; LUK 11:6!3; LUK 11:7!16; LUK 12:13!12; LUK 12:17!15; LUK 12:18!21; LUK 12:18!6; LUK 12:19!5; LUK 12:4!6; LUK 12:45!14; LUK 14:23!19; LUK 14:24!12; LUK 14:26!36; LUK 14:27!10; LUK 14:27!14; LUK 14:33!16; LUK 15:17!10; LUK 15:18!6; LUK 15:24!5; LUK 15:29!27; LUK 15:6!20; LUK 16:24!24; LUK 16:27!15; LUK 16:3!12; LUK 16:5!17; LUK 18:3!18; LUK 19:23!6; LUK 19:27!19; LUK 19:27!4; LUK 19:46!8; LUK 19:8!11; LUK 1:18!18; LUK 1:20!20; LUK 1:25!12; LUK 1:43!11; LUK 1:44!13; LUK 1:44!22; LUK 1:46!7; LUK 1:47!11; LUK 1:47!5; LUK 20:13!12; LUK 20:42!12; LUK 20:42!16; LUK 21:12!27; LUK 21:17!9; LUK 21:33!10; LUK 21:8!13; LUK 22:11!21; LUK 22:19!14; LUK 22:20!18; LUK 22:28!11; LUK 22:29!9; LUK 22:30!12; LUK 22:30!8; LUK 22:42!15; LUK 22:53!4; LUK 23:42!5; LUK 23:46!15; LUK 24:39!4; LUK 24:39!8; LUK 24:44!8; LUK 24:49!9; LUK 2:30!5; LUK 2:49!16; LUK 3:16!15; LUK 3:22!22; LUK 6:47!8; LUK 7:27!10; LUK 7:44!29; LUK 7:45!13; LUK 7:46!13; LUK 7:46!4; LUK 7:6!33; LUK 7:7!15; LUK 7:8!27; LUK 8:21!11; LUK 8:21!8; LUK 8:45!8; LUK 9:23!9; LUK 9:35!12; LUK 9:38!16; LUK 9:48!13; LUK 9:59!18; LUK 9:61!17
μού	92.1	1	LUK 8:46!6
μυλικὸς	7.70	1	LUK 17:2!5
μυριάδων	60.8	1	LUK 12:1!5
μυστήρια	28.77	1	LUK 8:10!8
μωρανθῇ	79.44	1	LUK 14:34!10
μόδιον	6.151	1	LUK 11:33!10
μόνα	58.50	1	LUK 24:12!14
μόνα	58.51	1	LUK 24:12!14
μόνας	58.51	1	LUK 9:18!9
μόνην	58.51	1	LUK 10:40!19
μόνον	58.50	1	LUK 8:50!9
μόνος	58.50	1	LUK 24:18!10
μόνος	58.51	2	LUK 5:21!22; LUK 9:36!9
μόνους	58.51	1	LUK 6:4!26
μόνῳ	58.50	1	LUK 4:8!15
μόνῳ	58.51	1	LUK 4:4!12
μόσχον	4.17	3	LUK 15:23!4; LUK 15:27!16; LUK 15:30!19
μύρα	6.205	1	LUK 23:56!6
μύρου	6.205	1	LUK 7:37!21
μύρῳ	6.205	2	LUK 7:38!31; LUK 7:46!9
μὲν	89.104	1	LUK 23:33!17
μὲν	89.136	4	LUK 11:48!13; LUK 22:22!4; LUK 23:56!9; LUK 3:16!7
μὲν	91.3	1	LUK 3:18!2
μὲν	91.6	3	LUK 10:2!6; LUK 13:9!2; LUK 23:41!3
μὴ	69.15	2	LUK 11:35!3; LUK 17:9!1
μὴ	69.3	87	LUK 10:10!8; LUK 10:15!4; LUK 10:20!4; LUK 10:4!1; LUK 10:4!4; LUK 10:4!6; LUK 10:7!20; LUK 11:23!11; LUK 11:23!2; LUK 11:24!16; LUK 11:36!8; LUK 11:4!15; LUK 11:42!30; LUK 12:11!14; LUK 12:21!6; LUK 12:22!11; LUK 12:29!11; LUK 12:29!3; LUK 12:33!11; LUK 12:4!17; LUK 12:4!7; LUK 12:47!13; LUK 12:48!3; LUK 12:7!10; LUK 13:11!13; LUK 13:14!29; LUK 13:3!6; LUK 13:5!6; LUK 14:12!12; LUK 14:29!7; LUK 14:8!7; LUK 16:26!19; LUK 16:28!9; LUK 17:1!12; LUK 17:23!8; LUK 17:31!17; LUK 17:31!26; LUK 18:1!12; LUK 18:16!14; LUK 18:17!6; LUK 18:2!10; LUK 18:2!14; LUK 18:30!3; LUK 18:5!13; LUK 19:26!11; LUK 19:27!7; LUK 1:20!6; LUK 20:27!9; LUK 20:7!3; LUK 21:14!7; LUK 21:21!21; LUK 21:8!21; LUK 21:9!7; LUK 22:32!7; LUK 22:36!15; LUK 22:40!9; LUK 22:42!12; LUK 22:46!9; LUK 23:28!10; LUK 24:16!7; LUK 24:23!2; LUK 2:26!10; LUK 2:45!2; LUK 3:11!11; LUK 3:8!8; LUK 3:9!15; LUK 4:42!22; LUK 5:19!2; LUK 6:29!21; LUK 6:30!11; LUK 6:37!2; LUK 6:37!9; LUK 6:49!5; LUK 7:23!6; LUK 7:30!14; LUK 7:33!6; LUK 7:42!1; LUK 7:6!23; LUK 8:10!20; LUK 8:10!24; LUK 8:12!22; LUK 8:18!14; LUK 8:31!5; LUK 8:6!12; LUK 9:33!33; LUK 9:45!13; LUK 9:5!4
μὴ	69.5	17	LUK 10:19!23; LUK 12:59!4; LUK 13:35!11; LUK 18:17!15; LUK 18:7!5; LUK 1:15!12; LUK 21:18!8; LUK 21:32!6; LUK 21:33!12; LUK 22:16!6; LUK 22:18!5; LUK 22:67!16; LUK 22:68!5; LUK 6:37!13; LUK 6:37!6; LUK 8:17!13; LUK 9:27!12
μὴ	89.62	1	LUK 21:8!5
μὴν	67.174	1	LUK 1:36!16
μᾶλλον	78.28	5	LUK 11:13!14; LUK 12:24!21; LUK 12:28!19; LUK 18:39!11; LUK 5:15!3
μῆνας	67.174	3	LUK 1:24!14; LUK 1:56!7; LUK 4:25!24
νέον	67.115	3	LUK 5:37!5; LUK 5:38!3; LUK 5:39!6
νέος	67.115	1	LUK 5:37!16
νήθει	48.2	1	LUK 12:27!9
νήθει	48.3	1	LUK 12:27!9
ναί	69.1	4	LUK 10:21!32; LUK 11:51!15; LUK 12:5!17; LUK 7:26!6
ναοῦ	7.15	1	LUK 23:45!9
ναὸν	7.15	1	LUK 1:9!12
ναῷ	7.15	2	LUK 1:21!15; LUK 1:22!14
νεκρούς	23.121	1	LUK 9:60!10
νεκροὶ	23.121	2	LUK 20:37!5; LUK 7:22!20
νεκροὺς	23.121	1	LUK 9:60!6
νεκρὸς	23.121	1	LUK 7:15!4
νεκρὸς	65.39	2	LUK 15:24!6; LUK 15:32!11
νεκρῶν	23.121	7	LUK 16:30!11; LUK 16:31!15; LUK 20:35!13; LUK 20:38!5; LUK 24:46!13; LUK 24:5!21; LUK 9:7!20
νεφέλη	1.34	1	LUK 9:34!6
νεφέλην	1.34	2	LUK 12:54!8; LUK 9:34!18
νεφέλης	1.34	1	LUK 9:35!6
νεφέλῃ	1.34	1	LUK 21:27!10
νεότητος	67.154	1	LUK 18:21!8
νεώτερος	67.116	3	LUK 15:12!4; LUK 15:13!9; LUK 22:26!13
νηπίοις	9.43	1	LUK 10:21!31
νηστείαις	53.65	1	LUK 2:37!13
νηστεύουσιν	53.65	1	LUK 5:33!9
νηστεύσουσιν	53.65	1	LUK 5:35!12
νηστεύω	53.65	1	LUK 18:12!1
νηστεῦσαι	53.65	1	LUK 5:34!20
νικήσῃ	39.57	1	LUK 11:22!6
νομίσαντες	31.29	1	LUK 2:44!1
νομικοὶ	33.338	1	LUK 7:30!6
νομικοὺς	33.338	1	LUK 14:3!8
νομικοῖς	33.338	2	LUK 11:46!7; LUK 11:52!4
νομικός	33.338	1	LUK 10:25!3
νομικῶν	33.338	1	LUK 11:45!5
νομοδιδάσκαλοι	33.248	1	LUK 5:17!16
νοσσιὰν	4.40	1	LUK 13:34!24
νοσσοὺς	4.39	1	LUK 2:24!16
νοῦν	26.14	1	LUK 24:45!5
νυκτός	67.92a	1	LUK 18:7!17
νυκτὶ	67.192	2	LUK 12:20!9; LUK 17:34!5
νυκτὸς	67.192	2	LUK 2:8!14; LUK 5:5!8
νυμφίος	10.56	2	LUK 5:34!15; LUK 5:35!10
νυμφῶνος	7.34	1	LUK 5:34!11
νόμον	33.55	2	LUK 2:22!11; LUK 2:39!8
νόμος	33.55	1	LUK 16:16!2
νόμου	33.55	2	LUK 16:17!12; LUK 2:27!25
νόμῳ	33.55	3	LUK 24:44!25; LUK 2:23!4; LUK 2:24!10
νόμῳ	33.56	1	LUK 10:26!8
νόσοις	23.155	1	LUK 4:40!9
νόσους	23.155	1	LUK 9:1!15
νόσων	23.155	2	LUK 6:18!9; LUK 7:21!8
νότον	14.8	1	LUK 12:55!3
νότου	82.4	2	LUK 11:31!2; LUK 13:29!11
νύκτα	67.92a	1	LUK 2:37!17
νύκτας	67.192	1	LUK 21:37!11
νύμφη	10.60	1	LUK 12:53!23
νύμφην	10.60	1	LUK 12:53!20
νῦν	67.38	11	LUK 12:52!5; LUK 16:25!20; LUK 19:42!14; LUK 1:48!13; LUK 22:36!5; LUK 22:69!3; LUK 5:10!25; LUK 6:21!10; LUK 6:21!4; LUK 6:25!11; LUK 6:25!5
νῦν	67.39	1	LUK 22:18!9
ξηρά	23.173	1	LUK 6:6!24
ξηρὰν	23.173	1	LUK 6:8!12
ξηρῷ	79.80	1	LUK 23:31!11
ξύλων	6.31	1	LUK 22:52!23
ξύλῳ	3.4	1	LUK 23:31!6
ξύλῳ	3.61	1	LUK 23:31!6
οἰκέτης	46.5	1	LUK 16:13!2
οἰκίαν	7.3	12	LUK 10:5!6; LUK 10:7!25; LUK 15:8!17; LUK 18:29!13; LUK 22:10!21; LUK 22:54!9; LUK 4:38!9; LUK 6:48!5; LUK 6:49!11; LUK 7:44!17; LUK 8:51!5; LUK 9:4!5
οἰκίας	7.3	5	LUK 10:7!23; LUK 20:47!4; LUK 22:11!6; LUK 6:49!29; LUK 7:6!15
οἰκίᾳ	7.3	7	LUK 10:7!5; LUK 15:25!15; LUK 17:31!16; LUK 5:29!9; LUK 6:48!23; LUK 7:37!16; LUK 8:27!23
οἰκοδεσπότης	57.14	3	LUK 12:39!8; LUK 13:25!6; LUK 14:21!13
οἰκοδεσπότῃ	57.14	1	LUK 22:11!4
οἰκοδομήσαντι	45.1	1	LUK 6:49!10
οἰκοδομήσω	45.1	1	LUK 12:18!11
οἰκοδομεῖν	45.1	1	LUK 14:30!7
οἰκοδομεῖτε	45.1	2	LUK 11:47!4; LUK 11:48!18
οἰκοδομοῦντες	45.1	1	LUK 20:17!16
οἰκοδομοῦντι	45.1	1	LUK 6:48!4
οἰκοδομῆσαι	45.1	1	LUK 14:28!7
οἰκοδομῆσθαι	45.1	1	LUK 6:48!33
οἰκονομίαν	46.1	1	LUK 16:3!15
οἰκονομίας	46.1	2	LUK 16:2!15; LUK 16:4!9
οἰκονομεῖν	46.1	1	LUK 16:2!21
οἰκονόμον	46.4	2	LUK 16:1!13; LUK 16:8!6
οἰκονόμος	46.4	2	LUK 12:42!10; LUK 16:3!6
οἰκουμένην	1.83	1	LUK 2:1!15
οἰκουμένης	1.39	1	LUK 4:5!10
οἰκουμένῃ	1.39	1	LUK 21:26!10
οἰκτίρμονες	88.81	1	LUK 6:36!2
οἰκτίρμων	88.81	1	LUK 6:36!7
οἰνοπότης	88.288	1	LUK 7:34!15
οἱ	92.24	180	LUK 10:17!3; LUK 10:2!9; LUK 10:23!10; LUK 10:23!12; LUK 11:14!16; LUK 11:19!9; LUK 11:28!6; LUK 11:33!16; LUK 11:39!9; LUK 11:44!11; LUK 11:44!13; LUK 11:47!9; LUK 11:53!5; LUK 11:53!8; LUK 12:35!7; LUK 12:37!2; LUK 13:17!7; LUK 13:2!7; LUK 13:23!8; LUK 13:4!3; LUK 14:29!11; LUK 14:4!1; LUK 15:1!6; LUK 15:1!9; LUK 15:16!12; LUK 15:2!7; LUK 16:14!5; LUK 16:15!6; LUK 16:16!4; LUK 16:21!14; LUK 16:26!13; LUK 16:8!13; LUK 17:17!10; LUK 17:17!7; LUK 17:37!16; LUK 17:5!3; LUK 18:11!16; LUK 18:15!12; LUK 18:24!9; LUK 18:26!3; LUK 18:39!2; LUK 19:14!1; LUK 19:32!3; LUK 19:33!7; LUK 19:34!1; LUK 19:40!10; LUK 19:43!8; LUK 19:47!10; LUK 19:47!14; LUK 19:47!20; LUK 1:2!4; LUK 1:58!3; LUK 1:58!6; LUK 1:66!4; LUK 20:1!17; LUK 20:1!20; LUK 20:10!16; LUK 20:11!6; LUK 20:12!5; LUK 20:14!4; LUK 20:17!15; LUK 20:19!3; LUK 20:19!6; LUK 20:27!6; LUK 20:31!9; LUK 20:33!11; LUK 20:35!1; LUK 20:37!4; LUK 20:5!1; LUK 21:15!15; LUK 21:21!11; LUK 21:21!17; LUK 21:21!2; LUK 21:33!7; LUK 22:14!8; LUK 22:2!3; LUK 22:2!6; LUK 22:25!12; LUK 22:28!4; LUK 22:35!16; LUK 22:38!1; LUK 22:39!16; LUK 22:49!3; LUK 22:63!2; LUK 22:63!4; LUK 22:71!1; LUK 22:9!1; LUK 23:10!3; LUK 23:10!6; LUK 23:21!1; LUK 23:23!1; LUK 23:35!9; LUK 23:36!5; LUK 23:48!3; LUK 23:49!4; LUK 23:5!1; LUK 24:16!1; LUK 24:17!6; LUK 24:19!5; LUK 24:20!5; LUK 24:20!8; LUK 24:25!18; LUK 24:31!4; LUK 24:42!1; LUK 24:44!6; LUK 2:15!10; LUK 2:15!12; LUK 2:18!3; LUK 2:20!3; LUK 2:30!3; LUK 2:41!3; LUK 2:43!18; LUK 2:47!4; LUK 3:10!4; LUK 4:20!11; LUK 4:42!10; LUK 5:2!9; LUK 5:21!4; LUK 5:21!7; LUK 5:30!3; LUK 5:30!6; LUK 5:31!11; LUK 5:31!15; LUK 5:33!16; LUK 5:33!19; LUK 5:37!23; LUK 6:1!11; LUK 6:18!12; LUK 6:20!13; LUK 6:21!2; LUK 6:21!8; LUK 6:22!6; LUK 6:23!24; LUK 6:25!3; LUK 6:25!9; LUK 6:26!16; LUK 6:26!7; LUK 6:3!18; LUK 6:31!7; LUK 6:32!13; LUK 6:33!12; LUK 6:7!3; LUK 6:7!6; LUK 7:10!6; LUK 7:11!14; LUK 7:14!6; LUK 7:18!4; LUK 7:20!5; LUK 7:25!11; LUK 7:29!7; LUK 7:30!1; LUK 7:30!5; LUK 7:4!1; LUK 7:49!3; LUK 8:1!21; LUK 8:12!1; LUK 8:12!7; LUK 8:13!1; LUK 8:14!9; LUK 8:16!17; LUK 8:19!8; LUK 8:20!8; LUK 8:21!14; LUK 8:22!13; LUK 8:34!3; LUK 8:36!4; LUK 8:42!17; LUK 8:45!16; LUK 8:56!3; LUK 8:9!4; LUK 9:10!3; LUK 9:11!1; LUK 9:12!8; LUK 9:13!9; LUK 9:18!12; LUK 9:18!20; LUK 9:19!1; LUK 9:32!5; LUK 9:45!1; LUK 9:54!3
οἳ	92.27	15	LUK 10:30!16; LUK 13:30!11; LUK 13:30!5; LUK 17:12!11; LUK 20:47!1; LUK 23:29!19; LUK 24:23!13; LUK 5:10!9; LUK 5:17!17; LUK 5:29!18; LUK 6:18!1; LUK 8:13!19; LUK 8:13!6; LUK 9:27!10; LUK 9:31!1
οἴδαμεν	28.1	1	LUK 20:21!6
οἴδασιν	28.1	1	LUK 11:44!17
οἴδασιν	32.4	1	LUK 23:34!10
οἴδατε	28.1	1	LUK 12:56!17
οἴδατε	28.7	2	LUK 11:13!6; LUK 12:56!9
οἴκου	10.24	2	LUK 1:27!9; LUK 2:4!25
οἴκου	7.2	1	LUK 11:51!14
οἴκους	7.2	1	LUK 16:4!14
οἴκῳ	10.24	1	LUK 1:69!7
οἴκῳ	10.8	3	LUK 10:5!11; LUK 12:52!9; LUK 19:9!11
οἴκῳ	7.2	1	LUK 19:5!20
οἵ	92.24	1	LUK 15:2!3
οἵτινες	92.18	4	LUK 15:7!19; LUK 1:20!21; LUK 8:15!9; LUK 9:30!7
οἶδά	28.1	1	LUK 4:34!11
οἶδα	28.1	4	LUK 13:25!28; LUK 13:27!6; LUK 22:57!6; LUK 22:60!7
οἶδας	28.1	1	LUK 18:20!3
οἶδεν	28.1	1	LUK 12:30!13
οἶκον	10.24	1	LUK 1:33!5
οἶκον	10.8	2	LUK 11:17!18; LUK 16:27!12
οἶκον	7.2	12	LUK 11:17!18; LUK 12:39!19; LUK 15:6!5; LUK 18:14!8; LUK 1:23!13; LUK 1:40!5; LUK 1:56!13; LUK 5:25!13; LUK 6:4!5; LUK 7:10!5; LUK 7:36!15; LUK 8:41!26
οἶκος	10.8	1	LUK 11:17!16
οἶκος	7.2	4	LUK 11:17!16; LUK 13:35!5; LUK 14:23!21; LUK 19:46!9
οἶκόν	7.2	5	LUK 11:24!22; LUK 14:1!8; LUK 5:24!30; LUK 8:39!4; LUK 9:61!16
οἶκός	7.2	1	LUK 19:46!7
οἶνον	6.197	3	LUK 10:34!10; LUK 1:15!8; LUK 7:33!11
οἶνον	6.198	2	LUK 5:37!4; LUK 5:38!2
οἶνος	6.198	1	LUK 5:37!14
οἷς	92.27	7	LUK 12:1!2; LUK 12:24!9; LUK 19:15!17; LUK 1:78!7; LUK 24:25!16; LUK 2:20!12; LUK 9:43!14
οὐ	69.11	2	LUK 13:15!13; LUK 15:4!13
οὐ	69.3	42	LUK 10:40!12; LUK 11:29!17; LUK 11:38!7; LUK 11:46!21; LUK 11:7!23; LUK 11:8!5; LUK 12:2!11; LUK 12:40!8; LUK 12:46!10; LUK 12:46!16; LUK 12:57!6; LUK 14:20!9; LUK 14:26!33; LUK 14:26!7; LUK 14:27!11; LUK 14:27!2; LUK 14:33!13; LUK 15:13!3; LUK 15:7!20; LUK 16:13!23; LUK 16:2!17; LUK 18:4!16; LUK 1:34!12; LUK 20:21!13; LUK 20:31!11; LUK 21:15!9; LUK 21:6!14; LUK 22:34!7; LUK 23:34!8; LUK 2:50!3; LUK 5:36!28; LUK 6:41!21; LUK 6:42!24; LUK 6:44!9; LUK 6:46!8; LUK 7:45!10; LUK 7:6!10; LUK 7:6!25; LUK 8:14!23; LUK 8:17!1; LUK 8:17!6; LUK 8:52!12
οὐ	69.5	17	LUK 10:19!22; LUK 12:59!3; LUK 13:35!10; LUK 18:17!14; LUK 18:7!4; LUK 1:15!11; LUK 21:18!7; LUK 21:32!5; LUK 21:33!11; LUK 22:16!5; LUK 22:18!4; LUK 22:67!15; LUK 22:68!4; LUK 6:37!12; LUK 6:37!5; LUK 8:17!12; LUK 9:27!11
οὐαί	22.9	3	LUK 10:13!4; LUK 11:46!8; LUK 6:25!8
οὐαὶ	22.9	10	LUK 11:42!2; LUK 11:43!1; LUK 11:44!1; LUK 11:47!1; LUK 11:52!1; LUK 17:1!15; LUK 21:23!1; LUK 22:22!12; LUK 6:24!2; LUK 6:25!1
οὐδ	69.8	1	LUK 16:31!11
οὐδέν	92.23	1	LUK 20:40!6
οὐδέποτε	67.10	2	LUK 15:29!14; LUK 15:29!20
οὐδείς	92.23	2	LUK 18:29!9; LUK 7:28!8
οὐδεμίαν	92.23	1	LUK 4:26!3
οὐδενὶ	92.23	1	LUK 9:36!14
οὐδενὸς	92.23	1	LUK 8:43!19
οὐδεὶς	92.23	11	LUK 10:22!9; LUK 14:24!5; LUK 15:16!15; LUK 16:13!1; LUK 18:19!10; LUK 19:30!15; LUK 23:53!15; LUK 4:24!7; LUK 4:27!13; LUK 5:37!2; LUK 5:39!2
οὐδὲ	69.7	8	LUK 11:33!7; LUK 12:24!13; LUK 12:33!22; LUK 17:21!1; LUK 18:4!18; LUK 6:43!9; LUK 6:44!15; LUK 8:17!9
οὐδὲ	69.8	7	LUK 12:26!3; LUK 12:27!13; LUK 18:13!8; LUK 20:36!1; LUK 23:15!2; LUK 7:7!2; LUK 7:9!17
οὐδὲν	92.23	10	LUK 10:19!20; LUK 12:2!1; LUK 18:34!3; LUK 23:15!11; LUK 23:22!12; LUK 23:41!12; LUK 23:9!9; LUK 4:2!10; LUK 5:5!10; LUK 9:36!20
οὐθὲν	92.23	1	LUK 23:14!19
οὐκ	69.11	1	LUK 14:5!14
οὐκ	69.3	91	LUK 10:24!15; LUK 10:24!22; LUK 10:42!14; LUK 11:44!16; LUK 11:52!12; LUK 11:6!10; LUK 12:10!20; LUK 12:15!12; LUK 12:17!9; LUK 12:2!6; LUK 12:24!10; LUK 12:33!20; LUK 12:39!14; LUK 12:56!16; LUK 12:6!11; LUK 13:16!15; LUK 13:24!14; LUK 13:33!12; LUK 13:34!29; LUK 14:14!5; LUK 14:30!9; LUK 14:33!7; LUK 14:6!2; LUK 15:28!4; LUK 16:11!8; LUK 16:12!7; LUK 16:3!19; LUK 16:31!9; LUK 17:22!19; LUK 18:11!13; LUK 18:13!6; LUK 18:34!15; LUK 18:4!2; LUK 19:21!10; LUK 19:21!15; LUK 19:22!19; LUK 19:22!24; LUK 19:23!4; LUK 19:3!9; LUK 19:44!11; LUK 19:44!20; LUK 1:20!16; LUK 1:22!3; LUK 1:33!14; LUK 1:37!2; LUK 1:7!2; LUK 20:26!2; LUK 20:38!3; LUK 20:5!15; LUK 21:6!8; LUK 21:9!15; LUK 22:53!10; LUK 22:58!18; LUK 22:60!6; LUK 23:29!15; LUK 23:29!20; LUK 23:51!2; LUK 23:53!13; LUK 24:18!14; LUK 24:24!20; LUK 24:39!22; LUK 24:6!1; LUK 2:37!9; LUK 2:43!16; LUK 2:49!9; LUK 2:7!17; LUK 3:16!17; LUK 4:2!8; LUK 4:41!19; LUK 5:32!1; LUK 6:2!9; LUK 6:4!21; LUK 6:40!1; LUK 6:48!26; LUK 7:32!16; LUK 7:32!20; LUK 7:44!22; LUK 7:45!3; LUK 7:46!5; LUK 8:13!17; LUK 8:19!12; LUK 8:27!18; LUK 8:27!24; LUK 8:43!16; LUK 8:47!6; LUK 8:51!6; LUK 9:40!10; LUK 9:49!18; LUK 9:50!11; LUK 9:53!2; LUK 9:58!21
οὐκέτι	67.130	3	LUK 15:19!1; LUK 15:21!14; LUK 20:40!1
οὐρανίου	12.30	1	LUK 2:13!9
οὐρανοῖς	1.11	3	LUK 10:20!20; LUK 12:33!17; LUK 18:22!22
οὐρανοῦ	1.11	6	LUK 11:13!19; LUK 11:16!6; LUK 20:4!5; LUK 20:5!11; LUK 22:43!6; LUK 3:22!16
οὐρανοῦ	1.3	1	LUK 10:21!17
οὐρανοῦ	1.5	6	LUK 10:15!6; LUK 10:18!11; LUK 12:56!8; LUK 17:29!13; LUK 21:11!16; LUK 9:54!16
οὐρανοῦ	4.41	3	LUK 13:19!22; LUK 8:5!26; LUK 9:58!14
οὐρανόν	1.11	1	LUK 24:51!15
οὐρανόν	1.5	1	LUK 18:13!14
οὐρανὸν	1.11	3	LUK 2:15!9; LUK 3:21!16; LUK 9:16!13
οὐρανὸν	1.3	1	LUK 16:17!5
οὐρανὸν	1.5	2	LUK 17:24!10; LUK 17:24!14
οὐρανὸν	12.16	2	LUK 15:18!14; LUK 15:21!10
οὐρανὸς	1.3	1	LUK 21:33!2
οὐρανὸς	1.5	1	LUK 4:25!19
οὐρανῶν	1.5	1	LUK 21:26!15
οὐρανῷ	1.11	3	LUK 15:7!8; LUK 19:38!10; LUK 6:23!16
οὐσίαν	57.19	1	LUK 15:13!19
οὐσίας	57.19	1	LUK 15:12!15
οὐχ	69.11	1	LUK 11:40!2
οὐχ	69.3	6	LUK 13:6!21; LUK 13:7!19; LUK 17:18!1; LUK 19:48!2; LUK 22:26!3; LUK 24:3!3
οὐχί	69.4	3	LUK 12:51!9; LUK 13:3!1; LUK 13:5!1
οὐχὶ	69.12	8	LUK 12:6!1; LUK 14:28!8; LUK 14:31!10; LUK 15:8!11; LUK 17:8!2; LUK 22:27!9; LUK 24:26!1; LUK 6:39!11
οὐχὶ	69.4	1	LUK 18:30!2
οὓς	92.27	7	LUK 11:27!25; LUK 12:37!5; LUK 13:4!6; LUK 24:17!9; LUK 24:44!9; LUK 6:13!14; LUK 6:4!20
οὔ	69.3	2	LUK 14:3!17; LUK 20:22!7
οὔπω	67.129	1	LUK 23:53!16
οὔσῃ	13.1	1	LUK 2:5!7
οὔτε	69.9	4	LUK 14:35!1; LUK 14:35!4; LUK 20:35!14; LUK 20:35!16
οὕτως	61.9	20	LUK 10:21!36; LUK 11:30!8; LUK 12:21!1; LUK 12:28!16; LUK 12:38!13; LUK 12:43!12; LUK 12:54!19; LUK 14:33!1; LUK 15:10!1; LUK 15:7!4; LUK 17:10!1; LUK 17:24!16; LUK 17:26!8; LUK 19:31!9; LUK 21:31!1; LUK 22:26!4; LUK 24:24!12; LUK 24:46!5; LUK 2:48!16; LUK 9:15!3
οὖν	89.50	28	LUK 10:2!14; LUK 10:40!24; LUK 11:13!2; LUK 11:35!2; LUK 11:36!2; LUK 12:26!2; LUK 13:14!25; LUK 13:18!2; LUK 14:33!2; LUK 16:11!2; LUK 16:27!5; LUK 19:12!2; LUK 20:15!9; LUK 20:17!7; LUK 20:29!2; LUK 20:33!3; LUK 20:44!2; LUK 21:14!2; LUK 21:7!7; LUK 23:16!2; LUK 23:22!19; LUK 3:10!8; LUK 3:18!3; LUK 3:8!2; LUK 3:9!13; LUK 4:7!2; LUK 7:42!8; LUK 8:18!2
οὖν	91.7	3	LUK 14:34!2; LUK 22:70!5; LUK 7:31!2
οὖς	28.73	1	LUK 12:3!16
οὖς	33.91	1	LUK 12:3!16
οὖς	8.24	1	LUK 22:50!14
οὖσα	13.1	1	LUK 8:43!3
οὖσαν	13.4	1	LUK 13:16!5
οὗ	83.5	5	LUK 10:1!25; LUK 23:53!12; LUK 24:28!6; LUK 4:16!5; LUK 4:17!15
οὗ	92.27	13	LUK 13:25!2; LUK 13:7!10; LUK 17:1!17; LUK 22:22!17; LUK 24:21!23; LUK 3:16!16; LUK 3:17!1; LUK 4:18!5; LUK 4:29!16; LUK 7:27!4; LUK 8:35!17; LUK 8:38!7; LUK 9:9!13
οὗτοί	92.29	3	LUK 8:14!7; LUK 8:15!7; LUK 8:21!12
οὗτοι	92.29	6	LUK 13:2!9; LUK 19:40!8; LUK 20:47!11; LUK 21:4!3; LUK 24:17!8; LUK 8:13!15
οὗτος	92.29	29	LUK 15:24!2; LUK 15:30!6; LUK 15:32!10; LUK 16:1!15; LUK 17:18!12; LUK 18:11!26; LUK 18:14!4; LUK 1:29!13; LUK 1:32!1; LUK 1:36!15; LUK 20:17!17; LUK 20:28!13; LUK 22:56!15; LUK 22:59!13; LUK 23:22!11; LUK 23:38!11; LUK 23:41!10; LUK 23:47!14; LUK 23:51!1; LUK 23:52!1; LUK 2:25!13; LUK 2:34!13; LUK 4:22!24; LUK 4:36!14; LUK 5:21!12; LUK 7:17!5; LUK 8:41!9; LUK 9:24!20; LUK 9:9!11
οὗτός	92.29	5	LUK 23:35!17; LUK 7:27!1; LUK 7:49!9; LUK 8:25!16; LUK 9:48!32
πάλαι	67.24	1	LUK 10:13!20
πάλιν	67.55	2	LUK 13:20!2; LUK 23:20!1
πάλιν	89.129	1	LUK 6:43!10
πάντα	59.23	24	LUK 11:41!8; LUK 12:30!3; LUK 16:14!4; LUK 17:10!6; LUK 18:12!6; LUK 18:21!5; LUK 18:22!11; LUK 18:31!14; LUK 1:65!17; LUK 21:22!8; LUK 21:24!10; LUK 21:29!9; LUK 21:32!13; LUK 21:36!11; LUK 24:9!8; LUK 2:19!4; LUK 2:39!4; LUK 2:51!18; LUK 4:13!3; LUK 4:37!7; LUK 7:1!3; LUK 9:1!11; LUK 9:13!28; LUK 9:7!8
πάντα	63.2	10	LUK 10:22!1; LUK 12:18!15; LUK 15:13!7; LUK 15:14!4; LUK 15:31!12; LUK 21:4!18; LUK 24:44!20; LUK 24:47!12; LUK 5:11!9; LUK 5:28!3
πάντας	59.23	11	LUK 12:41!15; LUK 13:2!12; LUK 13:28!18; LUK 13:4!22; LUK 1:65!4; LUK 4:36!5; LUK 5:9!6; LUK 6:10!3; LUK 6:19!15; LUK 7:16!4; LUK 9:23!4
πάντας	63.2	3	LUK 17:27!19; LUK 17:29!16; LUK 21:35!6
πάντες	59.23	22	LUK 13:17!6; LUK 13:27!12; LUK 13:3!8; LUK 13:5!8; LUK 14:18!5; LUK 14:29!10; LUK 15:1!5; LUK 19:7!3; LUK 1:63!12; LUK 1:66!3; LUK 21:4!1; LUK 22:70!3; LUK 23:48!2; LUK 23:49!3; LUK 2:18!2; LUK 2:47!3; LUK 4:22!2; LUK 4:28!3; LUK 6:26!6; LUK 8:40!13; LUK 8:52!3; LUK 9:43!3
πάντες	63.2	3	LUK 20:38!8; LUK 2:3!3; LUK 9:17!5
πάντοθεν	84.7	1	LUK 19:43!19
πάντοτε	67.88	2	LUK 15:31!7; LUK 18:1!8
πάντων	59.23	15	LUK 14:10!26; LUK 1:71!8; LUK 21:12!4; LUK 21:17!5; LUK 21:3!13; LUK 24:14!7; LUK 24:27!7; LUK 2:31!5; LUK 3:15!7; LUK 3:19!18; LUK 4:15!10; LUK 4:20!10; LUK 7:18!8; LUK 7:35!6; LUK 8:45!11
πάντων	63.2	1	LUK 11:50!5
πάρεχε	13.127	2	LUK 11:7!8; LUK 6:29!7
πάσαις	59.23	3	LUK 1:6!10; LUK 1:75!7; LUK 24:27!13
πάσας	59.23	1	LUK 4:5!6
πάσης	59.23	3	LUK 12:15!9; LUK 5:17!21; LUK 6:17!20
πάσης	63.2	1	LUK 21:35!11
πάσχα	4.27	3	LUK 22:11!17; LUK 22:15!9; LUK 22:7!11
πάσχα	51.6	1	LUK 2:41!13
πάσχα	51.7	2	LUK 22:13!10; LUK 22:8!11
πάσῃ	59.23	2	LUK 12:27!16; LUK 7:17!13
πάτερ	10.20	2	LUK 16:27!6; LUK 16:30!5
πάτερ	12.12	1	LUK 10:21!14
πέδαις	6.17	1	LUK 8:29!20
πέμψαι	15.66	2	LUK 20:11!4; LUK 20:12!4
πέμψον	15.66	1	LUK 16:24!10
πέμψω	15.66	1	LUK 20:13!9
πέμψῃς	15.66	1	LUK 16:27!8
πέντε	60.14	9	LUK 12:52!6; LUK 12:6!2; LUK 14:19!7; LUK 16:28!3; LUK 19:18!11; LUK 19:19!9; LUK 1:24!15; LUK 9:13!18; LUK 9:16!4
πέραν	83.43	1	LUK 8:22!23
πέσῃ	15.118	1	LUK 20:18!13
πέτραν	2.21	2	LUK 6:48!15; LUK 8:6!6
πέτρας	2.21	1	LUK 8:13!5
πήγανον	3.22	1	LUK 11:42!12
πήραν	6.145	3	LUK 10:4!5; LUK 22:36!12; LUK 9:3!13
πήρας	6.145	1	LUK 22:35!10
πίε	23.34	1	LUK 12:19!16
πίεσαι	23.34	1	LUK 17:8!21
πίητε	23.34	1	LUK 12:29!9
πίνακος	6.134	1	LUK 11:39!17
πίνειν	23.34	1	LUK 12:45!27
πίνετε	23.34	1	LUK 5:30!23
πίνητε	23.34	1	LUK 22:30!4
πίνοντες	23.34	1	LUK 10:7!9
πίνουσιν	23.34	1	LUK 5:33!24
πίνων	23.34	2	LUK 7:33!10; LUK 7:34!8
πίπτει	15.119	1	LUK 11:17!19
πίστευσον	31.85	1	LUK 8:50!10
πίστιν	31.102	3	LUK 17:5!9; LUK 17:6!7; LUK 18:8!19
πίστιν	31.85	2	LUK 5:20!4; LUK 7:9!22
πίστις	31.102	1	LUK 22:32!10
πίστις	31.85	5	LUK 17:19!7; LUK 18:42!8; LUK 7:50!7; LUK 8:25!6; LUK 8:48!7
πίω	23.34	2	LUK 17:8!15; LUK 22:18!6
πίῃ	23.34	1	LUK 1:15!13
παίδων	87.77	1	LUK 15:26!5
παίσας	19.1	1	LUK 22:64!10
παγίς	6.23	1	LUK 21:35!2
παθεῖν	24.78	5	LUK 17:25!6; LUK 22:15!16; LUK 24:26!4; LUK 24:46!7; LUK 9:22!9
παιδία	10.37	1	LUK 11:7!15
παιδία	9.42	1	LUK 18:16!9
παιδίοις	9.42	1	LUK 7:32!3
παιδίον	9.42	9	LUK 18:17!13; LUK 1:59!11; LUK 1:66!14; LUK 1:76!4; LUK 1:80!3; LUK 2:27!16; LUK 2:40!3; LUK 9:47!11; LUK 9:48!9
παιδίου	9.42	1	LUK 2:17!12
παιδίσκας	87.83	1	LUK 12:45!23
παιδίσκη	87.83	1	LUK 22:56!4
παιδεύσας	38.4	2	LUK 23:16!1; LUK 23:22!18
παιδὸς	10.36	3	LUK 1:54!3; LUK 1:69!9; LUK 8:51!23
παιδὸς	87.77	2	LUK 1:54!3; LUK 1:69!9
παλαιούμενα	67.103	1	LUK 12:33!12
παλαιούς	58.75	1	LUK 5:37!8
παλαιόν	58.75	1	LUK 5:36!17
παλαιὸν	58.75	1	LUK 5:39!4
παλαιὸς	58.75	1	LUK 5:39!10
παλαιῷ	58.75	1	LUK 5:36!27
παμπληθεὶ	59.28	1	LUK 23:18!3
πανδοχεῖ	7.12	1	LUK 10:35!10
πανδοχεῖον	7.11	1	LUK 10:34!21
πανοπλίαν	6.30	1	LUK 11:22!9
πανουργίαν	88.270	1	LUK 20:23!5
πανταχοῦ	83.8	1	LUK 9:6!10
παντελές	67.95	1	LUK 13:11!18
παντελές	78.47	1	LUK 13:11!18
παντὶ	59.23	6	LUK 11:4!11; LUK 12:48!11; LUK 19:26!4; LUK 21:36!4; LUK 2:10!16; LUK 6:30!1
παντὸς	59.23	3	LUK 20:45!3; LUK 24:19!27; LUK 8:47!20
παντὸς	67.15	1	LUK 24:53!4
παντὸς	67.86	1	LUK 24:53!4
παρ	83.25	1	LUK 9:47!14
παρ	84.5	1	LUK 6:19!10
παρ	89.111	1	LUK 11:37!10
παρ	89.132	1	LUK 18:14!10
παρ	90.14	4	LUK 10:7!11; LUK 11:16!8; LUK 12:48!18; LUK 6:34!4
παράδοξα	31.44	1	LUK 5:26!15
παράδοξα	58.56	1	LUK 5:26!15
παράκλησιν	25.150	2	LUK 2:25!18; LUK 6:24!9
παρέδοσαν	33.237	1	LUK 1:2!2
παρέδωκαν	37.111	1	LUK 24:20!3
παρέδωκεν	37.111	1	LUK 23:25!16
παρέθεντο	35.47	1	LUK 12:48!22
παρέλθῃ	13.93	1	LUK 21:32!7
παρέλθῃ	67.85	1	LUK 21:32!7
παρένεγκε	90.97	1	LUK 22:42!5
παρέξῃ	13.127	1	LUK 7:4!15
παρέρχεσθε	36.28	1	LUK 11:42!17
παρέρχεται	15.28	1	LUK 18:37!8
παρέχειν	13.127	1	LUK 18:5!4
παρήγγειλεν	33.327	3	LUK 5:14!3; LUK 8:56!8; LUK 9:21!5
παρήγγελλεν	33.327	1	LUK 8:29!1
παραβολή	33.15	2	LUK 8:11!5; LUK 8:9!11
παραβολήν	33.15	2	LUK 13:6!5; LUK 14:7!6
παραβολαῖς	33.15	1	LUK 8:10!17
παραβολὴν	33.15	12	LUK 12:16!3; LUK 12:41!9; LUK 15:3!6; LUK 18:1!3; LUK 18:9!18; LUK 19:11!7; LUK 20:19!28; LUK 20:9!8; LUK 21:29!3; LUK 4:23!9; LUK 5:36!4; LUK 6:39!4
παραβολῆς	33.15	1	LUK 8:4!14
παραγενομένους	15.86	1	LUK 22:52!6
παραγενόμενοι	15.86	2	LUK 7:20!1; LUK 7:4!3
παραγενόμενος	15.86	1	LUK 14:21!2
παραδέδοται	57.77	1	LUK 4:6!18
παραδίδοσθαι	37.12	1	LUK 9:44!16
παραδίδοται	37.111	1	LUK 22:22!18
παραδίδως	37.111	1	LUK 22:48!11
παραδείσῳ	1.14	1	LUK 23:43!13
παραδιδόντες	37.111	1	LUK 21:12!13
παραδιδόντος	37.111	1	LUK 22:21!6
παραδοθήσεσθε	37.111	1	LUK 21:16!1
παραδοθήσεται	37.111	1	LUK 18:32!1
παραδοθῆναι	37.12	1	LUK 24:7!8
παραδοῦναι	37.111	2	LUK 20:20!14; LUK 22:6!7
παραδώσει	37.111	1	LUK 12:58!28
παραδῷ	37.111	1	LUK 22:4!11
παραθήσω	57.116	1	LUK 11:6!13
παραθεῖναι	57.116	1	LUK 9:16!22
παραιτεῖσθαι	33.163	1	LUK 14:18!6
παρακαθεσθεῖσα	17.14	1	LUK 10:39!9
παρακαλεῖται	25.150	1	LUK 16:25!23
παρακαλῶν	25.150	1	LUK 3:18!6
παρακεκαλυμμένον	28.82	1	LUK 9:45!9
παρακύψας	17.31	1	LUK 24:12!10
παρακύψας	24.13	1	LUK 24:12!10
παραλίου	1.61	1	LUK 6:17!27
παραλαβὼν	15.168	2	LUK 9:10!10; LUK 9:28!11
παραλαμβάνει	15.168	1	LUK 11:26!4
παραλελυμένος	23.170	1	LUK 5:18!10
παραλελυμένῳ	23.170	1	LUK 5:24!18
παραλημφθήσεται	15.168	2	LUK 17:34!13; LUK 17:35!9
παρασκευῆς	67.201	1	LUK 23:54!4
παραστῆσαι	57.81	1	LUK 2:22!17
παρατίθεμαι	35.47	1	LUK 23:46!12
παρατηρήσαντες	24.48	1	LUK 20:20!2
παρατηρήσεως	24.48	1	LUK 17:20!23
παρατηρούμενοι	24.48	1	LUK 14:1!20
παρατιθέμενα	57.116	1	LUK 10:8!12
παραχρῆμα	67.113	10	LUK 13:13!7; LUK 18:43!2; LUK 19:11!18; LUK 1:64!6; LUK 22:60!11; LUK 4:39!11; LUK 5:25!2; LUK 8:44!10; LUK 8:47!26; LUK 8:55!8
παρεβιάσαντο	33.299	1	LUK 24:29!2
παρεγένετο	15.86	2	LUK 11:6!4; LUK 19:16!1
παρεγενόμην	85.7	1	LUK 12:51!4
παρεδόθη	57.77	1	LUK 10:22!3
παρεκάλει	33.315	2	LUK 15:28!12; LUK 8:41!21
παρεκάλεσαν	33.168	1	LUK 8:32!12
παρεκάλουν	33.168	2	LUK 7:4!7; LUK 8:31!2
παρελεύσονται	13.93	2	LUK 21:33!13; LUK 21:33!6
παρελθεῖν	13.93	1	LUK 16:17!9
παρελθὼν	15.86	2	LUK 12:37!20; LUK 17:7!18
παρεμβαλοῦσιν	85.39	1	LUK 19:43!7
παρεστηκὼς	17.3	1	LUK 1:19!11
παρεστῶσιν	17.3	1	LUK 19:24!3
παρετηροῦντο	24.48	1	LUK 6:7!1
παρεῖναι	13.145	1	LUK 11:42!31
παρηκολουθηκότι	27.38	1	LUK 1:3!3
παρθένον	9.39	1	LUK 1:27!2
παρθένου	9.39	1	LUK 1:27!15
παρθενίας	23.64	1	LUK 2:36!22
παροικεῖς	85.71	1	LUK 24:18!11
παρὰ	78.29	3	LUK 13:2!11; LUK 13:4!21; LUK 3:13!8
παρὰ	83.25	9	LUK 17:16!5; LUK 18:35!12; LUK 5:1!19; LUK 5:2!6; LUK 7:38!4; LUK 8:12!3; LUK 8:35!24; LUK 8:41!16; LUK 8:5!17
παρὰ	84.5	2	LUK 2:1!9; LUK 8:49!6
παρὰ	90.14	1	LUK 1:45!11
παρὰ	90.20	2	LUK 1:30!12; LUK 2:52!9
παρὰ	90.3	3	LUK 18:27!6; LUK 18:27!9; LUK 1:37!4
παρῃτημένον	33.163	2	LUK 14:18!23; LUK 14:19!16
παρῆλθον	36.28	1	LUK 15:29!17
πασῶν	59.23	1	LUK 19:37!25
πατάξομεν	19.3	1	LUK 22:49!11
πατέρα	10.14	7	LUK 11:11!6; LUK 14:26!10; LUK 15:18!5; LUK 15:20!6; LUK 18:20!14; LUK 8:51!21; LUK 9:59!17
πατέρα	10.20	1	LUK 1:73!7
πατέρας	10.20	1	LUK 1:55!5
πατέρες	10.20	3	LUK 11:47!11; LUK 6:23!25; LUK 6:26!17
πατέρων	10.14	1	LUK 1:17!13
πατέρων	10.20	2	LUK 11:48!9; LUK 1:72!5
πατήρ	10.14	2	LUK 15:27!13; LUK 2:48!19
πατήρ	12.12	3	LUK 10:21!34; LUK 10:22!18; LUK 22:29!8
πατεῖν	15.226	1	LUK 10:19!7
πατεῖν	20.22	1	LUK 10:19!7
πατουμένη	20.22	1	LUK 21:24!14
πατουμένη	39.54	1	LUK 21:24!14
πατρί	10.14	2	LUK 12:53!8; LUK 15:12!7
πατρίδι	1.81	2	LUK 4:23!25; LUK 4:24!13
πατριᾶς	10.24	1	LUK 2:4!27
πατρός	10.14	2	LUK 15:17!9; LUK 16:27!14
πατρός	12.12	3	LUK 10:22!6; LUK 24:49!8; LUK 2:49!15
πατρὶ	10.14	3	LUK 15:29!6; LUK 1:62!4; LUK 9:42!27
πατρὸς	10.14	1	LUK 1:59!19
πατρὸς	10.20	1	LUK 1:32!18
πατρὸς	12.12	1	LUK 9:26!24
πατὴρ	10.14	6	LUK 12:53!2; LUK 15:20!16; LUK 15:22!4; LUK 15:28!9; LUK 1:67!4; LUK 2:33!4
πατὴρ	12.12	5	LUK 10:22!23; LUK 11:13!16; LUK 12:30!12; LUK 12:32!9; LUK 6:36!5
παῖδα	9.41	1	LUK 9:42!22
παῖδας	87.77	1	LUK 12:45!20
παῖς	10.36	1	LUK 2:43!12
παῖς	87.77	1	LUK 7:7!14
παῖς	9.41	1	LUK 8:54!10
πεδινοῦ	79.85	1	LUK 6:17!8
πεινάσετε	23.29	1	LUK 6:25!7
πεινῶντας	23.29	1	LUK 1:53!1
πεινῶντες	23.29	1	LUK 6:21!3
πειράζοντες	27.31	1	LUK 11:16!3
πειραζόμενος	88.308	1	LUK 4:2!3
πειρασμοῖς	88.308	1	LUK 22:28!10
πειρασμοῦ	88.308	1	LUK 8:13!26
πειρασμόν	88.308	3	LUK 11:4!19; LUK 22:40!12; LUK 22:46!12
πειρασμὸν	88.308	1	LUK 4:13!4
πεισθήσονται	33.301	1	LUK 16:31!17
πεμφθέντες	15.66	1	LUK 7:10!7
πενθήσετε	25.142	1	LUK 6:25!13
πενθεράν	10.59	1	LUK 12:53!26
πενθερὰ	10.59	2	LUK 12:53!17; LUK 4:38!11
πενιχρὰν	57.49	1	LUK 21:2!5
πεντήκοντα	60.28	3	LUK 16:6!19; LUK 7:41!14; LUK 9:14!17
πεντακισχίλιοι	60.43	1	LUK 9:14!5
πεντακόσια	60.37	1	LUK 7:41!10
πεντεκαιδεκάτῳ	60.61	1	LUK 3:1!4
πεπεισμένος	33.301	1	LUK 20:6!11
πεπιεσμένον	19.49	1	LUK 6:38!7
πεπλήρωται	13.106	1	LUK 4:21!8
πεπληροφορημένων	13.106	1	LUK 1:1!8
πεποίηκεν	42.7	1	LUK 1:25!4
πεποιήκαμεν	42.7	1	LUK 17:10!18
πεποιθότας	31.82	1	LUK 18:9!7
πεπραγμένον	42.8	1	LUK 23:15!15
πεπόνθασιν	90.66	1	LUK 13:2!18
περάτων	80.6	1	LUK 11:31!20
περίκειται	85.54	1	LUK 17:2!6
περίλυπος	25.277	1	LUK 18:23!5
περίοικοι	11.89	1	LUK 1:58!4
περίχωρον	1.80	1	LUK 3:3!5
περιέκρυβεν	28.79	1	LUK 1:24!12
περιέλαμψεν	14.44	1	LUK 2:9!9
περιέπεσεν	37.11	1	LUK 10:30!15
περιέσχεν	90.69	1	LUK 5:9!3
περιαψάντων	14.65	1	LUK 22:55!1
περιβαλὼν	49.3	1	LUK 23:11!13
περιβαλὼν	49.5	1	LUK 23:11!13
περιβλεψάμενος	24.11	1	LUK 6:10!2
περιεβάλετο	49.3	1	LUK 12:27!20
περιεβάλετο	49.5	1	LUK 12:27!20
περιεζωσμέναι	77.5	1	LUK 12:35!5
περιεσπᾶτο	25.238	1	LUK 10:40!4
περιζωσάμενος	49.15	1	LUK 17:8!9
περιζώσεται	49.15	1	LUK 12:37!15
περικαλύψαντες	79.115	1	LUK 22:64!2
περικυκλώσουσίν	15.147	1	LUK 19:43!14
περιοικοῦντας	85.74	1	LUK 1:65!7
περιπάτει	15.227	1	LUK 5:23!14
περιπατεῖν	15.227	1	LUK 20:46!7
περιπατοῦντες	15.227	2	LUK 11:44!14; LUK 24:17!13
περιπατοῦσιν	15.227	1	LUK 7:22!15
περιποιήσασθαι	21.24	1	LUK 17:33!7
περισσεύειν	59.52	1	LUK 12:15!15
περισσεύματος	59.53	1	LUK 6:45!25
περισσεύονται	57.24	1	LUK 15:17!11
περισσεύοντος	59.52	1	LUK 21:4!6
περισσεῦσαν	57.24	1	LUK 9:17!9
περισσότερον	78.31	3	LUK 12:48!24; LUK 20:47!13; LUK 7:26!10
περισσότερόν	78.31	1	LUK 12:4!19
περιστερὰν	4.44	1	LUK 3:22!10
περιστερῶν	4.44	1	LUK 2:24!17
περιτεμεῖν	53.51	2	LUK 1:59!9; LUK 2:21!7
περιχώρου	1.80	3	LUK 4:14!19; LUK 4:37!10; LUK 8:37!8
περιχώρῳ	1.80	1	LUK 7:17!15
περὶ	83.18	3	LUK 13:8!16; LUK 17:2!7; LUK 22:49!4
περὶ	89.36	4	LUK 19:37!24; LUK 24:4!7; LUK 3:19!17; LUK 3:19!9
περὶ	89.6	22	LUK 10:40!5; LUK 10:41!12; LUK 11:53!15; LUK 12:26!7; LUK 13:1!10; LUK 16:2!9; LUK 21:5!4; LUK 22:37!20; LUK 24:19!10; LUK 24:27!17; LUK 24:44!31; LUK 2:27!26; LUK 3:15!12; LUK 4:10!8; LUK 4:14!20; LUK 4:37!4; LUK 5:14!15; LUK 5:15!6; LUK 7:17!10; LUK 9:11!12; LUK 9:45!20; LUK 9:9!12
περὶ	90.24	13	LUK 1:1!6; LUK 1:4!3; LUK 23:8!20; LUK 24:14!6; LUK 2:17!10; LUK 2:17!4; LUK 2:18!6; LUK 2:33!13; LUK 2:38!11; LUK 7:18!7; LUK 7:24!11; LUK 7:27!3; LUK 7:3!3
πεσεῖν	68.49	1	LUK 16:17!15
πεσεῖται	15.118	1	LUK 14:5!12
πεσοῦνται	23.105	1	LUK 21:24!2
πεσόν	15.118	1	LUK 8:14!6
πεσόντα	15.118	1	LUK 10:18!12
πεσὼν	15.118	1	LUK 20:18!3
πεσὼν	17.22	2	LUK 5:12!20; LUK 8:41!15
πετεινὰ	4.41	3	LUK 13:19!20; LUK 8:5!24; LUK 9:58!12
πετεινῶν	4.38	1	LUK 12:24!25
πεφυτευμένην	43.5	1	LUK 13:6!9
πικρῶς	25.284	1	LUK 22:62!5
πινακίδιον	6.60	1	LUK 1:63!3
πιπτόντων	15.118	1	LUK 16:21!6
πιπτόντων	5.5	1	LUK 16:21!6
πιστεύειν	31.35	1	LUK 24:25!13
πιστεύουσιν	31.35	1	LUK 8:13!22
πιστεύσαντες	31.102	1	LUK 8:12!23
πιστεύσασα	31.35	1	LUK 1:45!4
πιστεύσει	35.50	1	LUK 16:11!14
πιστεύσητε	31.35	1	LUK 22:67!17
πιστοὶ	31.87	2	LUK 16:11!7; LUK 16:12!6
πιστός	31.87	1	LUK 16:10!8
πιστὸς	31.87	3	LUK 12:42!9; LUK 16:10!2; LUK 19:17!10
πιὼν	23.34	1	LUK 5:39!3
πλέον	78.28	1	LUK 3:13!7
πλήρης	59.35	2	LUK 4:1!3; LUK 5:12!14
πλανηθῆτε	31.67	1	LUK 21:8!6
πλατείαις	1.103	1	LUK 13:26!12
πλατείας	1.103	2	LUK 10:10!14; LUK 14:21!22
πλειόνων	59.1	1	LUK 11:53!16
πλεονεξίας	25.22	1	LUK 12:15!10
πλεόντων	54.1	1	LUK 8:23!1
πλεῖον	59.1	1	LUK 9:13!15
πλεῖον	78.28	5	LUK 11:31!29; LUK 11:32!22; LUK 21:3!12; LUK 7:42!10; LUK 7:43!8
πλεῖόν	78.28	1	LUK 12:23!4
πληγὰς	19.1	1	LUK 10:30!21
πληγῶν	19.1	1	LUK 12:48!8
πλημμύρης	14.33	1	LUK 6:48!16
πληρούμενον	59.37	1	LUK 2:40!7
πληροῦν	13.106	1	LUK 9:31!11
πληρωθήσεται	59.37	1	LUK 3:5!3
πληρωθήσονται	13.106	1	LUK 1:20!22
πληρωθῆναι	13.106	1	LUK 24:44!19
πληρωθῇ	13.106	1	LUK 22:16!11
πληρωθῶσιν	67.70	1	LUK 21:24!19
πλησίον	11.89	3	LUK 10:27!35; LUK 10:29!14; LUK 10:36!5
πλησθήσεται	59.38	1	LUK 1:15!17
πλησθῆναι	13.106	1	LUK 21:22!7
πλοίου	6.41	1	LUK 5:3!21
πλοίων	6.41	1	LUK 5:3!6
πλοίῳ	6.41	1	LUK 5:7!8
πλουσίοις	57.26	1	LUK 6:24!5
πλουσίου	57.26	2	LUK 12:16!9; LUK 16:21!11
πλουσίους	57.26	2	LUK 14:12!27; LUK 21:1!12
πλουτοῦντας	57.25	1	LUK 1:53!5
πλουτῶν	57.28	1	LUK 12:21!9
πλούσιον	57.26	1	LUK 18:25!10
πλούσιος	57.26	5	LUK 16:1!10; LUK 16:19!5; LUK 16:22!20; LUK 18:23!9; LUK 19:2!13
πλούτου	57.30	1	LUK 8:14!15
πλοῖα	6.41	3	LUK 5:11!4; LUK 5:2!4; LUK 5:7!19
πλοῖον	6.41	2	LUK 8:22!11; LUK 8:37!22
πλὴν	89.130	13	LUK 10:11!16; LUK 10:14!1; LUK 10:20!1; LUK 11:41!1; LUK 12:31!1; LUK 13:33!1; LUK 18:8!10; LUK 19:27!1; LUK 22:21!1; LUK 22:42!11; LUK 23:28!14; LUK 6:24!1; LUK 6:35!1
πλὴν	89.136	1	LUK 22:22!11
πλῆθος	11.1	7	LUK 19:37!15; LUK 1:10!4; LUK 23:1!5; LUK 23:27!5; LUK 2:13!7; LUK 6:17!15; LUK 8:37!6
πλῆθος	59.9	1	LUK 5:6!5
πνέοντα	14.4	1	LUK 12:55!4
πνευμάτων	12.38	2	LUK 7:21!12; LUK 8:2!8
πνευμάτων	12.39	1	LUK 6:18!15
πνεύμασιν	12.39	1	LUK 4:36!23
πνεύματα	12.37	1	LUK 10:20!8
πνεύματα	12.38	1	LUK 11:26!6
πνεύματι	12.18	6	LUK 10:21!7; LUK 1:17!7; LUK 1:80!7; LUK 2:27!5; LUK 3:16!30; LUK 4:1!14
πνεύματι	12.39	2	LUK 8:29!4; LUK 9:42!16
πνεύματι	26.9	1	LUK 1:80!7
πνεύματος	12.18	6	LUK 1:15!15; LUK 1:41!20; LUK 1:67!7; LUK 2:26!7; LUK 4:1!4; LUK 4:14!9
πνεῦμά	26.9	2	LUK 1:47!4; LUK 23:46!14
πνεῦμα	12.18	5	LUK 11:13!21; LUK 12:10!18; LUK 12:12!4; LUK 2:25!22; LUK 3:22!4
πνεῦμα	12.37	3	LUK 13:11!4; LUK 4:33!8; LUK 9:39!3
πνεῦμα	12.39	1	LUK 11:24!4
πνεῦμα	12.42	2	LUK 24:37!7; LUK 24:39!18
πνεῦμα	26.9	1	LUK 8:55!4
ποία	58.30	3	LUK 6:32!7; LUK 6:33!7; LUK 6:34!8
ποίας	92.36	1	LUK 5:19!4
ποίει	42.7	2	LUK 10:28!7; LUK 10:37!18
ποίησον	42.7	1	LUK 4:23!20
ποίησόν	13.9	1	LUK 15:19!7
ποίμνην	4.28	1	LUK 2:8!17
ποίμνιον	11.31	1	LUK 12:32!5
ποίᾳ	92.36	3	LUK 12:39!9; LUK 20:2!9; LUK 20:8!11
ποδῶν	37.8	1	LUK 20:43!9
ποδῶν	8.49	1	LUK 9:5!16
ποιήσαιεν	42.7	1	LUK 6:11!11
ποιήσαντες	42.7	1	LUK 5:6!3
ποιήσας	42.29	1	LUK 11:40!4
ποιήσας	42.7	5	LUK 10:25!11; LUK 12:47!16; LUK 12:48!5; LUK 18:18!10; LUK 6:49!6
ποιήσας	90.45	1	LUK 10:37!5
ποιήσατε	13.86	1	LUK 3:8!1
ποιήσατε	13.9	1	LUK 16:9!6
ποιήσατε	42.29	1	LUK 12:33!8
ποιήσει	41.7	1	LUK 20:15!10
ποιήσει	90.45	1	LUK 18:8!4
ποιήσητε	42.7	1	LUK 17:10!5
ποιήσω	41.7	1	LUK 18:41!4
ποιήσω	42.7	5	LUK 12:17!7; LUK 12:18!4; LUK 16:3!8; LUK 16:4!3; LUK 20:13!8
ποιήσωμεν	42.29	1	LUK 9:33!22
ποιήσωμεν	42.7	3	LUK 3:10!9; LUK 3:12!12; LUK 3:14!8
ποιήσωσιν	42.7	1	LUK 19:48!6
ποιήσῃ	23.199	1	LUK 13:9!3
ποιήσῃ	90.45	1	LUK 18:7!6
ποιείτω	42.7	1	LUK 3:11!18
ποιεῖ	42.7	1	LUK 7:8!31
ποιεῖς	42.7	1	LUK 20:2!12
ποιεῖτε	13.9	1	LUK 3:4!19
ποιεῖτε	41.7	1	LUK 6:31!9
ποιεῖτε	42.7	4	LUK 22:19!20; LUK 6:2!7; LUK 6:27!11; LUK 6:46!9
ποικίλαις	58.45	1	LUK 4:40!10
ποιμένες	44.4	3	LUK 2:15!13; LUK 2:20!4; LUK 2:8!2
ποιμένων	44.4	1	LUK 2:18!11
ποιμαίνοντα	44.3	1	LUK 17:7!9
ποιούμενος	90.45	1	LUK 13:22!10
ποιοῦν	23.199	3	LUK 3:9!16; LUK 6:43!13; LUK 6:43!6
ποιοῦντα	42.7	1	LUK 12:43!11
ποιοῦνται	90.45	1	LUK 5:33!13
ποιοῦντες	42.7	1	LUK 8:21!21
ποιοῦσιν	42.7	3	LUK 23:31!8; LUK 23:34!12; LUK 6:33!16
ποιῆσαι	41.7	1	LUK 1:72!1
ποιῆσαι	42.7	4	LUK 11:42!28; LUK 12:4!21; LUK 17:10!17; LUK 2:27!19
ποιῆσαι	90.45	1	LUK 5:34!19
ποιῇς	42.29	2	LUK 14:12!8; LUK 14:13!4
ποιῶ	42.7	1	LUK 20:8!14
ποιῶν	42.7	1	LUK 6:47!12
ποιῶσιν	41.7	1	LUK 6:31!5
πολέμους	55.5	1	LUK 21:9!4
πολιτῶν	11.68	1	LUK 15:15!6
πολλά	59.1	2	LUK 10:41!13; LUK 12:19!13
πολλάς	59.1	1	LUK 12:47!22
πολλαί	59.1	2	LUK 7:47!10; LUK 8:3!11
πολλαπλασίονα	59.20	1	LUK 18:30!5
πολλαὶ	59.1	1	LUK 4:25!6
πολλαῖς	59.1	1	LUK 2:36!14
πολλοί	59.1	1	LUK 13:24!8
πολλοί	78.3	1	LUK 14:25!5
πολλούς	59.1	1	LUK 14:16!12
πολλοὶ	59.1	5	LUK 10:24!5; LUK 1:1!2; LUK 1:14!8; LUK 21:8!7; LUK 4:27!2
πολλοὶ	78.3	1	LUK 5:15!11
πολλοὺς	59.1	2	LUK 1:16!2; LUK 7:21!6
πολλοῖς	59.1	1	LUK 7:21!16
πολλοῖς	78.3	1	LUK 8:29!11
πολλοῦ	59.11	1	LUK 8:4!4
πολλὰ	59.1	4	LUK 17:25!5; LUK 22:65!3; LUK 8:30!17; LUK 9:22!8
πολλὰ	59.11	1	LUK 12:19!8
πολλὰς	59.1	1	LUK 15:13!4
πολλὴν	78.3	1	LUK 10:40!6
πολλῆς	78.3	1	LUK 21:27!15
πολλῶν	59.1	4	LUK 12:7!12; LUK 2:34!19; LUK 2:35!13; LUK 4:41!6
πολλῷ	59.11	3	LUK 16:10!17; LUK 16:10!7; LUK 18:39!10
πολύ	59.11	3	LUK 12:48!15; LUK 12:48!23; LUK 5:6!7
πολύ	78.3	1	LUK 7:47!13
πολύς	59.11	2	LUK 10:2!8; LUK 6:35!17
πολύς	78.3	2	LUK 7:11!19; LUK 9:37!14
πολὺ	59.11	3	LUK 12:48!16; LUK 23:27!4; LUK 6:17!16
πολὺς	59.11	2	LUK 6:17!11; LUK 6:23!13
πολὺς	78.3	1	LUK 5:29!14
πολῖται	11.68	1	LUK 19:14!3
πονηρά	88.110	1	LUK 11:29!11
πονηρίας	88.108	1	LUK 11:39!26
πονηρούς	88.110	1	LUK 6:35!30
πονηροὶ	88.110	1	LUK 11:13!4
πονηροῦ	88.110	1	LUK 6:45!19
πονηρόν	88.110	1	LUK 6:45!22
πονηρότερα	88.110	1	LUK 11:26!7
πονηρὲ	88.110	1	LUK 19:22!9
πονηρὸν	88.110	1	LUK 6:22!20
πονηρὸς	23.149	1	LUK 11:34!24
πονηρὸς	57.108	1	LUK 11:34!24
πονηρὸς	88.110	2	LUK 11:34!24; LUK 6:45!16
πονηρῶν	88.110	3	LUK 3:19!21; LUK 7:21!13; LUK 8:2!9
πορείαν	15.18	1	LUK 13:22!9
πορευθέντες	15.10	1	LUK 9:12!16
πορευθέντες	15.34	2	LUK 9:13!24; LUK 9:52!8
πορευθεὶς	15.10	2	LUK 14:10!4; LUK 15:15!2
πορευθῆτε	15.10	1	LUK 21:8!22
πορευθῇ	15.10	1	LUK 16:30!12
πορευομένου	15.10	1	LUK 19:36!1
πορευομένων	15.10	1	LUK 9:57!2
πορευόμενοι	15.10	1	LUK 8:14!20
πορευόμενοι	15.18	1	LUK 24:13!11
πορευόμενοι	41.11	1	LUK 1:6!8
πορευόμενον	15.18	1	LUK 9:53!10
πορευόμενος	15.34	1	LUK 14:31!4
πορεύεσθαι	15.10	2	LUK 13:33!10; LUK 22:33!16
πορεύεσθαι	15.18	3	LUK 10:38!4; LUK 17:11!5; LUK 9:51!17
πορεύεσθαι	15.34	2	LUK 24:28!12; LUK 4:42!23
πορεύεται	15.34	3	LUK 11:26!2; LUK 15:4!22; LUK 7:8!18
πορεύεται	23.101	1	LUK 22:22!10
πορεύομαι	15.34	1	LUK 14:19!9
πορεύου	15.10	1	LUK 5:24!27
πορεύου	15.34	4	LUK 13:31!12; LUK 17:19!5; LUK 7:50!11; LUK 8:48!11
πορεύσεται	15.10	1	LUK 11:5!11
πορεύσομαι	15.10	1	LUK 15:18!2
πορνῶν	88.275	1	LUK 15:30!13
πορρώτερον	83.32	1	LUK 24:28!11
πορφύραν	6.169	1	LUK 16:19!8
ποσάκις	67.14	1	LUK 13:34!13
ποτήριον	6.121	3	LUK 22:17!3; LUK 22:20!11; LUK 22:20!3
ποτήριον	90.97	1	LUK 22:42!8
ποτίζει	23.35	1	LUK 13:15!26
ποταμός	1.76	1	LUK 6:49!20
ποταμὸς	1.76	1	LUK 6:48!21
ποταπὴ	58.30	1	LUK 7:39!20
ποταπὸς	58.30	1	LUK 1:29!9
ποτε	67.30	1	LUK 22:32!14
ποτηρίου	6.121	1	LUK 11:39!14
ποῦ	83.6	3	LUK 12:17!11; LUK 17:17!13; LUK 9:58!23
πράκτορι	37.92	1	LUK 12:58!30
πράκτωρ	37.92	1	LUK 12:58!33
πράξει	42.8	1	LUK 23:51!9
πράσσειν	42.8	1	LUK 22:23!16
πράσσετε	57.65	1	LUK 3:13!12
πραγμάτων	13.105	1	LUK 1:1!11
πρεσβείαν	37.87	2	LUK 14:32!8; LUK 19:14!9
πρεσβυτέριον	11.83	1	LUK 22:66!7
πρεσβυτέροις	53.77	1	LUK 20:1!24
πρεσβυτέρους	53.77	2	LUK 22:52!15; LUK 7:3!9
πρεσβυτέρων	53.77	1	LUK 9:22!14
πρεσβύτερος	67.102	1	LUK 15:25!7
πρεσβύτης	9.31	1	LUK 1:18!14
προάγοντες	15.143	1	LUK 18:39!3
προέκοπτεν	59.64	1	LUK 2:52!3
προήρχετο	15.181	1	LUK 22:47!13
προβάλωσιν	23.195	1	LUK 21:30!2
προβεβηκυῖα	67.99	2	LUK 1:18!19; LUK 2:36!11
προβεβηκότες	67.99	1	LUK 1:7!13
προδραμὼν	15.235	1	LUK 19:4!2
προδότης	37.113	1	LUK 6:16!9
προελεύσεται	15.141	1	LUK 1:17!3
προθέσεως	53.26	1	LUK 6:4!12
προμελετᾶν	30.61	1	LUK 21:14!8
προπορεύσῃ	15.143	1	LUK 1:76!8
προσάγαγε	15.172	1	LUK 9:41!19
προσέθετο	59.72	2	LUK 20:11!2; LUK 20:12!2
προσέθηκεν	59.72	1	LUK 3:20!1
προσένεγκε	57.80	1	LUK 5:14!14
προσέπεσεν	17.22	2	LUK 5:8!5; LUK 8:28!6
προσέρηξεν	19.6	2	LUK 6:48!19; LUK 6:49!18
προσέταξεν	33.325	1	LUK 5:14!20
προσέχετε	27.59	1	LUK 17:3!1
προσανάβηθι	15.106	1	LUK 14:10!19
προσαναλώσασα	57.148	1	LUK 8:43!12
προσδέχεται	34.53	1	LUK 15:2!13
προσδαπανήσῃς	57.147	1	LUK 10:35!19
προσδεχομένοις	85.60	2	LUK 12:36!5; LUK 2:38!15
προσδεχόμενος	85.60	1	LUK 2:25!17
προσδοκίας	30.55	1	LUK 21:26!6
προσδοκᾷ	30.55	1	LUK 12:46!11
προσδοκῶμεν	30.55	2	LUK 7:19!12; LUK 7:20!22
προσδοκῶν	25.228	1	LUK 1:21!5
προσδοκῶντες	30.55	1	LUK 8:40!14
προσεδέχετο	85.60	1	LUK 23:51!17
προσεκαλέσατο	33.308	1	LUK 18:16!4
προσελθοῦσα	15.77	1	LUK 8:44!1
προσελθόντες	15.77	2	LUK 8:24!1; LUK 9:12!6
προσελθὼν	15.77	3	LUK 10:34!2; LUK 23:52!2; LUK 7:14!2
προσεποιήσατο	41.49	1	LUK 24:28!10
προσερχομένου	15.77	1	LUK 9:42!3
προσερχόμενοι	15.77	1	LUK 23:36!7
προσευχομένου	33.178	1	LUK 3:21!13
προσευχόμενον	33.178	3	LUK 11:1!10; LUK 1:10!8; LUK 9:18!7
προσευχόμενος	33.178	1	LUK 5:16!9
προσευχῆς	33.178	2	LUK 19:46!10; LUK 22:45!5
προσευχῇ	33.178	1	LUK 6:12!18
προσεφώνησεν	33.308	2	LUK 13:12!6; LUK 6:13!5
προσεφώνησεν	33.79	1	LUK 23:20!5
προσεύξασθαι	33.178	3	LUK 18:10!7; LUK 6:12!12; LUK 9:28!21
προσεύχεσθαι	33.178	3	LUK 11:1!23; LUK 18:1!9; LUK 9:29!5
προσεύχεσθε	33.178	2	LUK 22:46!7; LUK 6:28!5
προσεύχησθε	33.178	1	LUK 11:2!5
προσεύχονται	33.178	1	LUK 20:47!10
προσηργάσατο	57.191	1	LUK 19:16!11
προσηύχετο	33.178	3	LUK 18:11!7; LUK 22:41!13; LUK 22:44!6
προσθεὶς	59.72	1	LUK 19:11!5
προσθεὶς	68.13	1	LUK 19:11!5
προσθεῖναι	59.72	1	LUK 12:25!11
προσκαλεσάμενος	33.308	3	LUK 15:26!2; LUK 16:5!2; LUK 7:18!11
προσκυνήσαντες	53.56	1	LUK 24:52!3
προσκυνήσεις	53.56	1	LUK 4:8!12
προσκυνήσῃς	53.56	1	LUK 4:7!4
προσκόψῃς	19.5	1	LUK 4:11!8
προσπεσοῦσα	17.22	1	LUK 8:47!11
προστεθήσεται	57.78	1	LUK 12:31!8
προσφέροντες	15.192	1	LUK 23:36!9
προσφωνοῦσιν	33.79	1	LUK 7:32!9
προσψαύετε	18.11	1	LUK 11:46!22
προσψαύετε	24.75	1	LUK 11:46!22
προσώπου	67.19	2	LUK 7:27!12; LUK 9:52!5
προσώπου	8.18	1	LUK 9:29!10
προσώπου	83.33	1	LUK 10:1!18
προσῆλθάν	15.77	1	LUK 13:31!5
προφάσει	88.230	1	LUK 20:47!8
προφέρει	13.85	2	LUK 6:45!11; LUK 6:45!20
προφήταις	53.79	2	LUK 24:44!28; LUK 6:23!23
προφήτας	53.79	4	LUK 11:49!12; LUK 13:28!20; LUK 13:34!6; LUK 16:29!8
προφήτην	53.79	3	LUK 13:33!14; LUK 20:6!15; LUK 7:26!5
προφήτης	53.79	6	LUK 1:76!5; LUK 24:19!17; LUK 4:24!8; LUK 7:39!15; LUK 9:19!14; LUK 9:8!10
προφήτου	53.79	4	LUK 3:4!8; LUK 4:17!6; LUK 4:27!11; LUK 7:26!11
προφητῶν	53.79	6	LUK 11:47!8; LUK 11:50!7; LUK 16:31!8; LUK 18:31!19; LUK 1:70!9; LUK 24:27!9
προφῆται	53.79	3	LUK 10:24!6; LUK 16:16!5; LUK 24:25!19
προφῆτις	53.80	1	LUK 2:36!4
προϋπῆρχον	13.78	1	LUK 23:12!16
πρωτοκαθεδρίαν	87.18	1	LUK 11:43!8
πρωτοκαθεδρίας	87.18	1	LUK 20:46!17
πρωτοκλισίαν	87.18	1	LUK 14:8!11
πρωτοκλισίας	87.18	2	LUK 14:7!10; LUK 20:46!22
πρωτότοκον	10.43	1	LUK 2:7!7
πρόβατα	4.22	1	LUK 15:4!7
πρόβατόν	4.22	1	LUK 15:6!19
πρός	84.18	4	LUK 11:6!7; LUK 14:26!4; LUK 18:16!11; LUK 6:47!4
πρός	90.58	1	LUK 18:9!4
πρόσωπα	8.18	1	LUK 24:5!8
πρόσωπον	24.24	1	LUK 12:56!3
πρόσωπον	30.80	1	LUK 9:51!14
πρόσωπον	79.93	1	LUK 21:35!10
πρόσωπον	8.18	2	LUK 17:16!4; LUK 5:12!22
πρόσωπον	85.26	1	LUK 2:31!4
πρόσωπον	88.238	1	LUK 20:21!15
πρόσωπον	9.9	1	LUK 9:53!7
πρώτη	60.46	1	LUK 2:2!3
πρώτην	65.24	1	LUK 15:22!13
πρώτων	60.46	1	LUK 11:26!23
πρώτῳ	60.46	1	LUK 16:5!12
πρὶν	67.17	1	LUK 2:26!13
πρὸ	67.17	3	LUK 11:38!10; LUK 22:15!13; LUK 2:21!20
πρὸ	67.19	2	LUK 7:27!11; LUK 9:52!4
πρὸ	83.33	1	LUK 10:1!17
πρὸς	28.73	1	LUK 12:3!14
πρὸς	33.91	1	LUK 12:3!14
πρὸς	67.109	1	LUK 8:13!20
πρὸς	67.162	1	LUK 24:29!9
πρὸς	83.24	6	LUK 10:39!10; LUK 16:20!7; LUK 18:11!4; LUK 19:37!5; LUK 22:56!7; LUK 3:9!6
πρὸς	83.9	1	LUK 22:23!5
πρὸς	84.18	38	LUK 10:23!3; LUK 11:5!12; LUK 12:58!21; LUK 13:34!11; LUK 15:18!3; LUK 15:20!4; LUK 16:26!17; LUK 16:26!23; LUK 16:30!13; LUK 17:4!12; LUK 18:3!10; LUK 18:40!8; LUK 19:29!9; LUK 19:35!4; LUK 1:27!1; LUK 1:28!3; LUK 1:43!12; LUK 20:10!4; LUK 21:38!6; LUK 22:45!7; LUK 23:15!7; LUK 23:28!3; LUK 23:7!11; LUK 24:12!17; LUK 24:50!5; LUK 4:26!13; LUK 4:26!2; LUK 4:40!13; LUK 7:19!2; LUK 7:20!13; LUK 7:20!3; LUK 7:3!7; LUK 7:4!4; LUK 7:44!3; LUK 7:7!5; LUK 8:19!3; LUK 8:35!8; LUK 8:4!10
πρὸς	84.23	1	LUK 4:11!9
πρὸς	89.112	2	LUK 24:17!11; LUK 9:41!14
πρὸς	89.7	4	LUK 12:41!14; LUK 12:41!6; LUK 14:32!12; LUK 19:42!12
πρὸς	89.9	1	LUK 12:47!17
πρὸς	90.25	2	LUK 18:1!5; LUK 20:19!24
πρὸς	90.33	3	LUK 14:6!5; LUK 23:12!21; LUK 5:30!9
πρὸς	90.58	100	LUK 10:2!3; LUK 10:26!4; LUK 10:29!7; LUK 11:1!18; LUK 11:39!5; LUK 11:5!3; LUK 12:1!13; LUK 12:15!3; LUK 12:16!4; LUK 12:22!3; LUK 13:23!13; LUK 13:7!3; LUK 14:23!5; LUK 14:25!9; LUK 14:3!6; LUK 14:5!2; LUK 14:7!13; LUK 14:7!3; LUK 15:22!5; LUK 15:3!3; LUK 16:1!4; LUK 17:1!3; LUK 17:22!3; LUK 18:11!4; LUK 18:31!6; LUK 19:13!12; LUK 19:33!10; LUK 19:39!9; LUK 19:5!11; LUK 19:8!5; LUK 19:9!3; LUK 1:13!3; LUK 1:18!4; LUK 1:19!18; LUK 1:34!4; LUK 1:55!3; LUK 1:61!3; LUK 1:73!4; LUK 1:80!17; LUK 20:14!7; LUK 20:2!4; LUK 20:23!7; LUK 20:25!4; LUK 20:3!4; LUK 20:41!3; LUK 20:5!4; LUK 20:9!3; LUK 22:15!3; LUK 22:52!4; LUK 22:70!13; LUK 23:14!2; LUK 23:22!5; LUK 23:4!5; LUK 24:10!18; LUK 24:14!4; LUK 24:17!3; LUK 24:18!7; LUK 24:25!4; LUK 24:32!3; LUK 24:44!11; LUK 24:44!3; LUK 24:5!13; LUK 2:15!15; LUK 2:18!12; LUK 2:20!18; LUK 2:34!7; LUK 2:48!7; LUK 2:49!3; LUK 3:12!8; LUK 3:13!4; LUK 4:21!4; LUK 4:23!3; LUK 4:36!8; LUK 4:4!3; LUK 4:43!4; LUK 5:10!16; LUK 5:22!10; LUK 5:31!6; LUK 5:33!4; LUK 5:34!4; LUK 5:36!5; LUK 5:4!6; LUK 6:11!7; LUK 6:3!3; LUK 6:9!5; LUK 7:24!8; LUK 7:40!6; LUK 7:50!3; LUK 8:21!5; LUK 8:22!18; LUK 8:25!12; LUK 9:13!3; LUK 9:14!8; LUK 9:23!3; LUK 9:3!3; LUK 9:33!12; LUK 9:43!17; LUK 9:50!3; LUK 9:57!9; LUK 9:59!3
πρῶτοι	87.45	3	LUK 13:30!10; LUK 13:30!7; LUK 19:47!21
πρῶτον	60.46	1	LUK 12:1!17
πρῶτον	67.18	9	LUK 10:5!7; LUK 11:38!8; LUK 14:28!9; LUK 14:31!12; LUK 17:25!1; LUK 21:9!13; LUK 6:42!28; LUK 9:59!14; LUK 9:61!8
πρῶτος	60.46	3	LUK 14:18!8; LUK 19:16!4; LUK 20:29!7
πτέρυγας	8.29	1	LUK 13:34!27
πτερύγιον	7.53	1	LUK 4:9!10
πτοηθέντες	25.264	1	LUK 24:37!1
πτοηθῆτε	25.264	1	LUK 21:9!8
πτωχοί	57.53	1	LUK 6:20!14
πτωχούς	57.53	1	LUK 14:13!6
πτωχοὶ	57.53	1	LUK 7:22!22
πτωχοὺς	57.53	1	LUK 14:21!29
πτωχοῖς	57.53	3	LUK 18:22!17; LUK 19:8!16; LUK 4:18!10
πτωχὴ	57.53	1	LUK 21:3!10
πτωχὸν	57.53	1	LUK 16:22!5
πτωχὸς	57.53	1	LUK 16:20!1
πτύξας	79.120	1	LUK 4:20!2
πτύον	6.6	1	LUK 3:17!3
πτῶσιν	13.59	1	LUK 2:34!16
πτῶσιν	20.50	1	LUK 2:34!16
πτῶσιν	87.75	1	LUK 2:34!16
πυκνὰ	67.12	1	LUK 5:33!10
πυλῶνα	7.48	1	LUK 16:20!9
πυρί	2.3	1	LUK 3:16!33
πυρετῷ	23.159	2	LUK 4:38!17; LUK 4:39!7
πυρὶ	2.3	1	LUK 3:17!24
πωλήσατε	57.186	1	LUK 12:33!1
πωλησάτω	57.186	1	LUK 22:36!17
πωλοῦνται	57.186	1	LUK 12:6!4
πωλοῦντας	57.186	1	LUK 19:45!9
πόδα	8.49	1	LUK 4:11!12
πόδας	8.49	16	LUK 10:11!13; LUK 10:39!12; LUK 15:22!28; LUK 17:16!7; LUK 1:79!12; LUK 24:39!7; LUK 24:40!10; LUK 7:38!14; LUK 7:38!26; LUK 7:38!6; LUK 7:44!21; LUK 7:44!31; LUK 7:45!15; LUK 7:46!12; LUK 8:35!26; LUK 8:41!18
πόθεν	84.6	3	LUK 13:25!30; LUK 13:27!7; LUK 20:7!5
πόθεν	89.38	1	LUK 1:43!2
πόλει	1.88	4	LUK 10:12!13; LUK 18:2!7; LUK 18:3!6; LUK 2:11!11
πόλει	1.89	6	LUK 18:2!7; LUK 18:3!6; LUK 23:19!9; LUK 24:49!17; LUK 2:11!11; LUK 7:37!8
πόλεις	1.88	1	LUK 13:22!4
πόλεις	1.89	1	LUK 13:22!4
πόλεμον	55.5	1	LUK 14:31!9
πόλεσιν	11.61	1	LUK 4:43!10
πόλεων	1.88	3	LUK 19:17!17; LUK 19:19!10; LUK 5:12!10
πόλεων	1.89	3	LUK 19:17!17; LUK 19:19!10; LUK 5:12!10
πόλεως	1.88	7	LUK 10:11!9; LUK 14:21!26; LUK 23:51!13; LUK 2:4!9; LUK 4:29!7; LUK 8:27!12; LUK 9:5!10
πόλεως	1.89	5	LUK 14:21!26; LUK 2:4!9; LUK 7:12!24; LUK 7:12!7; LUK 8:27!12
πόλιν	1.88	12	LUK 10:10!5; LUK 10:8!5; LUK 1:26!15; LUK 1:39!15; LUK 2:3!9; LUK 2:39!15; LUK 2:4!15; LUK 4:31!5; LUK 8:1!10; LUK 8:39!18; LUK 8:4!8; LUK 9:10!16
πόλιν	1.89	10	LUK 10:1!22; LUK 19:41!6; LUK 1:39!15; LUK 22:10!10; LUK 2:3!9; LUK 2:4!15; LUK 7:11!8; LUK 8:1!10; LUK 8:39!18; LUK 8:4!8
πόλιν	11.61	1	LUK 8:34!12
πόλις	1.88	1	LUK 4:29!18
πόρρω	83.31	1	LUK 14:32!6
πόρρωθεν	83.31	1	LUK 17:12!13
πόσον	59.17	1	LUK 16:7!6
πόσῳ	59.17	3	LUK 11:13!13; LUK 12:24!20; LUK 12:28!18
πότε	67.30	4	LUK 12:36!9; LUK 17:20!6; LUK 21:7!6; LUK 9:41!12
πύλῃ	7.48	1	LUK 7:12!5
πύργον	7.23	1	LUK 14:28!6
πύργος	7.23	1	LUK 13:4!9
πώλησον	57.186	1	LUK 18:22!14
πώποτε	67.9	1	LUK 19:30!16
πᾶν	59.23	5	LUK 11:42!14; LUK 1:10!2; LUK 1:37!7; LUK 3:5!5; LUK 3:9!12
πᾶς	59.23	15	LUK 11:10!1; LUK 12:10!2; LUK 12:8!4; LUK 13:17!11; LUK 14:11!2; LUK 14:33!3; LUK 16:16!16; LUK 18:14!13; LUK 18:43!11; LUK 20:18!1; LUK 21:38!2; LUK 6:19!2; LUK 6:40!9; LUK 6:47!1; LUK 7:29!2
πᾶσα	59.23	2	LUK 3:5!1; LUK 3:6!3
πᾶσα	63.2	1	LUK 4:7!9
πᾶσαι	59.23	1	LUK 1:48!16
πᾶσαι	63.2	1	LUK 12:7!8
πᾶσαν	59.23	3	LUK 10:1!21; LUK 10:19!14; LUK 3:3!4
πᾶσαν	63.2	2	LUK 2:1!13; LUK 4:25!31
πᾶσι	59.23	1	LUK 16:26!3
πᾶσιν	59.23	12	LUK 12:44!6; LUK 13:17!16; LUK 14:33!9; LUK 24:21!16; LUK 24:25!15; LUK 24:9!12; LUK 2:20!11; LUK 2:38!13; LUK 3:16!3; LUK 3:20!5; LUK 9:43!13; LUK 9:48!29
πᾶσιν	63.2	1	LUK 1:3!5
πῆχυν	81.25	1	LUK 12:25!12
πῦρ	2.3	2	LUK 17:29!9; LUK 9:54!12
πῦρ	2.5	2	LUK 22:55!3; LUK 3:9!22
πῶλον	4.33	4	LUK 19:30!11; LUK 19:33!15; LUK 19:33!5; LUK 19:35!14
πῶς	92.16	13	LUK 10:26!11; LUK 11:18!9; LUK 12:11!16; LUK 12:27!4; LUK 12:50!6; LUK 12:56!15; LUK 14:7!8; LUK 20:44!7; LUK 22:2!9; LUK 22:4!9; LUK 6:42!1; LUK 8:18!3; LUK 8:36!6
σά	92.8	1	LUK 15:31!15
σάββασιν	67.184	3	LUK 13:10!10; LUK 4:31!14; LUK 6:2!12
σάββατον	67.184	2	LUK 23:54!6; LUK 23:56!10
σάκκῳ	6.164	1	LUK 10:13!23
σάλου	14.26	1	LUK 21:25!21
σάρκα	8.63	1	LUK 24:39!19
σάτα	81.23	1	LUK 13:21!10
σέ	92.6	1	LUK 1:35!11
σέσωκέν	21.27	1	LUK 7:50!9
σέσωκέν	23.136	3	LUK 17:19!9; LUK 18:42!10; LUK 8:48!9
σήμερον	67.205	9	LUK 12:28!8; LUK 13:32!15; LUK 13:33!4; LUK 19:5!16; LUK 22:34!9; LUK 22:61!23; LUK 23:43!7; LUK 2:11!4; LUK 5:26!16
σίκερα	6.200	1	LUK 1:15!10
σίτου	3.41	1	LUK 16:7!13
σαββάτου	67.177	1	LUK 18:12!4
σαββάτου	67.184	4	LUK 13:14!33; LUK 13:16!25; LUK 14:5!21; LUK 6:5!7
σαββάτων	67.177	1	LUK 24:1!5
σαββάτων	67.184	1	LUK 4:16!18
σαββάτῳ	61.12	1	LUK 6:1!4
σαββάτῳ	67.184	8	LUK 13:14!8; LUK 13:15!12; LUK 14:1!14; LUK 14:3!14; LUK 6:1!4; LUK 6:6!5; LUK 6:7!11; LUK 6:9!12
σαλευθήσονται	16.7	1	LUK 21:26!16
σαλευόμενον	16.7	1	LUK 7:24!22
σαλεῦσαι	16.7	1	LUK 6:48!28
σαπρόν	65.28	1	LUK 6:43!8
σαπρὸν	65.28	1	LUK 6:43!12
σαροῖ	46.19	1	LUK 15:8!15
σε	92.6	29	LUK 11:27!22; LUK 11:36!23; LUK 12:58!20; LUK 12:58!27; LUK 12:58!34; LUK 13:31!17; LUK 14:10!15; LUK 14:12!32; LUK 14:18!20; LUK 14:19!13; LUK 16:27!4; LUK 17:19!10; LUK 18:42!11; LUK 19:21!3; LUK 19:22!8; LUK 19:43!15; LUK 19:43!18; LUK 19:44!3; LUK 22:64!11; LUK 2:48!25; LUK 4:10!12; LUK 4:11!6; LUK 4:34!12; LUK 6:29!3; LUK 6:30!3; LUK 7:50!10; LUK 8:20!14; LUK 8:45!19; LUK 8:48!10
σεαυτόν	92.10	3	LUK 10:27!38; LUK 23:37!11; LUK 4:23!13
σεαυτὸν	92.10	3	LUK 23:39!15; LUK 4:9!22; LUK 5:14!10
σεισμοί	14.87	1	LUK 21:11!1
σελήνῃ	1.29	1	LUK 21:25!7
σεσαλευμένον	16.7	1	LUK 6:38!8
σεσαρωμένον	46.19	1	LUK 11:25!4
σημεῖα	33.477	2	LUK 21:11!14; LUK 21:25!3
σημεῖον	33.477	9	LUK 11:16!4; LUK 11:29!13; LUK 11:29!16; LUK 11:29!23; LUK 11:30!7; LUK 21:7!13; LUK 23:8!25; LUK 2:12!5; LUK 2:34!25
σιαγόνα	8.22	1	LUK 6:29!6
σιγήσῃ	33.121	1	LUK 18:39!7
σινάπεως	3.20	2	LUK 13:19!4; LUK 17:6!10
σινδόνι	6.155	1	LUK 23:53!5
σινιάσαι	46.18	1	LUK 22:31!9
σιτευτόν	44.2	2	LUK 15:23!6; LUK 15:27!18
σιτευτόν	65.8	2	LUK 15:23!6; LUK 15:27!18
σιτευτὸν	44.2	1	LUK 15:30!18
σιτευτὸν	65.8	1	LUK 15:30!18
σιτομέτριον	5.3	1	LUK 12:42!26
σιωπήσουσιν	33.117	1	LUK 19:40!9
σιωπῶν	33.117	1	LUK 1:20!4
σιωπῶν	33.118	1	LUK 1:20!4
σκάνδαλα	88.306	1	LUK 17:1!11
σκάπτειν	19.55	1	LUK 16:3!18
σκάπτειν	43.3	1	LUK 16:3!18
σκάψω	43.3	1	LUK 13:8!15
σκανδαλίσῃ	88.304	1	LUK 17:2!18
σκανδαλισθῇ	25.180	1	LUK 7:23!7
σκεύει	6.118	1	LUK 8:16!7
σκεύη	57.20	1	LUK 17:31!12
σκηνάς	7.9	1	LUK 16:9!21
σκηνὰς	7.9	1	LUK 9:33!23
σκιρτήσατε	15.243	1	LUK 6:23!7
σκιρτήσατε	25.134	1	LUK 6:23!7
σκιᾷ	14.61	1	LUK 1:79!6
σκολιὰ	79.90	1	LUK 3:5!13
σκορπίζει	15.135	1	LUK 11:23!15
σκορπίον	4.56	1	LUK 11:12!7
σκορπίων	4.56	1	LUK 10:19!11
σκοτίᾳ	14.53	1	LUK 12:3!6
σκοτίᾳ	28.71	1	LUK 12:3!6
σκοτεινόν	14.54	2	LUK 11:34!30; LUK 11:36!12
σκυθρωποί	25.287	1	LUK 24:17!16
σκόπει	27.58	1	LUK 11:35!1
σκότει	14.53	1	LUK 1:79!4
σκότος	14.53	2	LUK 11:35!9; LUK 23:44!8
σκότους	14.53	1	LUK 22:53!26
σκύλλε	22.23	1	LUK 8:49!16
σκύλλου	22.16	1	LUK 7:6!24
σκῦλα	57.243	1	LUK 11:22!17
σοί	92.6	3	LUK 19:44!17; LUK 19:44!9; LUK 7:40!10
σοι	92.6	37	LUK 10:13!2; LUK 10:13!5; LUK 10:21!13; LUK 10:35!26; LUK 10:36!7; LUK 10:40!14; LUK 11:7!27; LUK 12:59!2; LUK 14:10!17; LUK 14:10!23; LUK 14:10!29; LUK 14:12!36; LUK 14:14!11; LUK 14:14!8; LUK 14:9!9; LUK 15:29!12; LUK 18:11!11; LUK 18:22!9; LUK 18:28!11; LUK 18:41!2; LUK 19:43!12; LUK 1:13!22; LUK 1:14!4; LUK 1:19!22; LUK 1:3!8; LUK 1:35!16; LUK 20:2!18; LUK 22:11!8; LUK 22:34!5; LUK 23:43!5; LUK 5:20!9; LUK 5:23!6; LUK 7:47!4; LUK 8:30!7; LUK 8:39!9; LUK 9:57!12; LUK 9:61!6
σοροῦ	6.109	1	LUK 7:14!5
σου	92.6	104	LUK 10:17!18; LUK 10:21!40; LUK 10:27!14; LUK 10:27!20; LUK 10:27!26; LUK 10:27!32; LUK 10:27!36; LUK 10:27!9; LUK 11:2!11; LUK 11:2!15; LUK 11:34!12; LUK 11:34!19; LUK 11:34!29; LUK 11:34!8; LUK 11:36!5; LUK 12:20!12; LUK 12:58!7; LUK 13:12!14; LUK 13:26!6; LUK 13:34!18; LUK 14:12!16; LUK 14:12!20; LUK 14:12!24; LUK 14:8!14; LUK 15:18!17; LUK 15:19!13; LUK 15:19!6; LUK 15:21!13; LUK 15:21!19; LUK 15:27!14; LUK 15:27!8; LUK 15:29!16; LUK 15:30!5; LUK 15:30!9; LUK 15:32!9; LUK 16:2!16; LUK 16:25!10; LUK 16:25!14; LUK 16:6!12; LUK 16:7!17; LUK 17:19!8; LUK 17:3!7; LUK 18:20!15; LUK 18:42!9; LUK 19:16!9; LUK 19:18!8; LUK 19:20!10; LUK 19:22!6; LUK 19:39!15; LUK 19:42!19; LUK 19:43!10; LUK 19:44!26; LUK 19:44!7; LUK 19:5!21; LUK 1:13!14; LUK 1:13!18; LUK 1:36!6; LUK 1:38!13; LUK 1:42!17; LUK 1:44!9; LUK 1:61!11; LUK 20:43!10; LUK 20:43!6; LUK 22:32!11; LUK 22:32!19; LUK 23:42!11; LUK 23:46!11; LUK 2:29!10; LUK 2:29!5; LUK 2:30!8; LUK 2:32!8; LUK 2:48!20; LUK 4:11!13; LUK 4:12!14; LUK 4:23!26; LUK 4:8!11; LUK 5:14!18; LUK 5:20!12; LUK 5:23!9; LUK 5:24!26; LUK 5:24!31; LUK 5:5!16; LUK 6:10!10; LUK 6:29!15; LUK 6:41!12; LUK 6:42!16; LUK 6:42!46; LUK 6:42!6; LUK 7:27!13; LUK 7:27!18; LUK 7:27!20; LUK 7:44!14; LUK 7:48!5; LUK 7:50!8; LUK 8:20!10; LUK 8:20!6; LUK 8:28!23; LUK 8:39!5; LUK 8:48!8; LUK 8:49!14; LUK 9:38!11; LUK 9:40!5; LUK 9:41!23; LUK 9:49!11
σουδαρίῳ	6.159	1	LUK 19:20!15
σοφία	32.41	2	LUK 11:49!5; LUK 7:35!4
σοφίαν	32.32	2	LUK 11:31!25; LUK 21:15!7
σοφίᾳ	32.37	2	LUK 2:40!8; LUK 2:52!4
σοφῶν	32.35	1	LUK 10:21!25
σοὶ	92.6	5	LUK 11:35!8; LUK 3:22!26; LUK 5:33!21; LUK 7:14!13; LUK 9:33!26
σοὶ	92.8	1	LUK 5:33!21
σοῦ	92.6	10	LUK 12:20!15; LUK 16:2!10; LUK 1:28!11; LUK 22:32!5; LUK 22:33!7; LUK 2:35!2; LUK 4:10!9; LUK 4:7!8; LUK 6:42!22; LUK 6:42!34
σπέρμα	23.59	1	LUK 20:28!25
σπέρματι	10.29	1	LUK 1:55!11
σπήλαιον	1.57	1	LUK 19:46!15
σπαράσσει	23.167	1	LUK 9:39!10
σπείρειν	43.6	1	LUK 8:5!12
σπείρουσιν	43.6	1	LUK 12:24!6
σπείρων	43.6	1	LUK 8:5!3
σπεύσαντες	68.79	1	LUK 2:16!3
σπεύσας	68.79	2	LUK 19:5!14; LUK 19:6!2
σπεῖραι	43.6	1	LUK 8:5!5
σπλάγχνα	25.49	1	LUK 1:78!2
σποδῷ	14.73	1	LUK 10:13!25
σπορίμων	43.7	1	LUK 6:1!8
σπουδαίως	25.75	1	LUK 7:4!9
σπουδῆς	68.79	1	LUK 1:39!13
σπόρον	3.35	1	LUK 8:5!7
σπόρος	3.35	1	LUK 8:11!7
στάσιν	39.34	2	LUK 23:19!4; LUK 23:25!5
στάχυας	3.40	1	LUK 6:1!17
στέγην	7.50	1	LUK 7:6!32
στήθη	8.36	1	LUK 23:48!15
στήρισον	74.19	1	LUK 22:32!16
σταδίους	81.27	1	LUK 24:13!15
σταθήσεται	13.29	1	LUK 11:18!10
σταθεὶς	17.1	3	LUK 18:11!3; LUK 18:40!1; LUK 19:8!1
σταθῆναι	17.1	1	LUK 21:36!16
σταυρωθῆναι	20.76	2	LUK 23:23!8; LUK 24:7!14
σταυρὸν	6.27	3	LUK 14:27!5; LUK 23:26!15; LUK 9:23!16
σταφυλὴν	3.38	1	LUK 6:44!18
σταύρου	20.76	1	LUK 23:21!6
στείρᾳ	23.56	1	LUK 1:36!22
στενῆς	81.19	1	LUK 13:24!5
στεῖρα	23.56	1	LUK 1:7!10
στεῖραι	23.56	1	LUK 23:29!10
στιγμῇ	67.149	1	LUK 4:5!12
στολαῖς	6.174	1	LUK 20:46!9
στολὴν	6.174	1	LUK 15:22!11
στρατευόμενοι	55.18	1	LUK 3:14!5
στρατεύμασιν	55.10	1	LUK 23:11!9
στρατηγοὺς	37.91	1	LUK 22:52!11
στρατηγοῖς	37.91	1	LUK 22:4!7
στρατιώτας	55.17	1	LUK 7:8!12
στρατιᾶς	12.30	1	LUK 2:13!8
στρατιῶται	55.17	1	LUK 23:36!6
στρατοπέδων	55.7	1	LUK 21:20!6
στραφεὶς	16.13	7	LUK 10:23!2; LUK 14:25!7; LUK 22:61!2; LUK 23:28!1; LUK 7:44!2; LUK 7:9!9; LUK 9:55!1
στρουθία	4.46	1	LUK 12:6!3
στρουθίων	4.46	1	LUK 12:7!13
στόμα	33.101	1	LUK 21:15!5
στόμα	33.75	1	LUK 1:64!4
στόμα	8.19	1	LUK 6:45!29
στόματι	79.109	1	LUK 21:24!3
στόματος	33.101	2	LUK 22:71!14; LUK 4:22!16
στόματος	33.74	2	LUK 11:54!7; LUK 1:70!4
στόματός	33.101	1	LUK 19:22!5
στᾶσα	17.1	1	LUK 7:38!2
στῆθι	17.6	1	LUK 6:8!18
στῆθος	8.36	1	LUK 18:13!18
συγγενίς	10.7	1	LUK 1:36!5
συγγενείας	10.5	1	LUK 1:61!10
συγγενεῖς	10.6	2	LUK 14:12!23; LUK 1:58!7
συγγενεῦσιν	10.6	1	LUK 2:44!16
συγγενῶν	10.6	1	LUK 21:16!9
συγκαθισάντων	17.13	1	LUK 22:55!9
συγκαλεσάμενος	33.309	1	LUK 23:13!3
συγκαλεῖ	33.309	2	LUK 15:6!6; LUK 15:9!3
συγκατατεθειμένος	31.18	1	LUK 23:51!4
συγκεκαλυμμένον	28.81	1	LUK 12:2!3
συγκυρίαν	13.116	1	LUK 10:31!2
συγκύπτουσα	17.32	1	LUK 13:11!11
συζητεῖν	33.157	2	LUK 22:23!4; LUK 24:15!8
συκαμίνῳ	3.6	1	LUK 17:6!14
συκομορέαν	3.7	1	LUK 19:4!8
συκοφαντήσητε	33.434	1	LUK 3:14!17
συκῆν	3.5	1	LUK 21:29!7
συκῇ	3.5	1	LUK 13:7!16
συλλέγουσιν	18.10	1	LUK 6:44!13
συλλήμψῃ	23.49	1	LUK 1:31!3
συλλαβέσθαι	35.5	1	LUK 5:7!11
συλλημφθῆναι	23.49	1	LUK 2:21!22
συμβάλλουσα	30.7	1	LUK 2:19!9
συμβαλεῖν	15.79	1	LUK 14:31!7
συμβεβηκότων	13.111	1	LUK 24:14!9
συμπαραγενόμενοι	15.123	1	LUK 23:48!4
συμπληροῦσθαι	67.70	1	LUK 9:51!5
συμπνίγονται	22.22	1	LUK 8:14!21
συμφυεῖσαι	23.193	1	LUK 8:7!9
συμφωνήσει	64.10	1	LUK 5:36!29
συμφωνίας	14.83	1	LUK 15:25!17
συνάγων	15.125	1	LUK 11:23!12
συνάξω	85.48	2	LUK 12:17!12; LUK 12:18!13
συνέδριον	11.80	1	LUK 22:66!19
συνέθεντο	31.18	1	LUK 22:5!4
συνέκλεισαν	44.9	1	LUK 5:6!4
συνέλαβεν	23.49	1	LUK 1:24!6
συνέλαβον	37.109	1	LUK 5:9!16
συνέξουσίν	19.45	1	LUK 19:43!17
συνέπεσεν	20.51	1	LUK 6:49!23
συνέπνιγον	19.48	1	LUK 8:42!19
συνέσει	32.26	1	LUK 2:47!9
συνέχαιρον	25.126	1	LUK 1:58!18
συνέχομαι	25.241	1	LUK 12:50!7
συνέχομαι	90.65	1	LUK 12:50!7
συνέχοντες	37.122	1	LUK 22:63!5
συνέχουσίν	19.45	1	LUK 8:45!18
συνήντησεν	13.120	1	LUK 9:37!11
συνήρχοντο	15.123	1	LUK 5:15!9
συνήχθη	15.123	1	LUK 22:66!5
συναγαγεῖν	15.125	1	LUK 3:17!13
συναγαγὼν	57.144	1	LUK 15:13!6
συναγωγήν	7.20	1	LUK 4:16!21
συναγωγαῖς	7.20	3	LUK 11:43!11; LUK 20:46!20; LUK 4:15!6
συναγωγὰς	7.20	3	LUK 12:11!7; LUK 21:12!16; LUK 4:44!6
συναγωγὴν	7.20	2	LUK 6:6!10; LUK 7:5!8
συναγωγῆς	7.20	2	LUK 4:38!5; LUK 8:41!12
συναγωγῇ	7.20	3	LUK 4:20!15; LUK 4:28!7; LUK 4:33!4
συναγωγῶν	7.20	1	LUK 13:10!7
συνακολουθοῦσαι	15.157	1	LUK 23:49!11
συνανακείμενοι	34.10	1	LUK 7:49!4
συνανακειμένων	34.10	2	LUK 14:10!28; LUK 14:15!5
συναντήσει	13.120	1	LUK 22:10!11
συναντιλάβηται	35.5	1	LUK 10:40!28
συνείληφεν	23.49	1	LUK 1:36!9
συνείχοντο	90.65	1	LUK 8:37!17
συνελάλησεν	33.157	1	LUK 22:4!3
συνελάλουν	33.157	2	LUK 4:36!7; LUK 9:30!5
συνεληλυθυῖαι	15.148	1	LUK 23:55!7
συνελογίσαντο	33.157	1	LUK 20:5!3
συνεπληροῦντο	54.14	1	LUK 8:23!13
συνεπορεύετο	15.148	1	LUK 24:15!13
συνεπορεύοντο	15.148	1	LUK 7:11!12
συνεσθίει	23.12	1	LUK 15:2!15
συνεσπάραξεν	23.167	1	LUK 9:42!10
συνεστῶτας	17.2	1	LUK 9:32!22
συνετήρει	29.1	1	LUK 2:19!5
συνετῶν	32.27	1	LUK 10:21!27
συνευδοκεῖτε	31.17	1	LUK 11:48!5
συνεχομένη	90.65	1	LUK 4:38!16
συνηρπάκει	18.5	1	LUK 8:29!14
συνθλασθήσεται	19.39	1	LUK 20:18!8
συνιέναι	32.5	1	LUK 24:45!7
συνιῶσιν	32.5	1	LUK 8:10!25
συνοδίᾳ	15.150	1	LUK 2:44!7
συνοχὴ	25.240	1	LUK 21:25!14
συντελέσας	68.22	1	LUK 4:13!2
συντελεσθεισῶν	68.22	1	LUK 4:2!16
συντρῖβον	19.46	1	LUK 9:39!19
συντυχεῖν	15.76	1	LUK 8:19!14
συνῆκαν	32.5	2	LUK 18:34!5; LUK 2:50!4
συνῆσαν	85.2	1	LUK 9:18!10
σφόδρα	78.19	1	LUK 18:23!10
σχίσας	19.27	1	LUK 5:36!13
σχίσει	19.27	1	LUK 5:36!24
σωθήσεται	23.136	1	LUK 8:50!12
σωθῆναι	21.27	1	LUK 18:26!8
σωθῶσιν	21.27	1	LUK 8:12!24
σωματικῷ	8.2	1	LUK 3:22!7
σωσάτω	21.18	1	LUK 23:35!14
σωτήριον	21.28	1	LUK 3:6!6
σωτήριον	21.29	1	LUK 3:6!6
σωτήριόν	21.28	1	LUK 2:30!7
σωτήριόν	21.29	1	LUK 2:30!7
σωτηρία	21.26	1	LUK 19:9!9
σωτηρίαν	21.18	1	LUK 1:71!1
σωτηρίας	21.18	1	LUK 1:69!4
σωτηρίας	21.26	1	LUK 1:77!4
σωτὴρ	21.31	1	LUK 2:11!5
σωτῆρί	21.22	1	LUK 1:47!10
σωφρονοῦντα	30.22	1	LUK 8:35!23
σύ	92.6	3	LUK 10:15!2; LUK 17:8!22; LUK 22:32!13
σώματι	8.1	1	LUK 12:22!19
σώματός	8.1	1	LUK 11:34!4
σώσει	21.18	1	LUK 9:24!21
σώσει	21.27	1	LUK 9:24!21
σὰ	92.8	1	LUK 6:30!10
σὰρξ	9.11	1	LUK 3:6!4
σὲ	92.6	7	LUK 14:9!4; LUK 17:4!13; LUK 17:4!8; LUK 19:43!5; LUK 1:19!19; LUK 7:20!14; LUK 7:7!6
σὴς	4.49	1	LUK 12:33!23
σὸν	92.8	1	LUK 22:42!18
σὺ	92.6	14	LUK 10:37!17; LUK 15:31!6; LUK 16:25!24; LUK 19:19!6; LUK 19:42!10; LUK 1:42!8; LUK 1:76!2; LUK 22:58!9; LUK 22:67!3; LUK 23:37!4; LUK 23:39!10; LUK 23:40!10; LUK 4:7!1; LUK 9:60!11
σὺν	89.105	4	LUK 19:23!13; LUK 23:11!7; LUK 24:21!15; LUK 5:19!19
σὺν	89.107	19	LUK 1:56!4; LUK 20:1!22; LUK 22:14!10; LUK 22:56!16; LUK 23:32!7; LUK 24:10!15; LUK 24:24!5; LUK 24:29!21; LUK 24:33!16; LUK 24:44!15; LUK 2:13!4; LUK 2:5!2; LUK 5:9!8; LUK 7:12!27; LUK 7:6!5; LUK 8:1!23; LUK 8:38!12; LUK 8:51!10; LUK 9:32!6
σῖτον	3.41	3	LUK 12:18!17; LUK 22:31!12; LUK 3:17!15
σῦκα	3.36	1	LUK 6:44!14
σῳζόμενοι	21.27	1	LUK 13:23!9
σῶμά	8.1	4	LUK 11:34!18; LUK 11:34!28; LUK 11:36!4; LUK 22:19!13
σῶμα	8.1	7	LUK 12:23!10; LUK 12:4!13; LUK 17:37!13; LUK 23:52!7; LUK 23:55!19; LUK 24:23!5; LUK 24:3!6
σῶσαι	21.18	2	LUK 6:9!17; LUK 9:24!8
σῶσαι	21.27	2	LUK 19:10!9; LUK 9:24!8
σῶσον	21.18	2	LUK 23:37!10; LUK 23:39!14
τάξει	61.3	1	LUK 1:8!9
τάχει	67.111	1	LUK 18:8!9
τέκνα	10.28	1	LUK 3:8!29
τέκνα	10.36	5	LUK 14:26!20; LUK 18:29!21; LUK 1:17!15; LUK 20:31!13; LUK 23:28!21
τέκνα	11.63	2	LUK 13:34!17; LUK 19:44!6
τέκνοις	10.36	1	LUK 11:13!11
τέκνον	10.36	1	LUK 1:7!5
τέκνων	58.26	1	LUK 7:35!8
τέλος	67.66	3	LUK 1:33!16; LUK 21:9!18; LUK 22:37!22
τέλος	78.47	1	LUK 18:5!15
τέξῃ	23.52	1	LUK 1:31!7
τήν	92.24	1	LUK 2:16!6
τί	92.14	27	LUK 10:25!10; LUK 10:26!9; LUK 12:11!18; LUK 12:11!21; LUK 12:22!15; LUK 12:22!20; LUK 12:29!5; LUK 12:29!8; LUK 15:26!7; LUK 16:4!2; LUK 17:8!6; LUK 18:18!9; LUK 18:36!6; LUK 18:6!6; LUK 19:15!23; LUK 19:48!5; LUK 1:62!7; LUK 20:15!8; LUK 21:7!11; LUK 23:31!12; LUK 23:34!11; LUK 3:12!11; LUK 5:23!1; LUK 6:11!9; LUK 7:25!2; LUK 7:26!2; LUK 9:25!1
τί	92.15	3	LUK 12:26!6; LUK 2:48!13; LUK 6:41!1
τίθησιν	85.32	3	LUK 11:33!6; LUK 8:16!11; LUK 8:16!15
τίνα	92.14	3	LUK 11:11!1; LUK 12:5!4; LUK 9:20!6
τίνι	92.14	6	LUK 11:19!13; LUK 12:20!19; LUK 13:18!11; LUK 14:34!12; LUK 6:47!16; LUK 7:31!10
τίνος	92.14	2	LUK 20:24!4; LUK 20:33!7
τίς	92.14	26	LUK 10:22!11; LUK 10:22!20; LUK 10:29!11; LUK 10:36!1; LUK 12:14!6; LUK 12:25!1; LUK 14:28!1; LUK 14:31!2; LUK 15:8!2; LUK 16:11!12; LUK 16:12!11; LUK 18:26!6; LUK 19:3!6; LUK 20:2!14; LUK 22:23!8; LUK 22:24!8; LUK 22:27!1; LUK 22:64!7; LUK 3:7!11; LUK 4:34!13; LUK 5:21!16; LUK 7:39!18; LUK 7:42!7; LUK 8:9!7; LUK 9:46!7; LUK 9:9!8
ταμείοις	7.28	1	LUK 12:3!20
ταμεῖον	7.32	1	LUK 12:24!12
ταπείνωσιν	87.60	1	LUK 1:48!5
ταπεινούς	87.61	1	LUK 1:52!7
ταπεινωθήσεται	79.87	1	LUK 3:5!9
ταπεινωθήσεται	81.7	1	LUK 3:5!9
ταπεινωθήσεται	87.63	3	LUK 14:11!6; LUK 18:14!17; LUK 3:5!9
ταπεινῶν	87.63	2	LUK 14:11!9; LUK 18:14!20
τασσόμενος	13.13	1	LUK 7:8!8
ταχέως	67.110	2	LUK 14:21!19; LUK 16:6!17
ταύταις	92.29	4	LUK 1:39!7; LUK 23:7!19; LUK 24:18!23; LUK 6:12!6
ταύτας	92.29	1	LUK 1:24!3
ταύτην	92.29	14	LUK 12:41!10; LUK 13:16!1; LUK 13:6!3; LUK 15:3!7; LUK 18:5!9; LUK 18:9!19; LUK 20:19!29; LUK 20:2!21; LUK 20:9!9; LUK 23:48!9; LUK 24:21!19; LUK 4:23!10; LUK 4:6!10; LUK 7:44!10
ταύτης	92.29	6	LUK 11:31!12; LUK 11:32!10; LUK 11:50!16; LUK 11:51!22; LUK 17:25!12; LUK 7:31!8
ταύτῃ	92.29	8	LUK 11:30!17; LUK 12:20!7; LUK 13:32!8; LUK 13:7!17; LUK 16:24!30; LUK 17:34!3; LUK 17:6!15; LUK 19:42!8
ταῖς	92.24	38	LUK 11:43!10; LUK 11:43!16; LUK 13:26!11; LUK 17:26!12; LUK 17:26!5; LUK 17:28!5; LUK 1:18!21; LUK 1:39!5; LUK 1:5!3; LUK 1:6!11; LUK 1:7!15; LUK 1:75!8; LUK 1:80!11; LUK 20:46!14; LUK 20:46!19; LUK 21:14!4; LUK 21:21!19; LUK 21:23!11; LUK 21:23!2; LUK 21:23!7; LUK 23:7!20; LUK 24:18!21; LUK 24:27!14; LUK 2:1!4; LUK 2:47!11; LUK 3:15!9; LUK 4:15!5; LUK 4:2!12; LUK 4:25!10; LUK 4:43!8; LUK 5:16!6; LUK 5:22!15; LUK 5:35!15; LUK 6:1!19; LUK 6:12!4; LUK 7:38!17; LUK 7:44!33; LUK 9:36!18
ταῦτα	92.29	44	LUK 10:1!3; LUK 10:21!23; LUK 11:27!7; LUK 11:42!25; LUK 11:45!9; LUK 12:30!1; LUK 12:31!7; LUK 12:4!16; LUK 13:17!2; LUK 13:2!17; LUK 14:15!6; LUK 14:21!9; LUK 14:6!6; LUK 15:26!10; LUK 16:14!3; LUK 17:8!18; LUK 18:11!6; LUK 18:23!4; LUK 18:4!7; LUK 19:11!4; LUK 19:28!3; LUK 1:19!23; LUK 1:20!13; LUK 1:65!20; LUK 20:2!11; LUK 20:8!13; LUK 21:31!6; LUK 21:36!10; LUK 21:7!16; LUK 21:7!8; LUK 21:9!11; LUK 23:31!7; LUK 23:49!17; LUK 24:10!21; LUK 24:11!9; LUK 24:21!24; LUK 24:26!2; LUK 24:9!7; LUK 2:19!8; LUK 4:28!9; LUK 5:27!3; LUK 7:9!3; LUK 8:8!14; LUK 9:34!1
τε	89.102	6	LUK 12:45!25; LUK 15:2!4; LUK 21:11!12; LUK 22:66!11; LUK 23:12!5; LUK 2:16!7
τε	89.95	3	LUK 14:26!28; LUK 21:11!2; LUK 24:20!2
τεθεραπευμέναι	23.139	1	LUK 8:2!6
τεθνηκὼς	23.99	1	LUK 7:12!11
τεθραμμένος	35.51	1	LUK 4:16!7
τεθραυσμένους	22.22	1	LUK 4:18!20
τεκεῖν	23.52	2	LUK 1:57!8; LUK 2:6!12
τελείωσις	13.126	1	LUK 1:45!7
τελειοῦμαι	68.31	1	LUK 13:32!21
τελειωσάντων	68.22	1	LUK 2:43!2
τελεσθήσεται	13.126	1	LUK 18:31!13
τελεσθῆναι	13.126	1	LUK 22:37!9
τελεσθῇ	13.126	1	LUK 12:50!10
τελεσφοροῦσιν	23.203	1	LUK 8:14!24
τελευτᾶν	23.102	1	LUK 7:2!8
τελωνῶν	57.184	3	LUK 5:29!15; LUK 5:30!18; LUK 7:34!17
τελώνην	57.184	1	LUK 5:27!7
τελώνης	57.184	3	LUK 18:10!14; LUK 18:11!28; LUK 18:13!3
τελώνιον	57.183	1	LUK 5:27!13
τελῶναι	57.184	3	LUK 15:1!7; LUK 3:12!4; LUK 7:29!8
τεσσάρων	60.13	1	LUK 2:37!7
τεσσεράκοντα	67.93	1	LUK 4:2!2
τεταραγμένοι	25.244	1	LUK 24:38!5
τετραάρχης	37.78	2	LUK 3:19!5; LUK 9:7!5
τετρααρχοῦντος	37.79	3	LUK 3:1!15; LUK 3:1!24; LUK 3:1!34
τετραπλοῦν	60.76	1	LUK 19:8!24
τι	92.12	6	LUK 10:35!17; LUK 11:36!11; LUK 11:54!4; LUK 12:4!20; LUK 19:8!21; LUK 23:8!24
τινά	92.12	1	LUK 10:38!10
τινα	92.12	5	LUK 17:12!5; LUK 21:2!3; LUK 23:26!7; LUK 8:51!9; LUK 9:49!7
τινας	92.12	1	LUK 18:9!5
τινες	92.12	9	LUK 13:1!3; LUK 13:31!6; LUK 19:39!2; LUK 20:27!3; LUK 20:39!3; LUK 24:22!4; LUK 24:24!3; LUK 8:2!3; LUK 9:27!6
τινι	92.12	2	LUK 18:2!6; LUK 7:41!5
τινος	92.12	5	LUK 14:1!9; LUK 14:8!4; LUK 20:28!7; LUK 22:35!14; LUK 7:2!3
τινων	92.12	3	LUK 21:5!2; LUK 9:7!15; LUK 9:8!2
τινός	92.12	1	LUK 19:8!20
τινὰ	92.12	1	LUK 23:19!5
τινὰς	92.12	1	LUK 7:18!13
τινὲς	92.12	1	LUK 11:15!1
τινὶ	92.12	2	LUK 11:1!9; LUK 12:15!16
τινὸς	92.12	1	LUK 12:16!8
τις	92.12	38	LUK 10:25!4; LUK 10:30!7; LUK 10:31!5; LUK 10:33!3; LUK 10:38!13; LUK 11:1!14; LUK 11:27!9; LUK 11:45!3; LUK 12:13!3; LUK 13:23!3; LUK 13:6!8; LUK 14:15!3; LUK 14:16!6; LUK 14:2!4; LUK 14:26!2; LUK 15:11!4; LUK 16:1!8; LUK 16:19!3; LUK 16:20!3; LUK 16:30!9; LUK 16:31!13; LUK 18:18!3; LUK 18:2!3; LUK 18:35!10; LUK 19:12!4; LUK 19:31!3; LUK 1:5!10; LUK 22:50!4; LUK 22:56!5; LUK 22:59!7; LUK 7:36!3; LUK 8:27!9; LUK 8:46!7; LUK 8:49!5; LUK 9:19!15; LUK 9:23!6; LUK 9:57!8; LUK 9:8!11
τοιαῦτα	92.31	1	LUK 9:9!15
τοιούτων	92.31	1	LUK 18:16!19
τοσαύτην	59.18	1	LUK 7:9!21
τοσαῦτα	59.6	1	LUK 15:29!9
τούτοις	92.29	2	LUK 16:26!4; LUK 24:21!17
τούτου	92.29	5	LUK 13:16!21; LUK 22:51!8; LUK 24:4!8; LUK 2:17!13; LUK 9:45!23
τούτους	92.29	5	LUK 19:15!16; LUK 19:27!5; LUK 20:16!6; LUK 9:28!6; LUK 9:44!9
τούτων	92.29	11	LUK 10:36!2; LUK 12:27!23; LUK 12:30!16; LUK 17:2!21; LUK 18:34!4; LUK 21:12!3; LUK 21:28!3; LUK 24:14!10; LUK 24:48!4; LUK 3:8!27; LUK 7:18!9
τούτῳ	92.29	12	LUK 10:20!3; LUK 10:5!12; LUK 14:9!11; LUK 18:30!9; LUK 19:19!4; LUK 19:9!12; LUK 1:61!16; LUK 21:23!24; LUK 23:14!24; LUK 23:4!17; LUK 4:3!14; LUK 7:8!15
τοὺς	92.24	117	LUK 10:11!12; LUK 10:23!4; LUK 10:36!12; LUK 10:39!11; LUK 10:9!3; LUK 11:1!28; LUK 11:43!13; LUK 11:46!11; LUK 11:52!15; LUK 12:1!14; LUK 12:17!13; LUK 12:22!4; LUK 12:24!2; LUK 12:45!19; LUK 13:2!13; LUK 13:28!19; LUK 13:34!5; LUK 13:34!9; LUK 13:4!23; LUK 13:4!25; LUK 14:12!14; LUK 14:12!18; LUK 14:12!22; LUK 14:21!28; LUK 14:26!22; LUK 14:3!7; LUK 14:7!4; LUK 15:15!14; LUK 15:22!27; LUK 15:22!6; LUK 15:5!5; LUK 15:6!10; LUK 15:6!7; LUK 16:1!5; LUK 16:23!6; LUK 16:29!7; LUK 16:4!13; LUK 16:8!20; LUK 17:1!4; LUK 17:16!6; LUK 17:22!4; LUK 18:13!9; LUK 18:31!3; LUK 18:9!15; LUK 18:9!6; LUK 19:15!14; LUK 19:27!2; LUK 19:27!6; LUK 19:45!8; LUK 1:33!8; LUK 1:55!4; LUK 1:65!6; LUK 1:79!11; LUK 20:10!5; LUK 20:16!4; LUK 20:43!4; LUK 21:1!4; LUK 21:35!7; LUK 22:32!17; LUK 22:45!8; LUK 22:52!5; LUK 23:13!4; LUK 23:13!7; LUK 23:33!14; LUK 23:4!6; LUK 23:4!9; LUK 24:10!19; LUK 24:33!12; LUK 24:33!15; LUK 24:39!6; LUK 24:40!9; LUK 2:27!13; LUK 5:22!5; LUK 5:3!23; LUK 5:30!10; LUK 5:34!8; LUK 5:37!17; LUK 5:9!7; LUK 6:1!16; LUK 6:13!6; LUK 6:20!4; LUK 6:20!8; LUK 6:27!7; LUK 6:28!2; LUK 6:32!15; LUK 6:32!4; LUK 6:33!4; LUK 6:35!27; LUK 6:35!3; LUK 6:4!27; LUK 6:4!9; LUK 6:8!4; LUK 7:24!9; LUK 7:31!4; LUK 7:38!13; LUK 7:38!25; LUK 7:38!5; LUK 7:44!30; LUK 7:45!14; LUK 7:46!11; LUK 8:33!10; LUK 8:34!15; LUK 8:35!25; LUK 8:41!17; LUK 9:1!3; LUK 9:11!18; LUK 9:14!9; LUK 9:16!3; LUK 9:16!7; LUK 9:26!7; LUK 9:28!4; LUK 9:32!18; LUK 9:32!21; LUK 9:43!18; LUK 9:44!7; LUK 9:60!5; LUK 9:60!8
τοῖς	92.24	71	LUK 10:20!19; LUK 11:13!10; LUK 11:13!23; LUK 11:30!5; LUK 11:42!4; LUK 11:43!3; LUK 11:46!23; LUK 11:46!6; LUK 11:48!6; LUK 11:52!3; LUK 12:3!19; LUK 12:33!16; LUK 12:4!4; LUK 12:44!7; LUK 12:54!4; LUK 13:10!9; LUK 13:17!17; LUK 13:17!19; LUK 13:19!25; LUK 14:17!11; LUK 14:33!10; LUK 16:23!19; LUK 17:14!8; LUK 18:32!3; LUK 19:24!2; LUK 19:39!13; LUK 19:8!15; LUK 1:20!18; LUK 1:45!8; LUK 1:50!9; LUK 1:79!2; LUK 20:1!23; LUK 20:45!7; LUK 20:46!24; LUK 22:28!9; LUK 22:4!4; LUK 23:11!8; LUK 23:30!10; LUK 23:30!4; LUK 24:9!13; LUK 24:9!9; LUK 2:33!11; LUK 2:38!14; LUK 2:44!15; LUK 2:44!18; LUK 2:49!13; LUK 3:14!20; LUK 3:7!3; LUK 4:21!13; LUK 4:22!12; LUK 4:22!8; LUK 4:31!13; LUK 4:36!21; LUK 5:7!3; LUK 5:8!6; LUK 6:2!11; LUK 6:23!22; LUK 6:24!4; LUK 6:26!14; LUK 6:27!12; LUK 6:27!4; LUK 6:4!17; LUK 7:25!19; LUK 7:32!4; LUK 7:38!9; LUK 7:44!26; LUK 8:10!13; LUK 8:25!20; LUK 8:27!28; LUK 9:16!20; LUK 9:61!13
τοῦ	92.24	377	LUK 10:11!23; LUK 10:15!9; LUK 10:18!10; LUK 10:19!17; LUK 10:19!6; LUK 10:2!15; LUK 10:2!17; LUK 10:21!16; LUK 10:22!5; LUK 10:36!9; LUK 10:39!13; LUK 10:7!17; LUK 10:9!15; LUK 11:14!8; LUK 11:20!15; LUK 11:24!7; LUK 11:26!18; LUK 11:27!13; LUK 11:28!10; LUK 11:30!13; LUK 11:34!3; LUK 11:38!11; LUK 11:39!13; LUK 11:39!16; LUK 11:42!23; LUK 11:49!6; LUK 11:51!10; LUK 11:51!13; LUK 11:51!7; LUK 11:54!6; LUK 12:1!6; LUK 12:10!9; LUK 12:13!5; LUK 12:23!11; LUK 12:30!6; LUK 12:40!12; LUK 12:42!21; LUK 12:46!4; LUK 12:47!9; LUK 12:52!4; LUK 12:56!7; LUK 12:58!5; LUK 12:6!15; LUK 12:8!16; LUK 12:8!24; LUK 12:9!12; LUK 13:14!32; LUK 13:16!19; LUK 13:16!24; LUK 13:18!8; LUK 13:19!21; LUK 13:20!8; LUK 13:28!24; LUK 13:29!17; LUK 14:15!16; LUK 14:17!8; LUK 14:24!13; LUK 14:5!20; LUK 15:10!9; LUK 15:17!8; LUK 16:13!20; LUK 16:15!26; LUK 16:16!12; LUK 16:17!11; LUK 16:21!10; LUK 16:24!16; LUK 16:27!13; LUK 16:5!7; LUK 16:8!15; LUK 16:8!22; LUK 16:9!9; LUK 17:1!9; LUK 17:20!10; LUK 17:20!20; LUK 17:21!11; LUK 17:22!13; LUK 17:22!15; LUK 17:24!20; LUK 17:26!14; LUK 17:26!16; LUK 17:30!9; LUK 17:31!8; LUK 17:7!13; LUK 18:12!3; LUK 18:16!23; LUK 18:17!10; LUK 18:24!16; LUK 18:25!14; LUK 18:29!25; LUK 18:3!16; LUK 18:31!22; LUK 18:8!13; LUK 19:10!5; LUK 19:11!22; LUK 19:22!4; LUK 19:26!10; LUK 19:3!12; LUK 19:37!8; LUK 19:39!6; LUK 19:47!22; LUK 1:10!12; LUK 1:10!6; LUK 1:11!11; LUK 1:11!9; LUK 1:19!13; LUK 1:2!11; LUK 1:26!12; LUK 1:32!17; LUK 1:37!5; LUK 1:43!9; LUK 1:44!7; LUK 1:48!12; LUK 1:57!7; LUK 1:59!18; LUK 1:6!15; LUK 1:6!6; LUK 1:68!5; LUK 1:73!9; LUK 1:77!1; LUK 1:79!9; LUK 1:8!14; LUK 1:9!13; LUK 1:9!7; LUK 20:10!10; LUK 20:10!12; LUK 20:13!5; LUK 20:15!14; LUK 20:15!5; LUK 20:20!21; LUK 20:21!21; LUK 20:25!13; LUK 20:26!8; LUK 20:34!8; LUK 20:35!4; LUK 20:45!4; LUK 21:12!25; LUK 21:22!6; LUK 21:27!6; LUK 21:31!14; LUK 21:36!18; LUK 21:36!20; LUK 21:4!15; LUK 21:4!5; LUK 21:5!5; LUK 22:15!14; LUK 22:16!15; LUK 22:18!11; LUK 22:18!19; LUK 22:18!8; LUK 22:21!5; LUK 22:22!5; LUK 22:3!11; LUK 22:30!21; LUK 22:31!8; LUK 22:40!4; LUK 22:48!9; LUK 22:50!7; LUK 22:51!11; LUK 22:52!12; LUK 22:53!25; LUK 22:54!10; LUK 22:6!6; LUK 22:61!12; LUK 22:61!14; LUK 22:66!8; LUK 22:69!15; LUK 22:69!2; LUK 22:69!8; LUK 22:70!9; LUK 22:71!13; LUK 23:26!18; LUK 23:27!6; LUK 23:35!21; LUK 23:45!1; LUK 23:45!8; LUK 23:51!20; LUK 23:52!8; LUK 24:16!6; LUK 24:19!12; LUK 24:19!24; LUK 24:19!28; LUK 24:2!7; LUK 24:25!12; LUK 24:29!19; LUK 24:35!15; LUK 24:45!6; LUK 24:49!7; LUK 24:7!4; LUK 24:9!4; LUK 2:17!11; LUK 2:17!5; LUK 2:17!7; LUK 2:21!18; LUK 2:21!21; LUK 2:21!6; LUK 2:22!6; LUK 2:24!2; LUK 2:25!19; LUK 2:26!6; LUK 2:26!8; LUK 2:27!18; LUK 2:27!24; LUK 2:37!11; LUK 2:41!12; LUK 2:49!14; LUK 2:6!11; LUK 3:1!21; LUK 3:15!13; LUK 3:15!3; LUK 3:19!13; LUK 3:23!14; LUK 3:24!1; LUK 3:24!3; LUK 3:24!5; LUK 3:24!7; LUK 3:24!9; LUK 3:25!1; LUK 3:25!3; LUK 3:25!5; LUK 3:25!7; LUK 3:25!9; LUK 3:26!1; LUK 3:26!3; LUK 3:26!5; LUK 3:26!7; LUK 3:26!9; LUK 3:27!1; LUK 3:27!3; LUK 3:27!5; LUK 3:27!7; LUK 3:27!9; LUK 3:28!1; LUK 3:28!3; LUK 3:28!5; LUK 3:28!7; LUK 3:28!9; LUK 3:29!1; LUK 3:29!3; LUK 3:29!5; LUK 3:29!7; LUK 3:29!9; LUK 3:3!6; LUK 3:30!1; LUK 3:30!3; LUK 3:30!5; LUK 3:30!7; LUK 3:30!9; LUK 3:31!1; LUK 3:31!3; LUK 3:31!5; LUK 3:31!7; LUK 3:31!9; LUK 3:32!1; LUK 3:32!3; LUK 3:32!5; LUK 3:32!7; LUK 3:32!9; LUK 3:33!1; LUK 3:33!11; LUK 3:33!3; LUK 3:33!5; LUK 3:33!7; LUK 3:33!9; LUK 3:34!1; LUK 3:34!3; LUK 3:34!5; LUK 3:34!7; LUK 3:34!9; LUK 3:35!1; LUK 3:35!3; LUK 3:35!5; LUK 3:35!7; LUK 3:35!9; LUK 3:36!1; LUK 3:36!3; LUK 3:36!5; LUK 3:36!7; LUK 3:36!9; LUK 3:37!1; LUK 3:37!3; LUK 3:37!5; LUK 3:37!7; LUK 3:37!9; LUK 3:38!1; LUK 3:38!3; LUK 3:38!5; LUK 3:38!7; LUK 3:4!7; LUK 3:6!7; LUK 4:1!8; LUK 4:10!10; LUK 4:14!8; LUK 4:17!5; LUK 4:2!5; LUK 4:22!15; LUK 4:27!10; LUK 4:29!13; LUK 4:3!9; LUK 4:34!17; LUK 4:38!13; LUK 4:40!3; LUK 4:41!15; LUK 4:42!21; LUK 4:43!16; LUK 4:9!11; LUK 4:9!19; LUK 5:1!13; LUK 5:10!24; LUK 5:14!16; LUK 5:19!26; LUK 5:24!7; LUK 5:3!20; LUK 5:34!10; LUK 5:36!34; LUK 5:7!9; LUK 6:12!19; LUK 6:17!17; LUK 6:20!20; LUK 6:22!22; LUK 6:22!24; LUK 6:29!13; LUK 6:30!7; LUK 6:4!6; LUK 6:41!10; LUK 6:42!32; LUK 6:42!44; LUK 6:44!5; LUK 6:45!18; LUK 6:45!5; LUK 6:5!10; LUK 6:5!6; LUK 7:1!10; LUK 7:28!16; LUK 7:3!4; LUK 7:30!9; LUK 7:34!4; LUK 7:36!16; LUK 7:37!17; LUK 8:1!18; LUK 8:10!11; LUK 8:11!11; LUK 8:14!18; LUK 8:21!17; LUK 8:24!18; LUK 8:28!18; LUK 8:28!20; LUK 8:29!28; LUK 8:29!9; LUK 8:33!17; LUK 8:33!6; LUK 8:35!27; LUK 8:44!14; LUK 8:44!4; LUK 8:44!6; LUK 8:47!21; LUK 8:49!7; LUK 8:5!25; LUK 8:5!4; LUK 9:11!15; LUK 9:2!7; LUK 9:20!16; LUK 9:22!6; LUK 9:26!13; LUK 9:26!23; LUK 9:27!20; LUK 9:29!9; LUK 9:37!9; LUK 9:38!5; LUK 9:43!7; LUK 9:44!13; LUK 9:45!21; LUK 9:51!16; LUK 9:54!15; LUK 9:58!13; LUK 9:58!19; LUK 9:60!17; LUK 9:62!20
τοῦτο	92.29	30	LUK 10:11!17; LUK 10:28!6; LUK 13:8!10; LUK 16:2!7; LUK 18:34!10; LUK 18:36!8; LUK 1:18!10; LUK 1:34!9; LUK 1:43!4; LUK 1:66!15; LUK 20:17!11; LUK 22:15!7; LUK 22:17!7; LUK 22:19!19; LUK 22:23!14; LUK 22:37!5; LUK 22:42!6; LUK 23:46!16; LUK 24:40!2; LUK 2:12!2; LUK 2:15!25; LUK 3:20!3; LUK 4:43!20; LUK 5:6!2; LUK 6:3!9; LUK 7:4!16; LUK 7:8!29; LUK 9:21!8; LUK 9:45!6; LUK 9:48!7
τοῦτον	92.29	10	LUK 12:5!20; LUK 12:56!14; LUK 16:28!16; LUK 19:14!15; LUK 20:12!8; LUK 20:13!16; LUK 23:14!8; LUK 23:18!6; LUK 9:13!31; LUK 9:26!10
τράπεζαν	57.215	1	LUK 19:23!10
τράχηλον	8.25	2	LUK 15:20!25; LUK 17:2!9
τρέμουσα	16.6	1	LUK 8:47!8
τρέφει	23.6	1	LUK 12:24!18
τρήματος	6.216	1	LUK 18:25!6
τρία	60.12	3	LUK 13:21!11; LUK 13:7!7; LUK 4:25!22
τρίβους	1.100	1	LUK 3:4!21
τρίς	60.71	2	LUK 22:34!12; LUK 22:61!26
τρίτην	60.50	1	LUK 24:21!18
τρίτον	60.50	2	LUK 20:12!3; LUK 23:22!3
τρίτος	60.50	1	LUK 20:31!3
τρίτῃ	60.50	6	LUK 12:38!8; LUK 13:32!20; LUK 18:33!9; LUK 24:46!15; LUK 24:7!17; LUK 9:22!23
τρίχες	8.12	1	LUK 12:7!4
τραπέζης	6.113	3	LUK 16:21!9; LUK 22:21!12; LUK 22:30!7
τραυματίσαντες	20.28	1	LUK 20:12!9
τραχεῖαι	79.84	1	LUK 3:5!18
τραύματα	20.29	1	LUK 10:34!5
τρεῖς	60.12	5	LUK 11:5!21; LUK 12:52!11; LUK 1:56!8; LUK 2:46!5; LUK 9:33!24
τριάκοντα	60.26	1	LUK 3:23!8
τρισίν	60.12	1	LUK 12:52!17
τριῶν	60.12	1	LUK 10:36!4
τροφῆς	5.1	1	LUK 12:23!7
τρυγόνων	4.44	1	LUK 2:24!13
τρυγῶσιν	43.18	1	LUK 6:44!19
τρυφῇ	88.253	1	LUK 7:25!16
τρόπον	89.83	1	LUK 13:34!20
τυφλούς	24.38	1	LUK 14:13!9
τυφλοὶ	24.38	1	LUK 7:22!12
τυφλοὺς	24.38	1	LUK 14:21!33
τυφλοῖς	24.38	2	LUK 4:18!17; LUK 7:21!15
τυφλός	24.38	1	LUK 18:35!9
τυφλὸν	24.38	1	LUK 6:39!9
τυφλὸς	24.38	1	LUK 6:39!8
τυχεῖν	90.61	1	LUK 20:35!7
τό	92.24	1	LUK 22:37!12
τόκῳ	57.212	1	LUK 19:23!14
τόπον	33.10	1	LUK 4:17!14
τόπον	80.1	10	LUK 10:1!24; LUK 10:32!7; LUK 14:10!9; LUK 14:9!12; LUK 14:9!20; LUK 16:28!15; LUK 19:5!6; LUK 23:33!6; LUK 4:37!8; LUK 4:42!8
τόπος	80.1	2	LUK 14:22!11; LUK 2:7!20
τόπου	80.1	2	LUK 22:40!5; LUK 6:17!7
τόπους	80.1	1	LUK 21:11!6
τόπων	80.1	1	LUK 11:24!12
τόπῳ	80.1	2	LUK 11:1!8; LUK 9:12!31
τότε	67.47	14	LUK 11:26!1; LUK 13:26!1; LUK 14:10!21; LUK 14:21!10; LUK 14:9!14; LUK 16:16!9; LUK 21:10!1; LUK 21:20!8; LUK 21:21!1; LUK 21:27!2; LUK 23:30!1; LUK 24:45!1; LUK 5:35!11; LUK 6:42!36
τύπτειν	19.1	1	LUK 12:45!18
τύπτοντί	19.1	1	LUK 6:29!2
τύπτοντες	19.1	1	LUK 23:48!13
τὰ	92.24	102	LUK 10:17!11; LUK 10:20!14; LUK 10:20!7; LUK 10:34!4; LUK 10:7!10; LUK 10:8!11; LUK 11:15!13; LUK 11:17!5; LUK 11:18!20; LUK 11:19!7; LUK 11:20!7; LUK 11:21!12; LUK 11:22!16; LUK 11:26!16; LUK 11:41!2; LUK 11:44!6; LUK 11:44!8; LUK 11:47!5; LUK 11:7!14; LUK 12:18!19; LUK 12:27!2; LUK 12:30!4; LUK 12:33!2; LUK 13:19!19; LUK 13:34!16; LUK 14:26!19; LUK 14:32!11; LUK 15:31!13; LUK 15:4!15; LUK 16:1!20; LUK 16:21!18; LUK 16:25!18; LUK 16:25!8; LUK 16:6!13; LUK 16:7!18; LUK 17:1!10; LUK 17:10!7; LUK 17:30!2; LUK 17:31!11; LUK 17:31!29; LUK 17:9!8; LUK 18:15!5; LUK 18:16!8; LUK 18:24!10; LUK 18:28!8; LUK 18:31!15; LUK 18:34!17; LUK 19:35!10; LUK 19:36!5; LUK 19:42!11; LUK 19:44!5; LUK 19:8!9; LUK 1:44!11; LUK 1:65!18; LUK 20:25!12; LUK 20:25!8; LUK 21:1!9; LUK 21:21!8; LUK 21:22!9; LUK 21:24!8; LUK 21:29!10; LUK 21:36!12; LUK 21:4!10; LUK 22:41!11; LUK 23:28!20; LUK 23:34!15; LUK 23:48!11; LUK 23:48!14; LUK 24:11!7; LUK 24:12!12; LUK 24:18!16; LUK 24:27!16; LUK 24:35!4; LUK 24:44!21; LUK 24:47!13; LUK 24:5!7; LUK 2:19!6; LUK 2:39!5; LUK 2:51!19; LUK 3:5!12; LUK 5:11!3; LUK 5:2!16; LUK 5:4!15; LUK 5:5!18; LUK 5:6!10; LUK 5:7!18; LUK 6:23!18; LUK 6:26!10; LUK 6:30!9; LUK 6:34!18; LUK 7:1!4; LUK 8:10!7; LUK 8:29!24; LUK 8:33!3; LUK 8:35!18; LUK 8:38!9; LUK 8:5!23; LUK 9:1!12; LUK 9:44!4; LUK 9:58!11; LUK 9:62!14; LUK 9:7!6
τὰς	92.24	46	LUK 10:10!13; LUK 11:4!4; LUK 12:11!12; LUK 12:11!6; LUK 12:11!9; LUK 12:18!7; LUK 12:45!22; LUK 13:13!4; LUK 13:34!26; LUK 14:21!21; LUK 14:23!10; LUK 14:26!25; LUK 14:7!9; LUK 15:9!4; LUK 16:15!16; LUK 16:9!19; LUK 18:20!1; LUK 19:24!13; LUK 1:24!4; LUK 20:19!11; LUK 20:47!3; LUK 21:12!15; LUK 21:12!8; LUK 21:19!6; LUK 21:28!8; LUK 21:37!3; LUK 21:37!9; LUK 22:30!17; LUK 22:53!12; LUK 24:32!22; LUK 24:39!2; LUK 24:40!6; LUK 24:45!8; LUK 24:50!9; LUK 2:28!6; LUK 2:43!3; LUK 3:4!20; LUK 4:40!20; LUK 4:44!5; LUK 4:5!7; LUK 7:1!8; LUK 8:14!4; LUK 8:29!31; LUK 9:12!18; LUK 9:51!6; LUK 9:6!5
τὴν	92.24	168	LUK 10:19!15; LUK 10:19!4; LUK 10:35!3; LUK 10:4!11; LUK 10:42!9; LUK 11:21!6; LUK 11:22!8; LUK 11:31!24; LUK 11:33!13; LUK 11:42!18; LUK 11:42!21; LUK 11:43!7; LUK 11:52!7; LUK 11:7!20; LUK 11:8!16; LUK 12:13!16; LUK 12:20!10; LUK 12:25!8; LUK 12:31!3; LUK 12:32!13; LUK 12:41!8; LUK 12:49!5; LUK 12:5!15; LUK 12:53!15; LUK 12:53!19; LUK 12:53!25; LUK 13:20!6; LUK 13:25!17; LUK 13:25!9; LUK 13:34!22; LUK 13:6!4; LUK 13:7!25; LUK 14:26!13; LUK 14:26!16; LUK 14:26!30; LUK 14:28!12; LUK 14:8!10; LUK 15:13!18; LUK 15:14!9; LUK 15:16!4; LUK 15:22!12; LUK 15:22!21; LUK 15:3!5; LUK 15:8!16; LUK 15:9!13; LUK 16:17!7; LUK 16:18!4; LUK 16:24!22; LUK 16:3!14; LUK 16:8!25; LUK 16:8!27; LUK 17:2!14; LUK 17:24!12; LUK 17:27!11; LUK 17:33!4; LUK 18:17!8; LUK 18:20!17; LUK 18:24!14; LUK 18:25!12; LUK 18:35!13; LUK 18:5!7; LUK 18:7!7; LUK 18:8!18; LUK 18:8!5; LUK 18:9!17; LUK 19:1!4; LUK 19:15!8; LUK 19:24!8; LUK 19:30!4; LUK 19:41!5; LUK 1:39!10; LUK 1:4!7; LUK 1:40!9; LUK 1:48!4; LUK 20:19!27; LUK 20:2!19; LUK 20:21!19; LUK 20:23!4; LUK 20:28!21; LUK 20:9!7; LUK 21:29!6; LUK 22:10!20; LUK 22:10!9; LUK 22:19!22; LUK 22:44!17; LUK 22:54!8; LUK 23:44!12; LUK 23:48!7; LUK 23:51!18; LUK 23:56!13; LUK 24:26!10; LUK 24:28!4; LUK 24:49!5; LUK 24:5!10; LUK 2:1!14; LUK 2:3!7; LUK 2:34!9; LUK 2:35!5; LUK 2:39!12; LUK 2:4!12; LUK 2:8!16; LUK 3:17!17; LUK 3:17!9; LUK 3:4!15; LUK 3:9!7; LUK 4:14!11; LUK 4:16!20; LUK 4:23!18; LUK 4:23!8; LUK 4:25!32; LUK 4:38!8; LUK 4:43!14; LUK 4:6!13; LUK 4:6!8; LUK 5:1!20; LUK 5:11!6; LUK 5:13!3; LUK 5:2!7; LUK 5:20!3; LUK 6:10!8; LUK 6:24!8; LUK 6:29!5; LUK 6:29!9; LUK 6:41!13; LUK 6:41!16; LUK 6:42!18; LUK 6:42!29; LUK 6:48!14; LUK 6:49!13; LUK 6:6!9; LUK 6:8!14; LUK 7:24!16; LUK 7:27!16; LUK 7:30!7; LUK 7:44!11; LUK 7:44!16; LUK 7:44!4; LUK 7:46!2; LUK 7:5!7; LUK 7:50!4; LUK 7:6!31; LUK 8:1!16; LUK 8:12!4; LUK 8:23!10; LUK 8:26!4; LUK 8:27!5; LUK 8:31!9; LUK 8:33!20; LUK 8:34!11; LUK 8:39!17; LUK 8:5!18; LUK 8:51!25; LUK 8:51!4; LUK 8:6!5; LUK 8:8!5; LUK 8:8!7; LUK 9:2!5; LUK 9:24!15; LUK 9:24!5; LUK 9:27!18; LUK 9:3!8; LUK 9:31!6; LUK 9:32!14; LUK 9:34!17; LUK 9:36!5; LUK 9:58!24; LUK 9:60!15; LUK 9:62!7
τὸ	92.24	217	LUK 10:34!15; LUK 10:37!6; LUK 11:2!9; LUK 11:24!2; LUK 11:29!22; LUK 11:3!8; LUK 11:32!17; LUK 11:33!18; LUK 11:34!17; LUK 11:34!27; LUK 11:35!4; LUK 11:35!6; LUK 11:36!3; LUK 11:39!11; LUK 11:39!19; LUK 11:40!5; LUK 11:40!8; LUK 11:42!11; LUK 11:42!8; LUK 11:50!3; LUK 11:50!8; LUK 11:8!10; LUK 12:10!16; LUK 12:12!1; LUK 12:23!9; LUK 12:3!15; LUK 12:32!3; LUK 12:4!12; LUK 12:42!25; LUK 12:46!22; LUK 12:47!18; LUK 12:47!7; LUK 12:5!9; LUK 12:56!2; LUK 12:57!8; LUK 12:59!9; LUK 13:1!14; LUK 13:11!17; LUK 13:8!11; LUK 13:9!6; LUK 14:34!3; LUK 14:34!8; LUK 15:12!11; LUK 15:4!24; LUK 15:6!18; LUK 15:6!21; LUK 16:11!10; LUK 16:12!9; LUK 16:15!20; LUK 16:24!14; LUK 17:35!5; LUK 17:37!12; LUK 18:1!6; LUK 18:10!5; LUK 18:13!17; LUK 18:34!8; LUK 18:5!3; LUK 19:10!10; LUK 19:11!9; LUK 19:15!19; LUK 19:23!7; LUK 19:29!10; LUK 19:29!12; LUK 19:37!14; LUK 19:4!4; LUK 19:45!4; LUK 19:47!4; LUK 19:48!4; LUK 1:10!3; LUK 1:13!25; LUK 1:27!12; LUK 1:31!11; LUK 1:35!19; LUK 1:38!11; LUK 1:41!12; LUK 1:44!17; LUK 1:47!3; LUK 1:49!9; LUK 1:5!24; LUK 1:50!2; LUK 1:58!12; LUK 1:59!10; LUK 1:62!6; LUK 1:64!3; LUK 1:66!13; LUK 1:9!2; LUK 20:17!9; LUK 21:1!7; LUK 21:17!7; LUK 21:30!11; LUK 21:37!15; LUK 21:37!17; LUK 21:7!12; LUK 21:9!17; LUK 22:11!13; LUK 22:11!16; LUK 22:13!9; LUK 22:15!8; LUK 22:19!12; LUK 22:19!15; LUK 22:2!8; LUK 22:20!10; LUK 22:20!19; LUK 22:20!2; LUK 22:20!6; LUK 22:22!8; LUK 22:23!7; LUK 22:24!7; LUK 22:36!18; LUK 22:37!19; LUK 22:37!6; LUK 22:39!5; LUK 22:39!8; LUK 22:4!8; LUK 22:42!13; LUK 22:42!17; LUK 22:42!7; LUK 22:49!6; LUK 22:50!13; LUK 22:50!16; LUK 22:56!8; LUK 22:66!18; LUK 22:66!6; LUK 22:7!10; LUK 22:8!10; LUK 23:1!4; LUK 23:2!9; LUK 23:24!5; LUK 23:45!6; LUK 23:46!13; LUK 23:47!5; LUK 23:52!6; LUK 23:55!13; LUK 23:55!18; LUK 23:56!8; LUK 23:8!18; LUK 24:1!9; LUK 24:12!20; LUK 24:12!7; LUK 24:22!12; LUK 24:23!4; LUK 24:24!8; LUK 24:3!5; LUK 2:15!23; LUK 2:15!26; LUK 2:16!13; LUK 2:21!11; LUK 2:21!15; LUK 2:24!6; LUK 2:27!15; LUK 2:27!22; LUK 2:27!7; LUK 2:29!8; LUK 2:30!6; LUK 2:4!21; LUK 2:42!9; LUK 2:50!5; LUK 3:13!9; LUK 3:17!2; LUK 3:17!20; LUK 3:22!3; LUK 3:22!5; LUK 3:6!5; LUK 4:16!11; LUK 4:17!10; LUK 4:20!3; LUK 4:35!15; LUK 4:35!18; LUK 4:9!9; LUK 5:17!34; LUK 5:19!12; LUK 5:19!23; LUK 5:24!24; LUK 5:27!12; LUK 5:36!22; LUK 5:36!30; LUK 5:36!32; LUK 5:4!11; LUK 6:12!10; LUK 6:22!16; LUK 6:29!16; LUK 6:33!14; LUK 6:41!4; LUK 6:41!6; LUK 6:42!10; LUK 6:42!12; LUK 6:42!38; LUK 6:42!40; LUK 6:45!12; LUK 6:45!21; LUK 6:45!28; LUK 6:48!31; LUK 6:49!26; LUK 6:8!20; LUK 7:29!13; LUK 7:43!7; LUK 7:5!3; LUK 8:14!1; LUK 8:15!1; LUK 8:16!20; LUK 8:22!22; LUK 8:34!5; LUK 8:35!4; LUK 8:37!5; LUK 8:55!3; LUK 8:56!12; LUK 8:6!11; LUK 9:17!8; LUK 9:28!19; LUK 9:29!7; LUK 9:42!7; LUK 9:45!4; LUK 9:46!6; LUK 9:48!8; LUK 9:51!13; LUK 9:53!6; LUK 9:7!12
τὸν	92.24	214	LUK 10:11!2; LUK 10:11!4; LUK 10:16!17; LUK 10:18!5; LUK 10:2!23; LUK 10:27!34; LUK 10:27!7; LUK 10:29!8; LUK 10:32!6; LUK 10:39!16; LUK 11:11!5; LUK 11:24!21; LUK 11:28!8; LUK 11:3!1; LUK 11:3!4; LUK 11:33!9; LUK 12:10!7; LUK 12:18!16; LUK 12:28!5; LUK 12:36!6; LUK 12:39!18; LUK 12:5!7; LUK 12:56!11; LUK 12:58!22; LUK 13:13!11; LUK 13:15!15; LUK 13:15!19; LUK 13:7!4; LUK 14:10!7; LUK 14:17!3; LUK 14:23!6; LUK 14:26!9; LUK 14:27!4; LUK 14:9!18; LUK 15:12!20; LUK 15:18!13; LUK 15:18!4; LUK 15:20!24; LUK 15:20!5; LUK 15:21!9; LUK 15:23!3; LUK 15:23!5; LUK 15:27!15; LUK 15:27!17; LUK 15:30!10; LUK 15:30!17; LUK 15:6!4; LUK 16:13!13; LUK 16:13!9; LUK 16:17!4; LUK 16:2!12; LUK 16:20!8; LUK 16:22!13; LUK 16:22!4; LUK 16:27!11; LUK 16:28!14; LUK 16:8!5; LUK 17:15!13; LUK 17:2!8; LUK 17:24!9; LUK 18:13!13; LUK 18:14!7; LUK 18:2!8; LUK 18:20!13; LUK 18:4!14; LUK 18:43!8; LUK 19:3!4; LUK 19:33!14; LUK 19:33!4; LUK 19:35!13; LUK 19:35!16; LUK 19:35!5; LUK 19:37!20; LUK 19:44!22; LUK 19:5!5; LUK 19:8!6; LUK 1:16!9; LUK 1:18!5; LUK 1:20!24; LUK 1:21!6; LUK 1:23!12; LUK 1:32!14; LUK 1:33!4; LUK 1:34!5; LUK 1:40!4; LUK 1:41!5; LUK 1:46!8; LUK 1:55!14; LUK 1:56!12; LUK 1:64!14; LUK 1:73!6; LUK 1:80!18; LUK 1:9!11; LUK 20:1!9; LUK 20:13!10; LUK 20:13!13; LUK 20:16!9; LUK 20:18!6; LUK 20:19!19; LUK 20:37!15; LUK 20:41!7; LUK 20:9!4; LUK 21:27!4; LUK 21:4!19; LUK 22:2!14; LUK 22:3!6; LUK 22:31!11; LUK 22:48!7; LUK 22:50!9; LUK 23:1!10; LUK 23:13!10; LUK 23:14!11; LUK 23:14!6; LUK 23:18!10; LUK 23:20!8; LUK 23:25!13; LUK 23:25!3; LUK 23:26!14; LUK 23:33!5; LUK 23:33!7; LUK 23:40!11; LUK 23:47!8; LUK 23:5!7; LUK 23:8!5; LUK 24:2!3; LUK 24:21!10; LUK 24:26!5; LUK 24:30!10; LUK 24:45!4; LUK 24:46!8; LUK 24:5!17; LUK 24:51!14; LUK 24:53!9; LUK 24:7!2; LUK 2:13!11; LUK 2:15!8; LUK 2:16!10; LUK 2:20!8; LUK 2:22!10; LUK 2:26!17; LUK 2:28!10; LUK 2:29!3; LUK 2:39!7; LUK 2:7!3; LUK 2:7!6; LUK 3:16!21; LUK 3:17!14; LUK 3:18!8; LUK 3:2!11; LUK 3:20!8; LUK 3:21!15; LUK 3:21!7; LUK 3:8!15; LUK 4:11!11; LUK 4:12!12; LUK 4:17!13; LUK 4:41!25; LUK 4:8!9; LUK 5:1!11; LUK 5:1!5; LUK 5:10!17; LUK 5:12!18; LUK 5:19!8; LUK 5:24!29; LUK 5:25!12; LUK 5:25!16; LUK 5:26!7; LUK 5:4!7; LUK 6:14!8; LUK 6:15!10; LUK 6:29!19; LUK 6:38!12; LUK 6:4!4; LUK 6:40!5; LUK 7:10!4; LUK 7:10!9; LUK 7:16!21; LUK 7:16!7; LUK 7:19!3; LUK 7:27!8; LUK 7:29!10; LUK 7:3!17; LUK 7:36!14; LUK 7:4!5; LUK 8:12!15; LUK 8:13!12; LUK 8:15!16; LUK 8:19!17; LUK 8:21!15; LUK 8:28!3; LUK 8:35!14; LUK 8:35!9; LUK 8:39!3; LUK 8:40!5; LUK 8:41!25; LUK 8:49!17; LUK 8:5!6; LUK 8:51!20; LUK 9:12!13; LUK 9:13!29; LUK 9:16!12; LUK 9:19!6; LUK 9:22!4; LUK 9:23!15; LUK 9:25!6; LUK 9:33!13; LUK 9:38!14; LUK 9:41!21; LUK 9:42!21; LUK 9:47!5; LUK 9:48!22; LUK 9:5!12; LUK 9:59!16; LUK 9:61!15
τῆς	92.24	119	LUK 10:11!8; LUK 10:21!19; LUK 10:27!12; LUK 11:31!10; LUK 11:31!21; LUK 11:32!8; LUK 11:50!14; LUK 11:51!20; LUK 11:52!9; LUK 12:1!21; LUK 12:23!6; LUK 12:42!18; LUK 12:56!4; LUK 12:7!5; LUK 13:12!12; LUK 13:15!22; LUK 13:24!4; LUK 14:21!25; LUK 15:12!14; LUK 15:15!7; LUK 16:2!14; LUK 16:21!8; LUK 16:28!17; LUK 16:4!8; LUK 16:8!7; LUK 16:9!11; LUK 17:24!7; LUK 17:25!10; LUK 17:32!2; LUK 17:4!4; LUK 18:29!23; LUK 18:6!9; LUK 18:8!21; LUK 19:44!24; LUK 1:23!7; LUK 1:26!16; LUK 1:27!14; LUK 1:33!11; LUK 1:41!7; LUK 1:42!15; LUK 1:48!6; LUK 1:5!7; LUK 1:61!9; LUK 1:65!14; LUK 1:8!10; LUK 1:9!4; LUK 20:35!11; LUK 20:35!9; LUK 20:36!13; LUK 20:37!10; LUK 21:18!4; LUK 21:23!18; LUK 21:25!12; LUK 21:35!12; LUK 22:11!5; LUK 22:18!13; LUK 22:21!11; LUK 22:30!6; LUK 22:45!14; LUK 22:45!4; LUK 22:55!6; LUK 22:69!13; LUK 23:49!14; LUK 23:5!12; LUK 23:5!17; LUK 23:55!9; LUK 23:7!5; LUK 24:41!6; LUK 2:2!6; LUK 2:36!21; LUK 2:4!6; LUK 2:42!11; LUK 2:8!13; LUK 3:1!12; LUK 3:1!16; LUK 3:1!25; LUK 3:1!32; LUK 3:1!5; LUK 3:19!11; LUK 3:7!16; LUK 3:8!5; LUK 4:14!18; LUK 4:22!10; LUK 4:26!11; LUK 4:29!6; LUK 4:31!6; LUK 4:37!9; LUK 4:38!4; LUK 4:44!7; LUK 4:5!9; LUK 5:17!23; LUK 5:24!12; LUK 5:3!13; LUK 6:17!21; LUK 6:17!26; LUK 6:4!11; LUK 6:45!8; LUK 6:49!28; LUK 7:12!23; LUK 7:12!6; LUK 7:14!4; LUK 7:31!6; LUK 7:38!19; LUK 7:6!14; LUK 8:10!9; LUK 8:12!18; LUK 8:13!4; LUK 8:22!24; LUK 8:26!11; LUK 8:27!11; LUK 8:37!7; LUK 8:41!11; LUK 8:51!22; LUK 8:54!4; LUK 9:11!13; LUK 9:35!5; LUK 9:47!7; LUK 9:5!9; LUK 9:51!8
τῇ	92.24	134	LUK 10:12!12; LUK 10:12!6; LUK 10:14!8; LUK 10:21!3; LUK 10:27!18; LUK 10:27!24; LUK 10:27!30; LUK 10:31!8; LUK 10:7!4; LUK 11:30!15; LUK 11:31!5; LUK 11:32!5; LUK 11:36!20; LUK 12:12!9; LUK 12:19!3; LUK 12:20!8; LUK 12:22!13; LUK 12:27!17; LUK 12:3!5; LUK 12:38!3; LUK 12:38!7; LUK 12:45!8; LUK 12:51!7; LUK 12:58!11; LUK 13:14!30; LUK 13:16!22; LUK 13:28!22; LUK 13:29!15; LUK 13:31!3; LUK 13:32!19; LUK 13:32!6; LUK 13:33!8; LUK 13:7!15; LUK 14:14!13; LUK 14:15!14; LUK 14:17!6; LUK 15:25!14; LUK 15:4!19; LUK 16:24!28; LUK 16:25!12; LUK 17:24!23; LUK 17:31!15; LUK 17:31!3; LUK 17:34!4; LUK 17:6!13; LUK 17:6!20; LUK 18:3!5; LUK 18:33!6; LUK 18:33!8; LUK 19:3!15; LUK 19:36!9; LUK 19:37!6; LUK 19:42!6; LUK 1:10!10; LUK 1:14!10; LUK 1:36!20; LUK 1:41!15; LUK 1:44!20; LUK 1:59!4; LUK 1:59!6; LUK 1:65!12; LUK 1:66!7; LUK 1:8!8; LUK 20:19!15; LUK 20:20!16; LUK 20:20!19; LUK 20:26!13; LUK 20:33!5; LUK 21:19!2; LUK 21:21!4; LUK 21:26!9; LUK 22:16!13; LUK 22:30!10; LUK 23:12!12; LUK 23:19!14; LUK 23:19!8; LUK 23:51!5; LUK 23:51!8; LUK 24:1!1; LUK 24:13!8; LUK 24:25!10; LUK 24:32!17; LUK 24:33!4; LUK 24:35!13; LUK 24:35!6; LUK 24:38!13; LUK 24:46!14; LUK 24:49!16; LUK 24:6!13; LUK 24:7!16; LUK 2:16!17; LUK 2:19!11; LUK 2:21!25; LUK 2:38!3; LUK 2:41!10; LUK 2:44!6; LUK 2:47!8; LUK 2:5!4; LUK 2:51!23; LUK 2:8!5; LUK 2:8!7; LUK 3:17!5; LUK 3:2!15; LUK 3:4!12; LUK 4:1!16; LUK 4:14!6; LUK 4:16!15; LUK 4:20!14; LUK 4:23!24; LUK 4:24!12; LUK 4:28!6; LUK 4:32!4; LUK 4:33!3; LUK 5:29!8; LUK 5:9!11; LUK 6:12!17; LUK 6:23!4; LUK 6:48!22; LUK 7:12!14; LUK 7:12!4; LUK 7:15!11; LUK 7:17!14; LUK 7:17!8; LUK 7:21!3; LUK 7:28!14; LUK 7:37!15; LUK 7:37!7; LUK 8:15!4; LUK 9:22!22; LUK 9:26!19; LUK 9:37!3; LUK 9:43!5; LUK 9:57!5; LUK 9:62!18
τῇδε	92.32	1	LUK 10:39!2
τῶν	92.24	130	LUK 10:36!3; LUK 11:1!15; LUK 11:15!10; LUK 11:26!22; LUK 11:31!19; LUK 11:31!8; LUK 11:45!4; LUK 11:46!18; LUK 11:47!7; LUK 11:48!8; LUK 11:50!6; LUK 12:1!26; LUK 12:1!4; LUK 12:15!22; LUK 12:24!24; LUK 12:26!8; LUK 12:3!23; LUK 12:36!12; LUK 12:4!10; LUK 12:46!26; LUK 12:8!11; LUK 12:8!22; LUK 12:9!10; LUK 12:9!6; LUK 13:1!11; LUK 13:1!19; LUK 13:10!6; LUK 13:28!8; LUK 14:1!10; LUK 14:1!12; LUK 14:10!27; LUK 14:14!15; LUK 14:15!4; LUK 14:24!6; LUK 14:24!9; LUK 15:10!7; LUK 15:15!5; LUK 15:16!8; LUK 15:19!11; LUK 15:26!4; LUK 15:29!25; LUK 16:15!10; LUK 16:21!5; LUK 16:22!10; LUK 16:31!7; LUK 16:5!5; LUK 17:2!19; LUK 17:20!4; LUK 17:22!11; LUK 18:11!18; LUK 18:16!17; LUK 18:31!18; LUK 18:7!12; LUK 18:7!9; LUK 19:29!17; LUK 19:37!10; LUK 19:37!16; LUK 19:39!3; LUK 19:8!12; LUK 1:1!7; LUK 1:16!3; LUK 1:5!20; LUK 1:70!5; LUK 1:71!9; LUK 1:72!4; LUK 20:1!5; LUK 20:27!4; LUK 20:39!4; LUK 20:43!8; LUK 20:46!3; LUK 20:46!5; LUK 20:47!5; LUK 21:26!14; LUK 21:26!7; LUK 22:1!5; LUK 22:11!19; LUK 22:25!7; LUK 22:3!13; LUK 22:39!10; LUK 22:47!11; LUK 22:7!5; LUK 23:3!11; LUK 23:37!8; LUK 23:38!9; LUK 23:39!3; LUK 23:51!14; LUK 24:1!4; LUK 24:14!8; LUK 24:24!4; LUK 24:27!8; LUK 24:5!20; LUK 24:8!3; LUK 2:18!10; LUK 2:18!7; LUK 2:31!6; LUK 2:46!14; LUK 3:16!23; LUK 3:8!25; LUK 3:9!9; LUK 4:16!17; LUK 5:12!9; LUK 5:15!16; LUK 5:17!5; LUK 5:19!15; LUK 5:3!5; LUK 5:30!17; LUK 5:33!17; LUK 5:9!13; LUK 6:18!8; LUK 6:2!3; LUK 6:28!7; LUK 6:47!9; LUK 7:18!14; LUK 7:24!3; LUK 7:3!10; LUK 7:35!7; LUK 7:36!5; LUK 8:22!5; LUK 8:26!6; LUK 8:3!16; LUK 8:37!9; LUK 8:4!6; LUK 8:7!6; LUK 9:19!16; LUK 9:22!13; LUK 9:26!26; LUK 9:27!7; LUK 9:40!3; LUK 9:5!15; LUK 9:8!12
τῷ	92.24	176	LUK 10:17!16; LUK 10:21!6; LUK 10:21!8; LUK 10:26!7; LUK 10:35!22; LUK 10:35!9; LUK 10:38!3; LUK 10:5!10; LUK 11:1!4; LUK 11:10!11; LUK 11:15!8; LUK 11:27!4; LUK 11:37!3; LUK 12:10!13; LUK 12:13!10; LUK 12:15!14; LUK 12:22!18; LUK 12:3!9; LUK 12:58!29; LUK 13:1!6; LUK 13:14!13; LUK 13:14!7; LUK 13:15!11; LUK 13:4!11; LUK 13:6!11; LUK 14:1!4; LUK 14:12!4; LUK 14:21!15; LUK 14:21!6; LUK 14:3!13; LUK 14:31!21; LUK 15:12!6; LUK 15:29!5; LUK 15:7!7; LUK 16:11!4; LUK 16:12!4; LUK 16:23!3; LUK 16:5!11; LUK 16:5!15; LUK 17:11!4; LUK 17:14!13; LUK 17:18!6; LUK 17:5!5; LUK 17:9!4; LUK 18:13!25; LUK 18:27!10; LUK 18:30!12; LUK 18:30!14; LUK 18:30!7; LUK 18:31!20; LUK 18:35!4; LUK 18:43!17; LUK 19:15!4; LUK 19:24!12; LUK 19:26!5; LUK 19:47!8; LUK 19:5!19; LUK 19:9!10; LUK 1:21!11; LUK 1:21!14; LUK 1:22!13; LUK 1:26!3; LUK 1:26!5; LUK 1:29!4; LUK 1:30!13; LUK 1:47!7; LUK 1:47!9; LUK 1:55!10; LUK 1:55!7; LUK 1:59!16; LUK 1:61!14; LUK 1:62!3; LUK 1:68!12; LUK 1:77!5; LUK 1:8!4; LUK 20:1!12; LUK 20:25!15; LUK 20:28!26; LUK 20:42!10; LUK 21:23!22; LUK 21:37!6; LUK 21:38!9; LUK 21:8!11; LUK 22:11!3; LUK 22:20!16; LUK 22:22!13; LUK 22:47!17; LUK 22:53!8; LUK 22:61!6; LUK 23:11!18; LUK 23:14!22; LUK 23:25!17; LUK 23:31!10; LUK 23:4!15; LUK 23:40!15; LUK 23:43!12; LUK 23:52!3; LUK 24:15!4; LUK 24:30!4; LUK 24:4!4; LUK 24:44!24; LUK 24:47!4; LUK 24:51!4; LUK 24:53!6; LUK 2:10!17; LUK 2:13!5; LUK 2:22!18; LUK 2:23!12; LUK 2:24!9; LUK 2:27!11; LUK 2:27!4; LUK 2:34!21; LUK 2:38!7; LUK 2:43!6; LUK 2:46!9; LUK 2:6!4; LUK 2:7!22; LUK 3:11!10; LUK 3:21!4; LUK 3:8!30; LUK 4:1!13; LUK 4:20!6; LUK 4:25!14; LUK 4:27!6; LUK 4:3!12; LUK 4:39!6; LUK 5:1!4; LUK 5:10!12; LUK 5:12!4; LUK 5:14!11; LUK 5:19!20; LUK 5:24!17; LUK 5:36!26; LUK 5:5!14; LUK 5:7!6; LUK 6:11!12; LUK 6:23!15; LUK 6:29!1; LUK 6:41!18; LUK 6:41!8; LUK 6:42!14; LUK 6:42!20; LUK 6:42!4; LUK 6:42!42; LUK 6:7!10; LUK 6:8!11; LUK 6:8!9; LUK 6:9!11; LUK 7:11!4; LUK 7:38!30; LUK 7:44!6; LUK 7:8!25; LUK 7:9!10; LUK 7:9!19; LUK 8:1!4; LUK 8:24!13; LUK 8:24!16; LUK 8:25!24; LUK 8:29!3; LUK 8:29!5; LUK 8:32!9; LUK 8:40!3; LUK 8:42!14; LUK 8:5!11; LUK 9:16!23; LUK 9:18!4; LUK 9:29!4; LUK 9:33!4; LUK 9:34!13; LUK 9:36!3; LUK 9:42!15; LUK 9:42!17; LUK 9:42!26; LUK 9:48!11; LUK 9:49!9; LUK 9:51!4
υἱοί	9.4	1	LUK 20:36!10
υἱούς	10.42	1	LUK 15:11!7
υἱοὶ	11.16	2	LUK 16:8!14; LUK 20:34!7
υἱοὶ	36.39	1	LUK 11:19!10
υἱοὶ	58.26	1	LUK 16:8!14
υἱοὶ	9.4	3	LUK 16:8!14; LUK 20:36!15; LUK 6:35!20
υἱοὺς	10.42	1	LUK 5:10!7
υἱοὺς	11.14	1	LUK 16:8!21
υἱοὺς	11.7	1	LUK 5:34!9
υἱοῦ	9.3	4	LUK 17:22!14; LUK 17:26!15; LUK 21:36!19; LUK 6:22!23
υἱόν	10.30	1	LUK 20:41!11
υἱόν	10.42	6	LUK 1:13!21; LUK 1:31!8; LUK 1:57!12; LUK 20:13!11; LUK 9:38!15; LUK 9:41!22
υἱός	10.30	1	LUK 20:44!9
υἱός	10.42	6	LUK 15:19!5; LUK 15:21!18; LUK 15:24!4; LUK 15:30!4; LUK 3:23!10; LUK 4:22!21
υἱός	12.15	2	LUK 3:22!21; LUK 9:35!11
υἱὲ	10.30	1	LUK 18:38!5
υἱὲ	12.15	1	LUK 8:28!17
υἱὸν	10.42	3	LUK 1:36!10; LUK 2:7!4; LUK 3:2!13
υἱὸν	9.3	5	LUK 12:10!8; LUK 21:27!5; LUK 22:48!8; LUK 24:7!3; LUK 9:22!5
υἱὸς	10.30	1	LUK 19:9!17
υἱὸς	10.42	7	LUK 11:11!9; LUK 12:53!6; LUK 14:5!7; LUK 15:13!10; LUK 15:21!4; LUK 15:25!4; LUK 7:12!13
υἱὸς	12.15	9	LUK 10:22!14; LUK 10:22!27; LUK 10:22!33; LUK 1:32!5; LUK 1:35!23; LUK 22:70!8; LUK 4:3!7; LUK 4:41!14; LUK 4:9!17
υἱὸς	9.3	15	LUK 11:30!12; LUK 12:40!11; LUK 12:8!15; LUK 17:24!19; LUK 17:30!8; LUK 18:8!12; LUK 19:10!4; LUK 22:22!3; LUK 22:69!7; LUK 5:24!6; LUK 6:5!9; LUK 7:34!3; LUK 9:26!12; LUK 9:44!12; LUK 9:58!18
υἱὸς	9.4	1	LUK 10:6!5
υἱῶν	11.58	1	LUK 1:16!4
υἱῷ	10.42	1	LUK 12:53!4
υἱῷ	9.3	1	LUK 18:31!21
φάγε	23.1	1	LUK 12:19!15
φάγεσαι	23.1	1	LUK 17:8!19
φάγεται	23.1	1	LUK 14:15!11
φάγητε	23.1	2	LUK 12:22!16; LUK 12:29!6
φάγος	23.19	1	LUK 7:34!13
φάγω	23.1	3	LUK 17:8!13; LUK 22:11!22; LUK 22:16!7
φάγωμεν	23.1	1	LUK 22:8!13
φάγῃ	23.1	1	LUK 7:36!8
φάραγξ	1.51	1	LUK 3:5!2
φάτνης	7.64	1	LUK 13:15!23
φάτνῃ	6.137	3	LUK 2:12!12; LUK 2:16!18; LUK 2:7!15
φέγγος	14.36	1	LUK 11:33!19
φέρειν	15.187	1	LUK 23:26!16
φέρετε	15.166	1	LUK 15:23!2
φέροντες	15.187	1	LUK 5:18!4
φέρουσαι	15.187	1	LUK 24:1!12
φήμη	33.211	1	LUK 4:14!14
φίλας	34.12	1	LUK 15:9!5
φίλημά	34.62	1	LUK 7:45!1
φίλοι	34.11	1	LUK 23:12!3
φίλοις	34.11	1	LUK 12:4!5
φίλον	34.11	2	LUK 11:5!9; LUK 11:8!12
φίλος	34.11	2	LUK 11:6!2; LUK 7:34!16
φίλους	34.11	4	LUK 14:12!15; LUK 15:6!8; LUK 16:9!7; LUK 7:6!17
φίλων	34.11	2	LUK 15:29!26; LUK 21:16!11
φαγεῖν	23.1	5	LUK 14:1!15; LUK 22:15!10; LUK 6:4!23; LUK 8:55!13; LUK 9:13!8
φαγόντες	23.1	1	LUK 15:23!9
φανερὸν	28.28	2	LUK 8:17!17; LUK 8:17!7
φευγέτωσαν	15.61	1	LUK 21:21!6
φησίν	33.69	1	LUK 7:40!17
φιλάργυροι	25.108	1	LUK 16:14!7
φιλήματι	34.62	1	LUK 22:48!6
φιλονεικία	33.449	1	LUK 22:24!4
φιλούντων	25.103	1	LUK 20:46!11
φιλῆσαι	34.62	1	LUK 22:47!19
φλογὶ	2.4	1	LUK 16:24!29
φοβήθητε	25.252	2	LUK 12:5!21; LUK 12:5!6
φοβεῖσθε	25.252	2	LUK 12:7!11; LUK 2:10!7
φοβηθέντες	25.252	1	LUK 8:25!8
φοβηθῆτε	25.252	2	LUK 12:4!8; LUK 12:5!5
φοβουμένοις	53.58	1	LUK 1:50!10
φοβούμενος	87.14	1	LUK 18:2!11
φοβοῦ	25.252	5	LUK 12:32!2; LUK 1:13!8; LUK 1:30!7; LUK 5:10!22; LUK 8:50!8
φοβοῦμαι	87.14	1	LUK 18:4!17
φοβῇ	87.14	1	LUK 23:40!9
φονεύσῃς	20.82	1	LUK 18:20!7
φορτία	15.208	1	LUK 11:46!13
φορτίζετε	15.207	1	LUK 11:46!10
φορτίοις	15.208	1	LUK 11:46!24
φρέαρ	7.57	1	LUK 14:5!11
φραγμοὺς	1.105	1	LUK 14:23!13
φρονήσει	26.15	1	LUK 1:17!19
φρονίμως	32.31	1	LUK 16:8!10
φρονιμώτεροι	32.31	1	LUK 16:8!18
φρόνιμος	32.31	1	LUK 12:42!12
φυγεῖν	21.14	1	LUK 3:7!14
φυλάσσεσθε	13.154	1	LUK 12:15!7
φυλάσσεσθε	37.120	1	LUK 12:15!7
φυλάσσοντες	36.19	1	LUK 11:28!13
φυλάσσοντες	37.119	1	LUK 2:8!11
φυλάσσῃ	37.120	1	LUK 11:21!5
φυλακάς	7.24	1	LUK 21:12!18
φυλακήν	7.24	1	LUK 12:58!37
φυλακὰς	37.119	1	LUK 2:8!12
φυλακὰς	67.196	1	LUK 2:8!12
φυλακὴν	7.24	2	LUK 22:33!12; LUK 23:25!10
φυλακῇ	67.196	1	LUK 12:38!9
φυλακῇ	7.24	2	LUK 23:19!15; LUK 3:20!11
φυλασσόμενος	37.120	1	LUK 8:29!21
φυλὰς	10.2	1	LUK 22:30!19
φυλῆς	10.2	1	LUK 2:36!8
φυτεύθητι	43.5	1	LUK 17:6!18
φυὲν	23.191	2	LUK 8:6!8; LUK 8:8!10
φωλεοὺς	1.56	1	LUK 9:58!8
φωνήσας	33.307	1	LUK 16:2!2
φωνήσας	33.77	2	LUK 16:24!3; LUK 23:46!2
φωνήσει	14.76	1	LUK 22:34!8
φωναὶ	33.80	1	LUK 23:23!12
φωναῖς	33.80	1	LUK 23:23!4
φωνηθῆναι	33.307	1	LUK 19:15!12
φωνὴ	14.74	1	LUK 1:44!6
φωνὴ	33.103	1	LUK 9:35!2
φωνὴν	33.103	3	LUK 11:27!10; LUK 3:22!14; LUK 9:36!6
φωνὴν	33.80	1	LUK 17:13!4
φωνῆς	33.80	1	LUK 17:15!10
φωνῆσαι	14.76	1	LUK 22:61!22
φωνῇ	33.80	4	LUK 19:37!22; LUK 23:46!3; LUK 4:33!13; LUK 8:28!9
φωτίζῃ	14.39	1	LUK 11:36!22
φωτεινόν	14.51	2	LUK 11:34!20; LUK 11:36!7
φωτεινὸν	14.51	1	LUK 11:36!14
φωτὶ	28.64	1	LUK 12:3!10
φωτὸς	11.14	1	LUK 16:8!23
φόβητρά	25.258	1	LUK 21:11!11
φόβον	25.251	1	LUK 2:9!13
φόβος	25.251	3	LUK 1:12!6; LUK 1:65!5; LUK 7:16!3
φόβου	25.251	2	LUK 21:26!4; LUK 5:26!11
φόβῳ	25.251	1	LUK 8:37!15
φόνον	20.82	2	LUK 23:19!11; LUK 23:25!7
φόρον	57.182	1	LUK 20:22!4
φόρους	57.182	1	LUK 23:2!14
φώνει	33.315	1	LUK 14:12!13
φῶς	14.36	4	LUK 11:35!5; LUK 22:56!9; LUK 2:32!1; LUK 8:16!21
χάρακά	7.60	1	LUK 19:43!11
χάρητε	25.125	1	LUK 6:23!1
χάριν	25.89	1	LUK 1:30!11
χάριν	33.350	1	LUK 17:9!3
χάριν	88.66	1	LUK 1:30!11
χάριν	89.29	1	LUK 7:47!2
χάρις	25.89	3	LUK 6:32!9; LUK 6:33!9; LUK 6:34!10
χάρις	88.66	1	LUK 2:40!10
χάριτι	25.89	1	LUK 2:52!8
χάριτος	88.66	1	LUK 4:22!11
χάσμα	1.54	1	LUK 16:26!9
χήρα	10.61	4	LUK 18:3!1; LUK 21:3!8; LUK 2:37!3; LUK 7:12!20
χήραν	10.61	3	LUK 18:5!8; LUK 21:2!4; LUK 4:26!15
χαίρετε	25.125	2	LUK 10:20!11; LUK 10:20!5
χαίροντες	25.125	1	LUK 19:37!18
χαίρων	25.125	2	LUK 15:5!8; LUK 19:6!7
χαλάσατε	15.111	1	LUK 5:4!14
χαλάσω	15.111	1	LUK 5:5!17
χαρά	25.123	1	LUK 1:14!3
χαρήσονται	25.125	1	LUK 1:14!13
χαρὰ	25.123	2	LUK 15:10!5; LUK 15:7!5
χαρὰν	25.124	1	LUK 2:10!12
χαρᾶς	25.123	4	LUK 10:17!7; LUK 24:41!7; LUK 24:52!9; LUK 8:13!10
χαρῆναι	25.125	1	LUK 15:32!4
χείρονα	65.29	1	LUK 11:26!21
χειρὶ	8.30	1	LUK 3:17!6
χειρὸς	76.3	2	LUK 1:71!7; LUK 1:74!3
χειρὸς	8.30	1	LUK 8:54!5
χειρῶν	8.30	1	LUK 4:11!4
χερσίν	8.30	1	LUK 6:1!20
χεὶρ	76.3	1	LUK 1:66!19
χεὶρ	8.30	3	LUK 22:21!4; LUK 6:10!17; LUK 6:6!19
χεῖρά	8.30	1	LUK 6:10!9
χεῖράς	37.14	1	LUK 23:46!10
χεῖράς	8.30	1	LUK 24:39!3
χεῖρα	68.6	1	LUK 9:62!8
χεῖρα	8.30	3	LUK 15:22!22; LUK 5:13!4; LUK 6:8!15
χεῖρας	37.110	3	LUK 20:19!12; LUK 21:12!9; LUK 22:53!13
χεῖρας	37.12	2	LUK 24:7!10; LUK 9:44!18
χεῖρας	8.30	4	LUK 13:13!5; LUK 24:40!7; LUK 24:50!10; LUK 4:40!21
χηρῶν	10.61	1	LUK 20:47!6
χιλιάδων	60.80	1	LUK 14:31!24
χιλιάσιν	60.80	1	LUK 14:31!19
χιτῶνα	6.176	1	LUK 6:29!20
χιτῶνας	6.176	2	LUK 3:11!8; LUK 9:3!21
χοίρους	4.36	2	LUK 15:15!18; LUK 8:33!11
χοίρων	4.36	1	LUK 8:32!5
χορτασθήσεσθε	25.82	1	LUK 6:21!6
χορτασθῆναι	23.15	1	LUK 16:21!3
χορῶν	15.244	1	LUK 15:25!19
χοῖροι	4.36	1	LUK 15:16!13
χρήματα	57.31	1	LUK 18:24!11
χρεία	57.40	1	LUK 10:42!4
χρείαν	57.40	6	LUK 15:7!21; LUK 19:31!15; LUK 19:34!8; LUK 22:71!8; LUK 5:31!9; LUK 9:11!19
χρεοφειλέται	57.222	1	LUK 7:41!2
χρεοφειλετῶν	57.222	1	LUK 16:5!6
χρηστός	65.25	1	LUK 5:39!11
χρηστός	88.68	1	LUK 6:35!24
χριστός	53.82	3	LUK 22:67!6; LUK 23:39!13; LUK 3:15!19
χριστὸν	53.82	7	LUK 20:41!8; LUK 23:2!20; LUK 24:26!6; LUK 24:46!9; LUK 2:26!18; LUK 4:41!26; LUK 9:20!15
χριστὸς	53.82	2	LUK 23:35!20; LUK 2:11!8
χρονίζειν	67.82	1	LUK 1:21!12
χρόνοις	67.78	1	LUK 8:29!13
χρόνον	67.78	1	LUK 18:4!5
χρόνος	67.78	1	LUK 1:57!6
χρόνου	67.78	1	LUK 4:5!13
χρόνους	67.78	1	LUK 20:9!19
χρόνων	67.78	1	LUK 23:8!13
χρόνῳ	67.78	1	LUK 8:27!16
χρῄζει	57.39	1	LUK 11:8!23
χρῄζετε	57.39	1	LUK 12:30!15
χρῆσόν	57.214	1	LUK 11:5!19
χωλούς	23.175	1	LUK 14:13!8
χωλοὶ	23.175	1	LUK 7:22!14
χωλοὺς	23.175	1	LUK 14:21!35
χωρὶς	89.120	1	LUK 6:49!15
χόρτον	3.15	1	LUK 12:28!6
χώρα	1.95	1	LUK 12:16!12
χώραις	1.87	1	LUK 21:21!20
χώραν	1.79	4	LUK 15:13!13; LUK 15:14!10; LUK 19:12!8; LUK 8:26!5
χώρας	1.79	2	LUK 15:15!8; LUK 3:1!29
χώρᾳ	1.79	1	LUK 2:8!6
χῆραι	10.61	1	LUK 4:25!7
ψαλμοῖς	33.112	1	LUK 24:44!30
ψαλμῶν	33.112	1	LUK 20:42!7
ψευδομαρτυρήσῃς	33.271	1	LUK 18:20!11
ψευδοπροφήταις	53.81	1	LUK 6:26!15
ψηλαφήσατέ	24.76	1	LUK 24:39!13
ψηφίζει	60.4	1	LUK 14:28!11
ψυχή	26.4	1	LUK 1:46!6
ψυχήν	23.88	1	LUK 12:20!11
ψυχὰς	21.20	1	LUK 21:19!7
ψυχὴ	23.88	1	LUK 12:23!3
ψυχὴν	21.24	1	LUK 17:33!5
ψυχὴν	23.88	3	LUK 14:26!31; LUK 9:24!16; LUK 9:24!6
ψυχὴν	25.279	1	LUK 2:35!6
ψυχὴν	9.20	1	LUK 6:9!16
ψυχῇ	23.88	1	LUK 12:22!14
ψυχῇ	26.4	2	LUK 10:27!19; LUK 12:19!4
ψώχοντες	19.50	1	LUK 6:1!18
ἀγάγετε	15.165	2	LUK 19:27!13; LUK 19:30!22
ἀγάπην	25.43	1	LUK 11:42!22
ἀγέλη	4.8	2	LUK 8:32!4; LUK 8:33!15
ἀγαθά	57.33	1	LUK 12:18!20
ἀγαθά	65.20	1	LUK 16:25!9
ἀγαθέ	88.1	1	LUK 18:18!8
ἀγαθήν	65.20	1	LUK 8:8!8
ἀγαθοποιεῖτε	88.3	1	LUK 6:35!7
ἀγαθοποιοῦντας	88.3	1	LUK 6:33!5
ἀγαθοποιῆσαι	88.3	1	LUK 6:9!13
ἀγαθοποιῆτε	88.3	1	LUK 6:33!3
ἀγαθοῦ	88.1	1	LUK 6:45!6
ἀγαθόν	88.1	2	LUK 18:19!9; LUK 6:45!13
ἀγαθὰ	57.33	1	LUK 12:19!9
ἀγαθὰ	65.20	1	LUK 11:13!8
ἀγαθὲ	65.20	1	LUK 19:17!5
ἀγαθὴν	88.1	1	LUK 10:42!10
ἀγαθὸς	65.20	1	LUK 23:50!9
ἀγαθὸς	88.1	2	LUK 18:19!11; LUK 6:45!2
ἀγαθῇ	88.1	1	LUK 8:15!14
ἀγαθῶν	65.20	1	LUK 1:53!3
ἀγαλλίασις	25.132	1	LUK 1:14!6
ἀγαλλιάσει	25.132	1	LUK 1:44!16
ἀγανακτῶν	88.187	1	LUK 13:14!5
ἀγαπήσει	25.43	2	LUK 16:13!15; LUK 7:42!11
ἀγαπητόν	25.45	1	LUK 20:13!14
ἀγαπητόν	58.53	1	LUK 20:13!14
ἀγαπητός	58.53	1	LUK 3:22!24
ἀγαπᾶτε	25.104	1	LUK 11:43!6
ἀγαπᾶτε	25.43	3	LUK 6:27!6; LUK 6:32!3; LUK 6:35!2
ἀγαπᾷ	25.43	2	LUK 7:47!19; LUK 7:5!1
ἀγαπῶντας	25.43	2	LUK 6:32!16; LUK 6:32!5
ἀγαπῶσιν	25.43	1	LUK 6:32!18
ἀγγέλοις	12.28	1	LUK 4:10!5
ἀγγέλου	12.28	1	LUK 2:21!19
ἀγγέλους	33.195	1	LUK 9:52!3
ἀγγέλων	12.28	6	LUK 12:8!23; LUK 12:9!11; LUK 15:10!8; LUK 16:22!11; LUK 24:23!11; LUK 9:26!28
ἀγγέλων	33.195	1	LUK 7:24!4
ἀγγέλῳ	12.28	1	LUK 2:13!6
ἀγκάλας	8.28	1	LUK 2:28!7
ἀγοράσωμεν	57.188	1	LUK 9:13!26
ἀγορασάτω	57.188	1	LUK 22:36!22
ἀγοραῖς	57.207	2	LUK 11:43!17; LUK 20:46!15
ἀγορᾷ	57.207	1	LUK 7:32!6
ἀγραυλοῦντες	85.64	1	LUK 2:8!9
ἀγρούς	1.93	1	LUK 8:34!16
ἀγροὺς	1.93	1	LUK 9:12!22
ἀγροὺς	1.95	1	LUK 15:15!15
ἀγροῦ	1.87	1	LUK 23:26!11
ἀγροῦ	1.95	1	LUK 17:7!14
ἀγρυπνεῖτε	27.57	1	LUK 21:36!1
ἀγρῷ	1.95	3	LUK 12:28!4; LUK 15:25!9; LUK 17:31!24
ἀγωνίᾳ	25.283	1	LUK 22:44!4
ἀδίκῳ	88.20	1	LUK 16:11!5
ἀδελφάς	10.50	1	LUK 14:26!26
ἀδελφή	10.50	1	LUK 10:40!17
ἀδελφοί	10.49	1	LUK 8:20!9
ἀδελφοί	11.23	1	LUK 8:21!10
ἀδελφούς	10.49	2	LUK 14:12!19; LUK 16:28!4
ἀδελφούς	11.23	1	LUK 22:32!18
ἀδελφοὶ	10.49	2	LUK 20:29!3; LUK 8:19!9
ἀδελφοὺς	10.49	2	LUK 14:26!23; LUK 18:29!17
ἀδελφοῦ	10.49	2	LUK 3:1!22; LUK 3:19!14
ἀδελφοῦ	11.89	2	LUK 6:41!11; LUK 6:42!45
ἀδελφός	10.49	2	LUK 15:27!7; LUK 15:32!8
ἀδελφός	11.89	1	LUK 17:3!6
ἀδελφὴ	10.50	1	LUK 10:39!4
ἀδελφὸν	10.49	1	LUK 6:14!9
ἀδελφὸς	10.49	2	LUK 20:28!19; LUK 20:28!8
ἀδελφῶν	10.49	1	LUK 21:16!7
ἀδελφῷ	10.49	2	LUK 12:13!11; LUK 20:28!27
ἀδελφῷ	11.89	1	LUK 6:42!5
ἀδικήσῃ	20.25	1	LUK 10:19!24
ἀδικίας	88.21	4	LUK 13:27!14; LUK 16:8!8; LUK 16:9!12; LUK 18:6!10
ἀδυνατήσει	71.3	1	LUK 1:37!3
ἀδύνατα	71.3	1	LUK 18:27!5
ἀετοὶ	4.42	1	LUK 17:37!17
ἀζύμων	5.13	2	LUK 22:1!6; LUK 22:7!6
ἀθετεῖ	31.100	2	LUK 10:16!11; LUK 10:16!16
ἀθετῶν	31.100	2	LUK 10:16!15; LUK 10:16!8
ἀκάθαρτον	53.39	1	LUK 11:24!3
ἀκάνθας	3.17	1	LUK 8:14!5
ἀκαθάρτοις	53.39	1	LUK 4:36!22
ἀκαθάρτου	53.39	1	LUK 4:33!10
ἀκαθάρτων	53.39	1	LUK 6:18!16
ἀκαθάρτῳ	53.39	2	LUK 8:29!6; LUK 9:42!18
ἀκανθῶν	3.17	2	LUK 6:44!12; LUK 8:7!7
ἀκαταστασίας	39.34	1	LUK 21:9!6
ἀκαταστασίας	39.36	1	LUK 21:9!6
ἀκολουθήσατε	15.144	1	LUK 22:10!17
ἀκολουθείτω	36.31	1	LUK 9:23!21
ἀκολουθεῖ	15.156	1	LUK 9:49!19
ἀκολουθοῦντι	15.156	1	LUK 7:9!11
ἀκολούθει	36.31	1	LUK 18:22!25
ἀκουέτω	31.56	2	LUK 14:35!16; LUK 8:8!21
ἀκουσάτωσαν	36.14	1	LUK 16:29!9
ἀκουσθήσεται	24.52	1	LUK 12:3!11
ἀκούει	31.56	1	LUK 10:16!5
ἀκούειν	24.52	4	LUK 15:1!11; LUK 21:38!11; LUK 5:1!10; LUK 5:15!12
ἀκούειν	24.58	2	LUK 14:35!15; LUK 8:8!20
ἀκούειν	33.212	1	LUK 23:8!19
ἀκούετε	24.52	1	LUK 10:24!20
ἀκούετε	31.56	1	LUK 8:18!4
ἀκούετε	36.14	1	LUK 9:35!16
ἀκούοντα	24.52	1	LUK 2:46!17
ἀκούοντες	24.52	3	LUK 2:47!5; LUK 4:28!8; LUK 8:10!23
ἀκούοντες	36.14	2	LUK 11:28!7; LUK 8:21!19
ἀκούουσιν	24.52	1	LUK 6:27!5
ἀκούουσιν	24.58	1	LUK 7:22!19
ἀκούουσιν	36.14	1	LUK 16:31!10
ἀκούσαντες	24.52	5	LUK 18:26!4; LUK 20:16!12; LUK 8:12!8; LUK 8:14!10; LUK 8:15!15
ἀκούσαντες	33.212	2	LUK 1:66!5; LUK 2:18!4
ἀκούσας	24.52	6	LUK 18:22!1; LUK 18:23!3; LUK 18:36!1; LUK 23:6!3; LUK 7:9!1; LUK 8:50!4
ἀκούσας	31.56	1	LUK 7:29!5
ἀκούσας	33.212	2	LUK 6:49!3; LUK 7:3!1
ἀκούσητε	33.212	1	LUK 21:9!3
ἀκούσωσιν	24.52	1	LUK 8:13!8
ἀκούω	33.212	2	LUK 16:2!8; LUK 9:9!14
ἀκούων	24.52	1	LUK 19:48!13
ἀκούων	31.56	2	LUK 10:16!2; LUK 6:47!7
ἀκοὰς	24.52	1	LUK 7:1!9
ἀκοῦσαι	24.52	3	LUK 10:24!18; LUK 11:31!23; LUK 6:18!3
ἀκριβῶς	72.19	1	LUK 1:3!6
ἀλάβαστρον	6.131	1	LUK 7:37!20
ἀλέκτορα	4.45	1	LUK 22:61!21
ἀλέκτωρ	4.45	2	LUK 22:34!10; LUK 22:60!16
ἀλήθουσαι	46.16	1	LUK 17:35!3
ἀλεύρου	5.9	1	LUK 13:21!9
ἀληθείας	70.4	3	LUK 20:21!18; LUK 22:59!11; LUK 4:25!2
ἀληθινὸν	72.1	1	LUK 16:11!11
ἀληθῶς	70.3	2	LUK 12:44!1; LUK 9:27!4
ἀλλ	89.125	16	LUK 11:33!11; LUK 12:51!12; LUK 13:3!4; LUK 13:5!4; LUK 14:10!1; LUK 14:13!1; LUK 16:30!7; LUK 17:8!1; LUK 18:13!15; LUK 20:21!16; LUK 21:9!14; LUK 22:26!5; LUK 22:53!16; LUK 23:15!1; LUK 8:16!12; LUK 8:27!26
ἀλλά	89.125	1	LUK 24:21!12
ἀλλήλοις	92.26	1	LUK 7:32!10
ἀλλήλους	92.26	9	LUK 12:1!10; LUK 20:14!8; LUK 24:14!5; LUK 24:17!12; LUK 24:32!4; LUK 2:15!16; LUK 4:36!9; LUK 6:11!8; LUK 8:25!13
ἀλλήλων	92.26	1	LUK 23:12!15
ἀλλογενὴς	11.76	1	LUK 17:18!11
ἀλλοτρίῳ	92.20	1	LUK 16:12!5
ἀλλὰ	89.125	15	LUK 12:7!1; LUK 16:21!12; LUK 1:60!8; LUK 20:38!6; LUK 22:42!16; LUK 24:22!1; LUK 24:6!4; LUK 5:14!7; LUK 5:31!14; LUK 5:32!5; LUK 5:38!1; LUK 7:25!1; LUK 7:26!1; LUK 7:7!8; LUK 8:52!15
ἀλώπεκες	4.10	1	LUK 9:58!7
ἀλώπεκι	88.120	1	LUK 13:32!7
ἀμπέλου	3.27	1	LUK 22:18!14
ἀμπελουργόν	43.21	1	LUK 13:7!5
ἀμπελῶνα	3.28	2	LUK 20:16!10; LUK 20:9!12
ἀμπελῶνι	3.28	1	LUK 13:6!12
ἀμπελῶνος	3.28	4	LUK 20:10!13; LUK 20:13!6; LUK 20:15!15; LUK 20:15!6
ἀμφιέζει	49.3	1	LUK 12:28!17
ἀμφιέζει	49.5	1	LUK 12:28!17
ἀμφοτέροις	59.25	1	LUK 7:42!5
ἀμφότερα	59.25	1	LUK 5:7!17
ἀμφότεροι	59.25	3	LUK 1:6!4; LUK 1:7!12; LUK 6:39!12
ἀμὴν	72.6	3	LUK 12:37!11; LUK 18:17!1; LUK 21:32!1
ἀνάβλεψιν	24.42	1	LUK 4:18!18
ἀνάγαιον	7.27	1	LUK 22:12!4
ἀνάγκασον	37.33	1	LUK 14:23!15
ἀνάγκη	22.1	1	LUK 21:23!15
ἀνάγκην	71.30	1	LUK 14:18!15
ἀνάμνησιν	29.11	1	LUK 22:19!24
ἀνάπαυσιν	23.87	1	LUK 11:24!14
ἀνάπεσε	17.23	2	LUK 14:10!5; LUK 17:7!19
ἀνάστασιν	13.60	1	LUK 2:34!18
ἀνάστασιν	23.93	1	LUK 20:27!8
ἀνάστασιν	87.39	1	LUK 2:34!18
ἀνέβη	15.101	2	LUK 19:4!6; LUK 9:28!17
ἀνέβησαν	15.101	1	LUK 18:10!3
ἀνέβλεψεν	24.42	1	LUK 18:43!3
ἀνέγνωτε	33.68	1	LUK 6:3!10
ἀνέδειξεν	37.96	1	LUK 10:1!4
ἀνέζησεν	23.93	1	LUK 15:24!9
ἀνέκλειπτον	13.99	1	LUK 12:33!14
ἀνέκλινεν	17.28	1	LUK 2:7!12
ἀνέκραξεν	33.83	1	LUK 4:33!12
ἀνέλωσιν	20.71	1	LUK 22:2!10
ἀνέμοις	14.4	1	LUK 8:25!21
ἀνέμου	14.4	2	LUK 7:24!21; LUK 8:23!8
ἀνέμῳ	14.4	1	LUK 8:24!14
ἀνέξομαι	25.171	1	LUK 9:41!17
ἀνέπεμψεν	15.70	2	LUK 23:11!16; LUK 23:15!4
ἀνέπεμψεν	15.71	1	LUK 23:7!9
ἀνέπεσεν	17.23	2	LUK 11:37!14; LUK 22:14!6
ἀνέστη	17.6	3	LUK 10:25!5; LUK 4:16!23; LUK 8:55!7
ἀνέστη	23.93	2	LUK 9:19!18; LUK 9:8!14
ἀνήγαγον	15.176	1	LUK 2:22!13
ἀνήρ	9.24	1	LUK 8:27!8
ἀνήφθη	14.65	1	LUK 12:49!12
ἀνήχθησαν	54.4	1	LUK 8:22!27
ἀναίδειαν	66.12	1	LUK 11:8!17
ἀναβάντες	15.101	1	LUK 5:19!10
ἀναβαίνομεν	15.101	1	LUK 18:31!9
ἀναβαίνουσιν	30.17	1	LUK 24:38!11
ἀναβαίνων	15.101	1	LUK 19:28!6
ἀναβαινόντων	15.101	1	LUK 2:42!6
ἀναβλέπουσιν	24.42	1	LUK 7:22!13
ἀναβλέψας	24.10	2	LUK 19:5!7; LUK 9:16!10
ἀναβλέψω	24.42	1	LUK 18:41!10
ἀναγαγὼν	15.176	1	LUK 4:5!2
ἀναγινώσκεις	33.68	1	LUK 10:26!12
ἀναγνῶναι	33.68	1	LUK 4:16!24
ἀναδείξεως	28.54	1	LUK 1:80!15
ἀναζητοῦντες	27.42	1	LUK 2:45!7
ἀναθήμασιν	53.18	1	LUK 21:5!11
ἀναιρεθῆναι	20.71	1	LUK 23:32!9
ἀνακάμψει	15.89	1	LUK 10:6!18
ἀνακείμενος	17.23	2	LUK 22:27!11; LUK 22:27!5
ἀνακλιθήσονται	17.23	1	LUK 13:29!13
ἀνακλινεῖ	17.24	1	LUK 12:37!17
ἀνακράξας	33.83	1	LUK 8:28!5
ἀνακρίνας	56.12	1	LUK 23:14!18
ἀνακύψαι	17.33	1	LUK 13:11!15
ἀνακύψατε	17.33	1	LUK 21:28!5
ἀναλήμψεως	15.103	1	LUK 9:51!9
ἀναλύσῃ	15.89	1	LUK 12:36!10
ἀναλῶσαι	20.47	1	LUK 9:54!18
ἀναπαύου	23.80	1	LUK 12:19!14
ἀναπείρους	23.177	2	LUK 14:13!7; LUK 14:21!31
ἀναπτύξας	79.122	1	LUK 4:17!9
ἀνασπάσει	15.213	1	LUK 14:5!16
ἀναστάντες	15.36	2	LUK 24:33!2; LUK 4:29!2
ἀναστάντες	17.6	1	LUK 22:46!6
ἀναστάσει	23.93	2	LUK 14:14!14; LUK 20:33!6
ἀναστάσεως	23.93	2	LUK 20:35!10; LUK 20:36!14
ἀναστήσεται	23.93	1	LUK 18:33!10
ἀναστήσονται	17.6	1	LUK 11:32!3
ἀναστὰν	15.36	1	LUK 23:1!2
ἀναστὰς	15.36	6	LUK 15:18!1; LUK 15:20!2; LUK 22:45!2; LUK 24:12!4; LUK 5:28!4; LUK 6:8!23
ἀναστὰς	17.6	3	LUK 11:7!25; LUK 11:8!8; LUK 5:25!3
ἀναστᾶσα	17.6	1	LUK 4:39!13
ἀναστῆναι	23.93	2	LUK 24:46!11; LUK 24:7!19
ἀναστῇ	23.93	1	LUK 16:31!16
ἀνατάξασθαι	62.3	1	LUK 1:1!4
ἀνατέλλουσαν	15.104	1	LUK 12:54!9
ἀνατολὴ	14.42	1	LUK 1:78!10
ἀνατολῶν	82.1	1	LUK 13:29!4
ἀναφαίνεσθαι	24.23	1	LUK 19:11!24
ἀνδρὶ	9.24	3	LUK 19:7!9; LUK 1:27!4; LUK 6:8!10
ἀνδρὸς	10.53	2	LUK 16:18!15; LUK 2:36!17
ἀνδρῶν	9.1	2	LUK 11:31!9; LUK 14:24!7
ἀνδρῶν	9.24	1	LUK 14:24!7
ἀνεζήτουν	27.42	1	LUK 2:44!12
ἀνεκάθισεν	17.16	1	LUK 7:15!2
ἀνεκτότερον	25.172	2	LUK 10:12!9; LUK 10:14!5
ἀνεφέρετο	15.206	1	LUK 24:51!12
ἀνεφώνησεν	33.77	1	LUK 1:42!2
ἀνεῦραν	27.28	1	LUK 2:16!5
ἀνεῳχθῆναι	79.110	1	LUK 3:21!14
ἀνεῴχθη	33.29	1	LUK 1:64!1
ἀνθ	89.24	2	LUK 19:44!18; LUK 1:20!14
ἀνθ	89.45	1	LUK 12:3!1
ἀνθέξεται	34.24	1	LUK 16:13!18
ἀνθρώποις	9.1	6	LUK 12:36!4; LUK 16:15!22; LUK 18:27!7; LUK 1:25!14; LUK 2:14!10; LUK 2:52!12
ἀνθρώπου	9.1	2	LUK 11:24!8; LUK 11:26!19
ἀνθρώπου	9.24	2	LUK 8:29!10; LUK 8:33!7
ἀνθρώπου	9.3	25	LUK 11:30!14; LUK 12:10!10; LUK 12:40!13; LUK 12:8!17; LUK 17:22!16; LUK 17:24!21; LUK 17:26!17; LUK 17:30!10; LUK 18:31!23; LUK 18:8!14; LUK 19:10!6; LUK 21:27!7; LUK 21:36!21; LUK 22:22!6; LUK 22:48!10; LUK 22:69!9; LUK 24:7!5; LUK 5:24!8; LUK 6:22!25; LUK 6:5!11; LUK 7:34!5; LUK 9:22!7; LUK 9:26!14; LUK 9:44!14; LUK 9:58!20
ἀνθρώπους	9.1	4	LUK 11:46!12; LUK 13:4!24; LUK 5:10!26; LUK 7:31!5
ἀνθρώπων	9.1	10	LUK 12:8!12; LUK 12:9!7; LUK 16:15!11; LUK 18:11!19; LUK 19:30!17; LUK 20:4!9; LUK 20:6!5; LUK 21:26!2; LUK 24:7!11; LUK 9:44!19
ἀνθρώπῳ	9.24	5	LUK 22:22!14; LUK 23:14!23; LUK 23:4!16; LUK 6:48!3; LUK 6:49!9
ἀνθωμολογεῖτο	33.351	1	LUK 2:38!6
ἀνοίας	88.183	1	LUK 6:11!4
ἀνοίξωσιν	79.110	1	LUK 12:36!19
ἀνοιγήσεται	79.110	2	LUK 11:10!13; LUK 11:9!13
ἀνταποδοθήσεται	38.19	1	LUK 14:14!9
ἀνταποδοθήσεται	57.154	1	LUK 14:14!9
ἀνταποδοῦναί	38.19	1	LUK 14:14!7
ἀνταποδοῦναί	57.154	1	LUK 14:14!7
ἀνταποκριθῆναι	33.186	1	LUK 14:6!4
ἀνταπόδομά	57.155	1	LUK 14:12!35
ἀντειπεῖν	33.455	1	LUK 21:15!13
ἀντελάβετο	35.1	1	LUK 1:54!1
ἀντιβάλλετε	33.160	1	LUK 24:17!10
ἀντιδίκου	39.9	1	LUK 18:3!17
ἀντιδίκου	56.11	1	LUK 12:58!6
ἀντικαλέσωσίν	33.317	1	LUK 14:12!31
ἀντικείμενοι	39.1	2	LUK 13:17!8; LUK 21:15!16
ἀντιλέγοντες	33.455	1	LUK 20:27!7
ἀντιλεγόμενον	33.455	1	LUK 2:34!26
ἀντιμετρηθήσεται	57.93	1	LUK 6:38!19
ἀντιπέρα	83.43	1	LUK 8:26!10
ἀντιπαρῆλθεν	15.30	2	LUK 10:31!14; LUK 10:32!11
ἀντιστῆναι	39.18	1	LUK 21:15!11
ἀντὶ	89.133	1	LUK 11:11!12
ἀνωρθώθη	17.33	1	LUK 13:13!8
ἀνόητοι	32.50	1	LUK 24:25!7
ἀνόμων	88.140	1	LUK 22:37!15
ἀνύδρων	2.8	1	LUK 11:24!11
ἀνώτερον	87.29	1	LUK 14:10!20
ἀνὰ	89.91	3	LUK 10:1!14; LUK 9:14!16; LUK 9:3!19
ἀνὴρ	9.24	9	LUK 19:2!3; LUK 23:50!3; LUK 23:50!8; LUK 24:19!16; LUK 5:12!13; LUK 5:8!14; LUK 8:38!5; LUK 8:41!4; LUK 9:38!3
ἀξίνη	6.217	1	LUK 3:9!5
ἀξίους	65.17	1	LUK 3:8!4
ἀπ	67.131	1	LUK 1:2!5
ἀπ	84.3	15	LUK 17:29!12; LUK 18:34!12; LUK 19:24!6; LUK 22:41!4; LUK 23:26!10; LUK 24:31!13; LUK 24:51!9; LUK 2:15!5; LUK 4:35!21; LUK 4:42!24; LUK 5:2!12; LUK 5:8!11; LUK 8:37!12; LUK 9:33!7; LUK 9:45!10
ἀπ	89.122	10	LUK 12:58!16; LUK 13:27!10; LUK 16:3!16; LUK 1:38!16; LUK 4:13!8; LUK 4:35!10; LUK 5:13!15; LUK 5:35!7; LUK 8:18!21; LUK 9:39!17
ἀπ	90.15	4	LUK 21:11!15; LUK 22:43!5; LUK 6:13!11; LUK 8:46!13
ἀπ	90.7	1	LUK 8:43!18
ἀπέθανεν	23.99	5	LUK 16:22!16; LUK 20:29!10; LUK 20:32!5; LUK 8:52!14; LUK 8:53!6
ἀπέθανον	23.99	1	LUK 20:31!15
ἀπέθνῃσκεν	23.99	1	LUK 8:42!11
ἀπέκρυψας	28.80	1	LUK 10:21!22
ἀπέκτειναν	20.61	3	LUK 11:47!13; LUK 11:48!14; LUK 20:15!7
ἀπέκτεινεν	20.61	1	LUK 13:4!14
ἀπέλαβεν	34.53	1	LUK 15:27!22
ἀπέλαβεν	57.136	1	LUK 15:27!22
ἀπέλαβες	57.128	1	LUK 16:25!7
ἀπέλθητε	15.37	1	LUK 17:23!9
ἀπέλυσεν	15.43	2	LUK 14:4!9; LUK 8:38!14
ἀπέλυσεν	37.127	1	LUK 23:25!1
ἀπέπνιξαν	23.120	1	LUK 8:7!12
ἀπέρχῃ	15.37	1	LUK 9:57!15
ἀπέσταλκέν	15.66	1	LUK 4:18!11
ἀπέστειλα	15.66	1	LUK 22:35!5
ἀπέστειλαν	15.66	2	LUK 19:14!8; LUK 20:20!3
ἀπέστειλεν	15.66	9	LUK 10:1!12; LUK 14:17!2; LUK 19:29!15; LUK 20:10!3; LUK 22:8!2; LUK 7:20!11; LUK 7:3!6; LUK 9:2!2; LUK 9:52!2
ἀπέστη	15.51	1	LUK 4:13!7
ἀπέχετε	90.67	1	LUK 6:24!7
ἀπέχοντος	85.16	2	LUK 15:20!12; LUK 7:6!12
ἀπέχουσαν	85.16	1	LUK 24:13!14
ἀπήγαγον	15.177	1	LUK 22:66!15
ἀπήγαγον	56.38	1	LUK 23:26!3
ἀπήγγειλαν	33.198	6	LUK 18:37!1; LUK 24:9!6; LUK 7:18!2; LUK 8:34!9; LUK 8:36!1; LUK 9:36!15
ἀπήγγειλεν	33.198	2	LUK 14:21!5; LUK 8:47!18
ἀπήντησαν	15.78	1	LUK 17:12!7
ἀπίστων	31.98	1	LUK 12:46!27
ἀπαίτει	33.165	1	LUK 6:30!12
ἀπαγαγὼν	15.177	1	LUK 13:15!25
ἀπαγγέλλοντες	33.198	1	LUK 13:1!8
ἀπαγγείλατε	33.198	1	LUK 7:22!6
ἀπαγομένους	15.177	1	LUK 21:12!19
ἀπαιτοῦσιν	33.165	1	LUK 12:20!13
ἀπαρθῇ	15.177	1	LUK 5:35!6
ἀπαρνήσῃ	33.277	2	LUK 22:34!14; LUK 22:61!24
ἀπαρνηθήσεται	34.49	1	LUK 12:9!8
ἀπαρτισμόν	68.28	1	LUK 14:28!17
ἀπεδέξατο	34.53	1	LUK 8:40!7
ἀπεδήμησεν	15.47	2	LUK 15:13!11; LUK 20:9!18
ἀπεδοκίμασαν	30.117	1	LUK 20:17!14
ἀπειθεῖς	36.24	1	LUK 1:17!17
ἀπεκάλυψας	28.38	1	LUK 10:21!29
ἀπεκατεστάθη	13.65	1	LUK 6:10!15
ἀπεκεφάλισα	20.80	1	LUK 9:9!7
ἀπεκρίθη	33.184	1	LUK 17:20!12
ἀπεκρίθη	33.28	3	LUK 13:15!1; LUK 4:4!2; LUK 8:50!5
ἀπεκρίθης	33.184	1	LUK 10:28!5
ἀπεκρίθησαν	33.184	1	LUK 20:7!2
ἀπεκρίνατο	33.184	1	LUK 23:9!10
ἀπεκρίνατο	33.28	1	LUK 3:16!1
ἀπελθεῖν	15.37	2	LUK 8:31!11; LUK 8:37!11
ἀπελθόντες	15.37	2	LUK 19:32!1; LUK 22:13!1
ἀπελθόντι	15.37	1	LUK 9:59!13
ἀπελθὼν	15.37	3	LUK 22:4!2; LUK 5:14!8; LUK 9:60!13
ἀπελπίζοντες	30.54	1	LUK 6:35!11
ἀπενεχθῆναι	15.202	1	LUK 16:22!7
ἀπεπνίγη	23.119	1	LUK 8:33!23
ἀπεσπάσθη	15.54	1	LUK 22:41!3
ἀπεστάλη	15.66	1	LUK 1:26!7
ἀπεστάλην	15.66	2	LUK 1:19!16; LUK 4:43!21
ἀπεσταλμένοι	15.66	1	LUK 19:32!4
ἀπεσταλμένους	15.66	1	LUK 13:34!10
ἀπηγγέλη	33.198	1	LUK 8:20!1
ἀπηλλάχθαι	40.3	1	LUK 12:58!15
ἀπιστούντων	31.39	1	LUK 24:41!3
ἀποβάντες	15.39	1	LUK 5:2!14
ἀποβήσεται	89.41	1	LUK 21:13!1
ἀπογράφεσθαι	33.42	2	LUK 2:1!12; LUK 2:3!4
ἀπογράψασθαι	33.42	1	LUK 2:5!1
ἀπογραφὴ	33.43	1	LUK 2:2!2
ἀποδίδωμι	57.153	1	LUK 19:8!23
ἀποδεκατοῦτε	57.114	1	LUK 11:42!7
ἀποδεκατῶ	57.114	1	LUK 18:12!5
ἀποδεξάμενος	34.53	1	LUK 9:11!8
ἀποδοκιμασθῆναι	30.117	2	LUK 17:25!8; LUK 9:22!11
ἀποδοῦναι	57.153	1	LUK 7:42!4
ἀποδώσω	57.153	1	LUK 10:35!25
ἀποδῷς	57.153	1	LUK 12:59!12
ἀποθάνῃ	23.99	1	LUK 20:28!9
ἀποθήκας	7.25	1	LUK 12:18!8
ἀποθήκη	7.25	1	LUK 12:24!14
ἀποθήκην	7.25	1	LUK 3:17!18
ἀποθανεῖν	23.99	2	LUK 16:22!3; LUK 20:36!3
ἀποθλίβουσιν	19.44	1	LUK 8:45!21
ἀποκάλυψιν	28.38	1	LUK 2:32!3
ἀποκαλυφθήσεται	28.38	1	LUK 12:2!7
ἀποκαλυφθῶσιν	28.38	1	LUK 2:35!11
ἀποκαλύπτεται	28.38	1	LUK 17:30!11
ἀποκαλύψαι	28.38	1	LUK 10:22!34
ἀποκειμένην	85.53	1	LUK 19:20!13
ἀποκεκυλισμένον	15.248	1	LUK 24:2!5
ἀποκλείσῃ	79.113	1	LUK 13:25!8
ἀποκρίσει	33.185	1	LUK 20:26!14
ἀποκρίσεσιν	33.185	1	LUK 2:47!12
ἀποκριθέντες	33.184	3	LUK 20:24!9; LUK 20:39!1; LUK 9:19!3
ἀποκριθέντες	33.28	1	LUK 17:37!2
ἀποκριθεὶς	33.184	13	LUK 10:27!3; LUK 13:2!2; LUK 15:29!3; LUK 19:40!2; LUK 1:35!2; LUK 20:3!1; LUK 24:18!1; LUK 3:11!1; LUK 5:31!2; LUK 6:3!2; LUK 7:22!2; LUK 7:43!1; LUK 9:20!12
ἀποκριθεὶς	33.28	18	LUK 10:41!1; LUK 11:7!3; LUK 13:14!1; LUK 13:25!24; LUK 13:8!3; LUK 14:3!2; LUK 17:17!1; LUK 1:19!2; LUK 22:51!1; LUK 23:3!15; LUK 23:40!1; LUK 4:12!2; LUK 4:8!2; LUK 5:22!8; LUK 5:5!2; LUK 7:40!2; LUK 8:21!3; LUK 9:41!1
ἀποκριθεῖσα	33.28	1	LUK 1:60!2
ἀποκριθῆτε	33.184	1	LUK 22:68!6
ἀποκτανθῆναι	20.61	1	LUK 9:22!20
ἀποκτείνουσα	20.61	1	LUK 13:34!4
ἀποκτείνωμεν	20.61	1	LUK 20:14!14
ἀποκτεινόντων	20.61	1	LUK 12:4!11
ἀποκτενοῦσιν	20.61	2	LUK 11:49!18; LUK 18:33!3
ἀποκτεῖναι	20.61	2	LUK 12:5!10; LUK 13:31!18
ἀπολάβωσιν	57.136	1	LUK 6:34!17
ἀπολάβῃ	57.136	1	LUK 18:30!4
ἀπολέλυσαι	37.127	1	LUK 13:12!11
ἀπολέσαι	20.31	3	LUK 19:47!18; LUK 4:34!9; LUK 6:9!19
ἀπολέσας	57.68	2	LUK 15:4!9; LUK 9:25!11
ἀπολέσει	20.31	1	LUK 20:16!3
ἀπολέσει	27.29	1	LUK 9:24!9
ἀπολέσει	57.68	1	LUK 17:33!8
ἀπολέσθαι	20.31	1	LUK 13:33!15
ἀπολέσῃ	23.114	1	LUK 9:24!14
ἀπολέσῃ	27.29	1	LUK 15:8!8
ἀπολέσῃ	57.68	2	LUK 15:8!8; LUK 17:33!13
ἀπολαμβάνομεν	90.63	1	LUK 23:41!9
ἀπολελυμένην	34.78	1	LUK 16:18!13
ἀπολεῖσθε	20.31	1	LUK 13:3!10
ἀπολεῖσθε	21.32	1	LUK 13:5!10
ἀπολλύμεθα	23.106	1	LUK 8:24!8
ἀπολογήσησθε	33.435	1	LUK 12:11!19
ἀπολογηθῆναι	33.435	1	LUK 21:14!9
ἀπολομένου	20.31	1	LUK 11:51!8
ἀπολοῦνται	20.31	1	LUK 5:37!25
ἀπολυθήσεσθε	40.8	1	LUK 6:37!17
ἀπολωλός	21.32	1	LUK 19:10!11
ἀπολωλός	27.29	1	LUK 15:6!22
ἀπολωλὸς	27.29	1	LUK 15:4!25
ἀπολωλὼς	57.68	2	LUK 15:24!11; LUK 15:32!16
ἀπολύεις	15.43	1	LUK 2:29!2
ἀπολύετε	40.8	1	LUK 6:37!15
ἀπολύσω	37.127	2	LUK 23:16!4; LUK 23:22!21
ἀπολύτρωσις	37.128	1	LUK 21:28!14
ἀπολύων	34.78	1	LUK 16:18!3
ἀπολῦσαι	37.127	1	LUK 23:20!7
ἀπομασσόμεθα	16.9	1	LUK 10:11!14
ἀπορίᾳ	32.9	1	LUK 21:25!17
ἀπορεῖσθαι	32.9	1	LUK 24:4!5
ἀποστέλλω	15.66	2	LUK 10:3!3; LUK 7:27!7
ἀποστείλαντά	15.66	2	LUK 10:16!18; LUK 9:48!23
ἀποστείλας	15.66	1	LUK 14:32!9
ἀποστεῖλαι	15.66	1	LUK 4:18!19
ἀποστοματίζειν	33.183	1	LUK 11:53!13
ἀποστρέφοντα	31.70	1	LUK 23:14!10
ἀποστρέφοντα	88.264	1	LUK 23:14!10
ἀποστόλους	33.194	1	LUK 11:49!14
ἀποστόλους	53.74	2	LUK 24:10!20; LUK 6:13!16
ἀποτάξασθαι	33.23	1	LUK 9:61!12
ἀποτάσσεται	57.70	1	LUK 14:33!8
ἀποτελῶ	68.22	1	LUK 13:32!14
ἀποτινάσσετε	16.8	1	LUK 9:5!18
ἀποχωρεῖ	15.51	1	LUK 9:39!16
ἀποψυχόντων	23.184	1	LUK 21:26!1
ἀποψυχόντων	25.293	1	LUK 21:26!1
ἀπόδος	90.46	1	LUK 16:2!11
ἀπόδοτε	57.153	1	LUK 20:25!7
ἀπόκρυφον	28.70	1	LUK 8:17!10
ἀπόληται	27.29	1	LUK 21:18!9
ἀπόλλυμαι	23.106	1	LUK 15:17!17
ἀπόλυσον	37.127	1	LUK 23:18!7
ἀπόστητε	15.51	1	LUK 13:27!9
ἀπόστολοι	53.74	3	LUK 17:5!4; LUK 22:14!9; LUK 9:10!4
ἀπώλεσα	57.68	1	LUK 15:9!16
ἀπώλεσεν	20.31	2	LUK 17:27!18; LUK 17:29!15
ἀπὸ	61.2	1	LUK 14:18!3
ἀπὸ	63.20	4	LUK 16:21!4; LUK 19:39!5; LUK 20:10!9; LUK 9:38!4
ἀπὸ	67.131	9	LUK 11:50!10; LUK 12:52!3; LUK 16:16!8; LUK 1:48!11; LUK 22:18!7; LUK 22:69!1; LUK 2:36!20; LUK 5:10!23; LUK 8:43!7
ἀπὸ	84.3	31	LUK 10:30!9; LUK 11:24!6; LUK 13:15!21; LUK 13:16!18; LUK 13:29!3; LUK 13:29!8; LUK 16:21!7; LUK 17:29!6; LUK 19:26!8; LUK 19:42!17; LUK 1:52!3; LUK 22:45!3; LUK 23:49!13; LUK 23:5!16; LUK 23:51!11; LUK 24:13!17; LUK 24:2!6; LUK 24:47!16; LUK 24:9!3; LUK 2:4!5; LUK 3:7!15; LUK 4:1!7; LUK 4:38!3; LUK 4:41!5; LUK 5:3!12; LUK 6:17!19; LUK 7:6!13; LUK 8:12!17; LUK 9:37!8; LUK 9:38!4; LUK 9:5!8
ἀπὸ	89.122	11	LUK 10:21!24; LUK 12:15!8; LUK 16:18!14; LUK 5:15!15; LUK 6:18!7; LUK 6:29!12; LUK 6:30!6; LUK 7:21!7; LUK 8:2!7; LUK 8:33!5; LUK 9:5!14
ἀπὸ	89.142	1	LUK 22:18!10
ἀπὸ	89.25	7	LUK 12:4!9; LUK 18:3!15; LUK 19:3!11; LUK 20:46!2; LUK 21:26!3; LUK 22:45!13; LUK 24:41!5
ἀπὸ	90.15	11	LUK 11:50!13; LUK 11:51!19; LUK 12:20!14; LUK 16:30!10; LUK 1:26!11; LUK 22:71!12; LUK 24:27!3; LUK 24:27!6; LUK 5:36!10; LUK 5:36!33; LUK 9:54!14
ἀπὸ	90.7	5	LUK 17:25!9; LUK 6:18!14; LUK 7:35!5; LUK 8:29!8; LUK 9:22!12
ἀπῆλθεν	13.93	1	LUK 5:13!14
ἀπῆλθεν	15.37	4	LUK 1:23!10; LUK 1:38!15; LUK 5:25!10; LUK 8:39!14
ἀπῆλθεν	15.92	1	LUK 24:12!16
ἀπῆλθον	15.37	2	LUK 10:30!23; LUK 2:15!4
ἀπῆλθόν	15.37	1	LUK 24:24!2
ἀράτω	15.203	1	LUK 22:36!9
ἀράτω	24.83	1	LUK 9:23!14
ἀρίστου	23.22	1	LUK 11:38!12
ἀργύριον	6.73	4	LUK 19:15!20; LUK 19:23!8; LUK 22:5!6; LUK 9:3!17
ἀρθήσεται	15.203	2	LUK 19:26!16; LUK 8:18!20
ἀριθμοῦ	60.1	1	LUK 22:3!12
ἀριστήσῃ	23.20	1	LUK 11:37!9
ἀριστερῶν	82.7	1	LUK 23:33!23
ἀρκεῖσθε	25.81	1	LUK 3:14!19
ἀρνησάμενός	34.48	1	LUK 12:9!3
ἀρνησάσθω	30.52	1	LUK 9:23!11
ἀρνουμένων	33.277	1	LUK 8:45!9
ἀρξάμενοι	68.1	1	LUK 24:47!15
ἀρξάμενος	68.1	2	LUK 23:5!15; LUK 24:27!2
ἀροτριῶντα	43.4	1	LUK 17:7!7
ἀροῦσίν	15.203	1	LUK 4:11!5
ἀρτυθήσεται	46.14	1	LUK 14:34!13
ἀρχαίων	67.98	2	LUK 9:19!17; LUK 9:8!13
ἀρχιερέων	53.88	1	LUK 9:22!16
ἀρχιερέως	53.89	3	LUK 22:50!8; LUK 22:54!11; LUK 3:2!2
ἀρχιερεῖς	53.88	9	LUK 19:47!12; LUK 20:1!18; LUK 20:19!7; LUK 22:2!4; LUK 22:66!10; LUK 23:10!4; LUK 23:13!5; LUK 23:4!7; LUK 24:20!6
ἀρχιερεῖς	53.89	1	LUK 22:52!9
ἀρχιερεῦσιν	53.88	1	LUK 22:4!5
ἀρχισυνάγωγος	53.93	1	LUK 13:14!4
ἀρχισυναγώγου	53.93	1	LUK 8:49!8
ἀρχιτελώνης	57.185	1	LUK 19:2!10
ἀρχομένων	68.1	1	LUK 21:28!1
ἀρχόμενος	68.1	1	LUK 3:23!5
ἀρχόντων	37.56	1	LUK 14:1!11
ἀρχὰς	37.56	1	LUK 12:11!10
ἀρχῆς	58.20	1	LUK 1:2!6
ἀρχῇ	37.56	1	LUK 20:20!17
ἀρώματα	6.207	2	LUK 23:56!4; LUK 24:1!15
ἀσβέστῳ	14.71	1	LUK 3:17!25
ἀσθενείας	23.143	2	LUK 13:11!6; LUK 13:12!13
ἀσθενειῶν	23.143	2	LUK 5:15!17; LUK 8:2!11
ἀσθενεῖς	23.145	2	LUK 10:9!6; LUK 9:2!12
ἀσθενοῦντας	23.144	1	LUK 4:40!8
ἀσκούς	6.132	1	LUK 5:37!18
ἀσκοὶ	6.132	1	LUK 5:37!24
ἀσκοὺς	6.132	2	LUK 5:37!7; LUK 5:38!5
ἀσπάσησθε	33.20	1	LUK 10:4!13
ἀσπασμοὺς	33.20	2	LUK 11:43!14; LUK 20:46!12
ἀσπασμοῦ	33.20	1	LUK 1:44!8
ἀσπασμὸν	33.20	1	LUK 1:41!6
ἀσπασμὸς	33.20	1	LUK 1:29!12
ἀσσαρίων	6.77	1	LUK 12:6!5
ἀστράπτουσα	14.47	1	LUK 17:24!5
ἀστραπτούσῃ	14.47	1	LUK 24:4!17
ἀστραπὴ	14.16	1	LUK 17:24!4
ἀστραπὴν	14.16	1	LUK 10:18!8
ἀστραπῇ	14.46	1	LUK 11:36!21
ἀσφάλειαν	31.41	1	LUK 1:4!8
ἀσώτως	88.97	1	LUK 15:13!22
ἀτενίζοντες	24.49	1	LUK 4:20!17
ἀτενίσασα	24.49	1	LUK 22:56!11
ἀτιμάσαντες	88.127	1	LUK 20:11!11
ἀφ	67.131	3	LUK 13:25!1; LUK 24:21!22; LUK 7:45!7
ἀφ	84.3	1	LUK 8:2!16
ἀφ	89.122	2	LUK 8:35!16; LUK 8:38!6
ἀφ	90.15	1	LUK 13:7!9
ἀφ	90.19	2	LUK 12:57!4; LUK 21:30!5
ἀφέντες	15.48	1	LUK 10:30!24
ἀφέντες	85.45	2	LUK 18:28!7; LUK 5:11!8
ἀφέσει	37.132	1	LUK 4:18!22
ἀφέσει	40.8	1	LUK 1:77!9
ἀφέωνταί	40.8	1	LUK 5:20!8
ἀφέωνται	40.8	1	LUK 7:47!5
ἀφήσεις	40.8	1	LUK 17:4!16
ἀφήσουσιν	85.62	1	LUK 19:44!12
ἀφίεται	40.8	1	LUK 7:47!17
ἀφίεται	85.45	1	LUK 13:35!2
ἀφίησιν	40.8	1	LUK 7:49!14
ἀφίομεν	40.8	1	LUK 11:4!10
ἀφίστανται	34.26	1	LUK 8:13!27
ἀφίστατο	15.51	1	LUK 2:37!10
ἀφαιρεθήσεται	68.47	1	LUK 10:42!15
ἀφαιρεῖται	68.47	1	LUK 16:3!13
ἀφεθήσεται	15.48	2	LUK 17:34!17; LUK 17:35!13
ἀφεθήσεται	40.8	2	LUK 12:10!11; LUK 12:10!21
ἀφεθήσεται	85.62	1	LUK 21:6!9
ἀφελεῖν	68.47	1	LUK 1:25!10
ἀφεῖλεν	85.44	1	LUK 22:50!12
ἀφεῖναι	40.8	1	LUK 5:21!19
ἀφιέναι	40.8	1	LUK 5:24!14
ἀφορίσωσιν	34.36	1	LUK 6:22!10
ἀφροῦ	14.27	1	LUK 9:39!13
ἀφόβως	25.253	1	LUK 1:74!1
ἀφύπνωσεν	23.70	1	LUK 8:23!4
ἀφῆκεν	13.140	2	LUK 12:39!16; LUK 8:51!7
ἀφῆκεν	13.37	1	LUK 4:39!9
ἀφῆκεν	85.45	1	LUK 18:29!12
ἀχαρίστους	25.101	1	LUK 6:35!28
ἀχαρίστους	33.353	1	LUK 6:35!28
ἀχθῆναι	15.165	1	LUK 18:40!7
ἀχρεῖοί	33.361	1	LUK 17:10!13
ἁγίας	53.46	1	LUK 1:72!10
ἁγίου	88.24	5	LUK 1:15!16; LUK 1:41!21; LUK 1:67!8; LUK 2:26!9; LUK 4:1!5
ἁγίων	53.46	1	LUK 1:70!6
ἁγίων	88.24	1	LUK 9:26!27
ἁγίῳ	88.24	2	LUK 10:21!9; LUK 3:16!31
ἁγιασθήτω	88.27	1	LUK 11:2!8
ἁλιεῖς	44.10	1	LUK 5:2!11
ἁλύσεσιν	6.16	1	LUK 8:29!18
ἁμάρτῃ	88.289	1	LUK 17:3!4
ἁμαρτήσῃ	88.289	1	LUK 17:4!6
ἁμαρτίαι	88.289	1	LUK 7:47!7
ἁμαρτίαι	88.310	3	LUK 5:20!11; LUK 5:23!8; LUK 7:48!7
ἁμαρτίας	88.310	4	LUK 11:4!5; LUK 5:21!18; LUK 5:24!15; LUK 7:49!13
ἁμαρτιῶν	88.310	3	LUK 1:77!10; LUK 24:47!10; LUK 3:3!13
ἁμαρτωλοὶ	88.295	5	LUK 13:2!10; LUK 15:1!10; LUK 6:32!14; LUK 6:33!13; LUK 6:34!13
ἁμαρτωλοὺς	88.295	2	LUK 15:2!12; LUK 5:32!6
ἁμαρτωλοῖς	88.295	1	LUK 6:34!14
ἁμαρτωλός	88.295	3	LUK 5:8!15; LUK 7:37!9; LUK 7:39!27
ἁμαρτωλῶν	88.295	3	LUK 24:7!12; LUK 5:30!20; LUK 7:34!19
ἁμαρτωλῷ	88.295	4	LUK 15:10!13; LUK 15:7!12; LUK 18:13!26; LUK 19:7!8
ἁπλοῦς	23.132	1	LUK 11:34!13
ἁπλοῦς	57.107	1	LUK 11:34!13
ἁρπαγῆς	25.24	1	LUK 11:39!24
ἁψάμενος	24.73	1	LUK 22:51!10
ἁψάμενός	24.73	1	LUK 8:45!7
ἂν	71.14	8	LUK 10:13!21; LUK 12:39!15; LUK 15:26!8; LUK 17:6!12; LUK 17:6!24; LUK 19:23!15; LUK 2:35!10; LUK 7:39!17
ἂν	71.8	23	LUK 10:10!4; LUK 10:35!18; LUK 10:5!4; LUK 10:8!4; LUK 12:8!6; LUK 13:25!3; LUK 17:33!12; LUK 18:17!5; LUK 1:62!8; LUK 20:18!12; LUK 20:43!2; LUK 21:32!12; LUK 2:26!15; LUK 6:11!10; LUK 8:18!13; LUK 8:18!6; LUK 9:24!13; LUK 9:26!3; LUK 9:27!16; LUK 9:4!4; LUK 9:46!8; LUK 9:48!18; LUK 9:5!3
ἃ	92.27	10	LUK 10:23!14; LUK 10:24!11; LUK 10:24!19; LUK 12:12!11; LUK 12:20!16; LUK 21:6!2; LUK 24:1!13; LUK 6:46!10; LUK 7:22!8; LUK 7:32!11
ἄβυσσον	1.20	1	LUK 8:31!10
ἄγγελοι	12.28	1	LUK 2:15!11
ἄγγελον	12.28	2	LUK 1:18!6; LUK 1:34!6
ἄγγελος	12.28	10	LUK 1:11!4; LUK 1:13!6; LUK 1:19!4; LUK 1:26!9; LUK 1:30!4; LUK 1:35!4; LUK 1:38!19; LUK 22:43!4; LUK 2:10!5; LUK 2:9!2
ἄγγελόν	33.195	1	LUK 7:27!9
ἄγει	67.64	1	LUK 24:21!21
ἄγει	67.79	1	LUK 24:21!21
ἄγραν	18.8	1	LUK 5:4!19
ἄγρᾳ	18.8	1	LUK 5:9!12
ἄδηλα	24.95	1	LUK 11:44!9
ἄδικοι	88.20	1	LUK 18:11!21
ἄδικος	88.20	1	LUK 16:10!14
ἄδικός	88.20	1	LUK 16:10!18
ἄκανθαι	3.17	1	LUK 8:7!11
ἄκρον	79.104	1	LUK 16:24!15
ἄλλην	58.37	1	LUK 6:29!10
ἄλλοι	58.37	2	LUK 9:19!11; LUK 9:19!8
ἄλλοις	58.37	1	LUK 20:16!11
ἄλλον	58.37	2	LUK 7:19!11; LUK 7:20!21
ἄλλος	58.37	1	LUK 22:59!6
ἄλλων	58.37	2	LUK 5:29!17; LUK 9:8!7
ἄλλῳ	58.37	1	LUK 7:8!20
ἄμεμπτοι	88.317	1	LUK 1:6!17
ἄνδρα	9.24	1	LUK 1:34!11
ἄνδρας	9.24	1	LUK 9:32!20
ἄνδρες	9.1	1	LUK 11:32!1
ἄνδρες	9.24	7	LUK 17:12!10; LUK 22:63!3; LUK 24:4!11; LUK 5:18!3; LUK 7:20!6; LUK 9:14!4; LUK 9:30!3
ἄνθρωποι	9.1	4	LUK 11:44!12; LUK 6:22!7; LUK 6:26!8; LUK 6:31!8
ἄνθρωπον	9.1	2	LUK 18:2!13; LUK 18:4!19
ἄνθρωπον	9.24	4	LUK 23:14!7; LUK 5:18!7; LUK 7:25!5; LUK 8:35!15
ἄνθρωπος	9.1	3	LUK 4:4!15; LUK 6:45!3; LUK 9:25!4
ἄνθρωπος	9.24	13	LUK 13:19!7; LUK 14:30!5; LUK 15:4!2; LUK 19:21!5; LUK 19:22!14; LUK 22:10!13; LUK 23:47!13; LUK 23:6!7; LUK 2:25!12; LUK 2:25!3; LUK 4:33!6; LUK 6:6!15; LUK 7:34!12
ἄνθρωπός	9.24	2	LUK 14:2!3; LUK 7:8!4
ἄνοιξον	79.110	1	LUK 13:25!21
ἄνωθεν	67.90	1	LUK 1:3!4
ἄξια	65.17	2	LUK 12:48!7; LUK 23:41!5
ἄξιον	65.17	1	LUK 23:15!12
ἄξιος	65.17	3	LUK 10:7!13; LUK 15:19!3; LUK 15:21!16
ἄπιστος	31.98	1	LUK 9:41!8
ἄρα	71.7	3	LUK 12:42!6; LUK 22:23!9; LUK 8:25!15
ἄρα	89.46	3	LUK 11:20!9; LUK 11:48!1; LUK 1:66!12
ἄρας	15.203	2	LUK 5:24!23; LUK 5:25!6
ἄριστον	23.23	1	LUK 14:12!9
ἄρνας	4.24	1	LUK 10:3!6
ἄρξεσθε	68.1	1	LUK 13:26!2
ἄρξησθε	68.1	2	LUK 13:25!12; LUK 3:8!9
ἄρξηται	68.1	1	LUK 12:45!17
ἄρξονται	68.1	1	LUK 23:30!2
ἄρξωνται	68.1	1	LUK 14:29!13
ἄρξῃ	68.1	1	LUK 14:9!15
ἄροτρον	6.4	1	LUK 9:62!10
ἄρσεν	10.45	1	LUK 2:23!8
ἄρτοι	5.8	1	LUK 9:13!17
ἄρτον	5.1	4	LUK 11:3!2; LUK 14:1!16; LUK 14:15!12; LUK 7:33!8
ἄρτον	5.8	3	LUK 22:19!3; LUK 24:30!11; LUK 9:3!15
ἄρτος	5.8	1	LUK 4:3!17
ἄρτου	5.8	1	LUK 24:35!16
ἄρτους	5.8	2	LUK 11:5!22; LUK 9:16!5
ἄρτους	53.26	1	LUK 6:4!10
ἄρτων	5.1	1	LUK 15:17!12
ἄρτῳ	5.8	1	LUK 4:4!11
ἄρχοντα	56.29	1	LUK 12:58!9
ἄρχοντας	37.56	1	LUK 23:13!8
ἄρχοντες	37.56	2	LUK 23:35!10; LUK 24:20!9
ἄρχοντι	37.56	1	LUK 11:15!9
ἄρχων	37.56	2	LUK 18:18!5; LUK 8:41!10
ἄστροις	1.30	1	LUK 21:25!9
ἄτεκνος	10.41	2	LUK 20:28!14; LUK 20:29!11
ἄτερ	89.120	2	LUK 22:35!7; LUK 22:6!9
ἄτοπον	88.111	1	LUK 23:41!13
ἄφαντος	24.28	1	LUK 24:31!11
ἄφες	13.140	1	LUK 6:42!8
ἄφες	40.8	3	LUK 11:4!2; LUK 17:3!13; LUK 23:34!6
ἄφες	85.62	1	LUK 13:8!7
ἄφεσιν	37.132	1	LUK 4:18!15
ἄφεσιν	40.8	2	LUK 24:47!9; LUK 3:3!12
ἄφρονες	32.52	1	LUK 11:40!1
ἄχρι	67.119	4	LUK 17:27!5; LUK 1:20!9; LUK 21:24!17; LUK 4:13!10
ἄχυρον	3.57	1	LUK 3:17!22
ἅγιον	53.46	2	LUK 1:49!8; LUK 2:23!11
ἅγιον	88.24	7	LUK 11:13!22; LUK 12:10!17; LUK 12:12!3; LUK 1:35!21; LUK 1:35!8; LUK 2:25!24; LUK 3:22!6
ἅγιος	88.24	1	LUK 4:34!16
ἅλας	5.25	2	LUK 14:34!4; LUK 14:34!9
ἅλωνα	3.43	1	LUK 3:17!10
ἅλωνα	7.65	1	LUK 3:17!10
ἅπαν	59.23	3	LUK 19:37!13; LUK 23:1!3; LUK 8:37!4
ἅπαντα	59.23	1	LUK 3:21!6
ἅπαντας	59.23	2	LUK 5:26!4; LUK 9:15!6
ἅπαντες	59.23	2	LUK 21:15!14; LUK 4:40!5
ἅπας	59.23	2	LUK 19:48!10; LUK 20:6!8
ἅπασαν	59.23	1	LUK 4:6!11
ἅπτει	14.65	1	LUK 15:8!12
ἅπτεσθαι	24.73	1	LUK 6:19!6
ἅπτεται	24.73	1	LUK 7:39!24
ἅπτηται	24.73	1	LUK 18:15!9
ἅρπαγες	25.25	1	LUK 18:11!20
ἅρπαγες	57.239	1	LUK 18:11!20
ἅψας	14.65	1	LUK 11:33!3
ἅψας	24.73	1	LUK 8:16!4
ἆρα	69.14	1	LUK 18:8!16
ἆραι	15.203	1	LUK 17:31!19
Ἀαρών	93.1	1	LUK 1:5!22
Ἀβιά	93.4b	1	LUK 1:5!15
Ἀβιληνῆς	93.389	1	LUK 3:1!33
Ἀβραάμ	1.16	1	LUK 16:22!15
Ἀβραάμ	93.7	8	LUK 16:22!15; LUK 16:24!6; LUK 16:25!3; LUK 16:29!3; LUK 16:30!6; LUK 19:9!18; LUK 3:8!16; LUK 3:8!31
Ἀβραὰμ	93.7	7	LUK 13:16!4; LUK 13:28!12; LUK 16:23!13; LUK 1:55!8; LUK 1:73!5; LUK 20:37!17; LUK 3:34!6
Ἀγαπήσεις	25.43	1	LUK 10:27!5
Ἀγρὸν	1.95	1	LUK 14:18!11
Ἀγωνίζεσθε	68.74	1	LUK 13:24!1
Ἀδδὶ	93.12	1	LUK 3:28!4
Ἀδελφέ	11.89	1	LUK 6:42!7
Ἀδμὶν	93.13	1	LUK 3:33!4
Ἀδὰμ	93.11	1	LUK 3:38!6
Ἀκολουθήσω	36.31	2	LUK 9:57!11; LUK 9:61!5
Ἀκολούθει	36.31	2	LUK 5:27!17; LUK 9:59!5
Ἀκουόντων	24.52	1	LUK 19:11!1
Ἀκούοντος	24.52	1	LUK 20:45!1
Ἀκούσας	24.52	1	LUK 14:15!1
Ἀκούσατε	31.56	1	LUK 18:6!5
Ἀληθῶς	70.3	1	LUK 21:3!3
Ἀλλὰ	89.125	3	LUK 11:42!1; LUK 22:36!4; LUK 6:27!1
Ἀμήν	72.6	1	LUK 23:43!4
Ἀμιναδὰβ	93.20	1	LUK 3:33!2
Ἀμὴν	72.6	2	LUK 18:29!5; LUK 4:24!3
Ἀμὼς	93.23b	1	LUK 3:25!4
Ἀνάβλεψον	24.42	1	LUK 18:42!6
Ἀνέβη	15.101	1	LUK 2:4!1
Ἀνέκραγον	33.83	1	LUK 23:18!1
Ἀνένδεκτόν	71.5	1	LUK 17:1!7
Ἀναβλέψας	24.10	1	LUK 21:1!1
Ἀνασείει	39.44	1	LUK 23:5!6
Ἀναστὰς	15.36	2	LUK 17:19!4; LUK 4:38!1
Ἀναστᾶσα	15.36	1	LUK 1:39!1
Ἀνδρέαν	93.25	1	LUK 6:14!7
Ἀνθρώπου	9.24	1	LUK 12:16!7
Ἀπελθόντων	15.37	1	LUK 7:24!1
Ἀποκριθεὶς	33.28	2	LUK 11:45!1; LUK 9:49!1
Ἀποστελῶ	15.66	1	LUK 11:49!9
Ἀπόλυσον	15.43	1	LUK 9:12!12
Ἀρνὶ	93.41	1	LUK 3:33!6
Ἀρφαξὰδ	93.44	1	LUK 3:36!4
Ἀσήρ	93.49	1	LUK 2:36!9
Ἀφέωνταί	40.8	2	LUK 5:23!5; LUK 7:48!4
Ἁλφαίου	93.19a	1	LUK 6:15!7
Ἁριμαθαίας	93.413	1	LUK 23:51!12
Ἄλλους	58.37	1	LUK 23:35!12
Ἄνθρωπε	9.24	4	LUK 12:14!5; LUK 22:58!17; LUK 22:60!5; LUK 5:20!7
Ἄνθρωποι	9.24	1	LUK 18:10!1
Ἄνθρωπος	9.24	2	LUK 16:19!1; LUK 20:9!10
Ἄνθρωπός	9.24	5	LUK 10:30!6; LUK 14:16!5; LUK 15:11!3; LUK 16:1!7; LUK 19:12!3
Ἄξιός	65.17	1	LUK 7:4!12
Ἄρατε	15.203	1	LUK 19:24!5
Ἄφες	33.137	1	LUK 9:60!4
Ἄφετε	13.140	1	LUK 18:16!7
Ἄφρων	32.52	1	LUK 12:20!6
Ἅβελ	93.3	1	LUK 11:51!3
Ἅννα	93.27	1	LUK 2:36!3
Ἅννα	93.28	1	LUK 3:2!3
ἐάν	89.67	4	LUK 16:30!8; LUK 16:31!12; LUK 19:31!2; LUK 20:28!6
ἐβάθυνεν	81.11	1	LUK 6:48!9
ἐβέβλητο	15.215	1	LUK 16:20!6
ἐβαπτίσθη	53.31	1	LUK 11:38!9
ἐβλασφήμει	33.400	1	LUK 23:39!6
ἐβόησεν	33.81	2	LUK 18:38!2; LUK 9:38!7
ἐγάμουν	34.66	1	LUK 17:27!3
ἐγένεσθε	13.3	2	LUK 16:11!9; LUK 16:12!8
ἐγένετο	13.107	41	LUK 11:1!2; LUK 11:14!6; LUK 14:1!2; LUK 15:14!5; LUK 16:22!1; LUK 17:11!2; LUK 17:14!11; LUK 19:15!2; LUK 19:29!2; LUK 19:9!13; LUK 1:23!2; LUK 1:41!2; LUK 1:59!2; LUK 1:65!2; LUK 20:1!2; LUK 22:14!3; LUK 22:44!8; LUK 22:66!3; LUK 23:44!9; LUK 24:15!2; LUK 24:21!25; LUK 24:30!2; LUK 24:4!2; LUK 24:51!2; LUK 2:15!2; LUK 2:42!3; LUK 2:46!2; LUK 2:6!1; LUK 3:2!6; LUK 4:25!27; LUK 4:36!2; LUK 5:12!2; LUK 5:17!2; LUK 6:13!3; LUK 6:49!25; LUK 7:11!2; LUK 8:1!2; LUK 9:18!2; LUK 9:29!2; LUK 9:33!2; LUK 9:34!5
ἐγένετο	13.3	5	LUK 10:21!38; LUK 17:26!3; LUK 17:28!3; LUK 24:19!15; LUK 2:2!4
ἐγένετο	13.48	5	LUK 11:30!3; LUK 13:19!15; LUK 24:31!12; LUK 6:16!8; LUK 8:24!23
ἐγένετο	15.1	2	LUK 1:44!4; LUK 9:35!3
ἐγένετο	85.7	1	LUK 2:13!3
ἐγέννησαν	23.52	1	LUK 23:29!16
ἐγέννησεν	23.52	1	LUK 1:57!11
ἐγένοντο	13.3	2	LUK 13:2!15; LUK 13:4!20
ἐγένοντο	13.48	1	LUK 23:12!1
ἐγένου	13.3	1	LUK 19:17!11
ἐγέρθητι	23.94	1	LUK 7:14!15
ἐγίνωσκεν	28.1	1	LUK 7:39!16
ἐγίνωσκον	32.16	1	LUK 18:34!16
ἐγαμίζοντο	34.72	1	LUK 17:27!4
ἐγγέγραπται	33.62	1	LUK 10:20!17
ἐγγίζει	15.75	1	LUK 12:33!21
ἐγγίζει	67.21	1	LUK 21:28!12
ἐγγίζειν	15.75	1	LUK 18:35!5
ἐγγίζοντες	15.75	1	LUK 15:1!4
ἐγγίζοντος	15.75	1	LUK 19:37!1
ἐγγίσαντος	15.75	1	LUK 18:40!10
ἐγγίσας	15.75	1	LUK 24:15!12
ἐγγύς	67.61	1	LUK 21:31!10
ἐγγὺς	67.61	1	LUK 21:30!10
ἐγγὺς	83.26	1	LUK 19:11!10
ἐγείρονται	23.94	2	LUK 20:37!3; LUK 7:22!21
ἐγενήθη	13.48	2	LUK 18:23!6; LUK 20:17!18
ἐγενήθησαν	13.107	1	LUK 10:13!13
ἐγερθήσεται	17.9	1	LUK 11:31!3
ἐγερθεὶς	17.9	1	LUK 11:8!19
ἐγερθῆναι	23.94	1	LUK 9:22!25
ἐγερθῇ	17.9	1	LUK 13:25!4
ἐγεῖραι	13.83	1	LUK 3:8!28
ἐγκαθέτους	27.47	1	LUK 20:20!4
ἐγκακεῖν	25.288	1	LUK 18:1!13
ἐγκύῳ	23.50	1	LUK 2:5!8
ἐγνώρισαν	28.26	1	LUK 2:17!3
ἐγνώρισεν	28.26	1	LUK 2:15!31
ἐγνώσθη	31.27	1	LUK 24:35!10
ἐγόγγυζον	33.382	1	LUK 5:30!2
ἐγώ	92.1	2	LUK 22:70!19; LUK 24:39!10
ἐγὼ	92.1	15	LUK 10:35!20; LUK 11:19!3; LUK 15:17!13; LUK 16:9!2; LUK 19:22!13; LUK 1:18!11; LUK 20:8!7; LUK 21:15!1; LUK 22:27!12; LUK 22:32!1; LUK 23:14!15; LUK 24:49!3; LUK 7:8!3; LUK 8:46!8; LUK 9:9!6
ἐδέξαντο	34.53	1	LUK 9:53!3
ἐδέξατο	34.53	1	LUK 2:28!3
ἐδίδαξας	33.224	1	LUK 13:26!14
ἐδίδαξεν	33.224	1	LUK 11:1!27
ἐδίδασκεν	33.224	2	LUK 4:15!3; LUK 5:3!22
ἐδίδου	57.71	2	LUK 15:16!16; LUK 9:16!19
ἐδαφιοῦσίν	20.57	1	LUK 19:44!2
ἐδαφιοῦσίν	20.64	1	LUK 19:44!2
ἐδεήθη	33.170	1	LUK 5:12!23
ἐδεήθην	33.170	2	LUK 22:32!3; LUK 9:40!2
ἐδεσμεύετο	18.15	1	LUK 8:29!17
ἐδεῖτο	33.170	1	LUK 8:38!1
ἐδικαίωσαν	36.22	1	LUK 7:29!9
ἐδικαιώθη	88.16	1	LUK 7:35!2
ἐδόθη	57.71	1	LUK 12:48!14
ἐδόκουν	31.29	1	LUK 24:37!6
ἐδόξαζεν	33.357	2	LUK 13:13!10; LUK 23:47!7
ἐδόξαζον	33.357	2	LUK 5:26!6; LUK 7:16!6
ἐδύνατο	74.5	1	LUK 1:22!4
ἐζήτει	13.19	1	LUK 22:6!4
ἐζήτει	68.60	2	LUK 19:3!2; LUK 9:9!17
ἐζήτησαν	68.60	1	LUK 20:19!2
ἐζήτουν	27.34	2	LUK 19:47!16; LUK 22:2!2
ἐζήτουν	68.60	3	LUK 11:16!7; LUK 5:18!12; LUK 6:19!5
ἐζητεῖτέ	27.41	1	LUK 2:49!7
ἐζητοῦμέν	27.41	1	LUK 2:48!24
ἐζυμώθη	5.12	1	LUK 13:21!14
ἐθήλασας	23.7	1	LUK 11:27!26
ἐθαύμαζον	25.213	2	LUK 1:21!9; LUK 4:22!6
ἐθαύμασαν	25.213	4	LUK 11:14!15; LUK 1:63!11; LUK 2:18!5; LUK 8:25!10
ἐθαύμασεν	25.213	2	LUK 11:38!5; LUK 7:9!6
ἐθεάσαντο	24.14	1	LUK 23:55!12
ἐθεάσατο	24.14	1	LUK 5:27!6
ἐθεράπευεν	23.139	1	LUK 4:40!23
ἐθεράπευσεν	23.139	2	LUK 13:14!9; LUK 7:21!5
ἐθεραπεύοντο	23.139	1	LUK 6:18!17
ἐθνῶν	11.37	4	LUK 21:24!16; LUK 21:24!21; LUK 22:25!8; LUK 2:32!4
ἐθνῶν	11.55	1	LUK 21:25!15
ἐθρήνουν	25.141	1	LUK 23:27!13
ἐθρήνουν	52.2	1	LUK 23:27!13
ἐθρηνήσαμεν	33.115	1	LUK 7:32!18
ἐκ	63.20	5	LUK 11:27!12; LUK 12:13!4; LUK 1:5!19; LUK 1:61!8; LUK 22:3!10
ἐκ	67.131	1	LUK 18:21!7
ἐκ	67.33	1	LUK 1:15!19
ἐκ	78.48	1	LUK 17:24!6
ἐκ	84.4	14	LUK 10:18!9; LUK 12:36!11; LUK 17:7!12; LUK 1:71!6; LUK 1:74!2; LUK 21:18!3; LUK 23:55!8; LUK 2:4!8; LUK 4:22!14; LUK 5:17!20; LUK 5:3!19; LUK 6:42!31; LUK 8:27!10; LUK 9:35!4
ἐκ	87.34	2	LUK 20:42!14; LUK 22:69!11
ἐκ	89.121	5	LUK 16:31!14; LUK 16:4!7; LUK 20:35!12; LUK 24:46!12; LUK 9:7!19
ἐκ	89.3	3	LUK 11:31!18; LUK 23:7!4; LUK 2:36!7
ἐκ	89.77	2	LUK 16:9!8; LUK 8:3!15
ἐκ	90.16	12	LUK 10:11!7; LUK 11:54!5; LUK 12:15!21; LUK 21:4!14; LUK 21:4!4; LUK 2:35!12; LUK 3:8!24; LUK 6:44!16; LUK 6:44!4; LUK 6:45!17; LUK 6:45!23; LUK 6:45!4
ἐκάθητο	17.12	2	LUK 18:35!11; LUK 22:55!10
ἐκάθισεν	17.12	2	LUK 19:30!18; LUK 4:20!8
ἐκάλεσεν	33.315	1	LUK 14:16!11
ἐκάλουν	33.129	1	LUK 1:59!13
ἐκέλευσεν	33.323	1	LUK 18:40!5
ἐκαθαρίσθη	23.137	1	LUK 4:27!15
ἐκαθαρίσθησαν	23.137	2	LUK 17:14!16; LUK 17:17!9
ἐκβάλλει	53.102	1	LUK 11:15!12
ἐκβάλλειν	15.44	1	LUK 19:45!7
ἐκβάλλειν	53.102	1	LUK 11:18!18
ἐκβάλλοντα	53.102	1	LUK 9:49!12
ἐκβάλλουσιν	53.102	1	LUK 11:19!14
ἐκβάλλω	53.102	3	LUK 11:19!6; LUK 11:20!6; LUK 13:32!10
ἐκβάλλων	53.102	1	LUK 11:14!3
ἐκβάλω	15.44	1	LUK 6:42!9
ἐκβάλωσιν	33.396	1	LUK 6:22!15
ἐκβάλωσιν	53.102	1	LUK 9:40!7
ἐκβάλῃ	15.68	1	LUK 10:2!21
ἐκβαλεῖν	15.44	1	LUK 6:42!47
ἐκβαλλομένους	15.220	1	LUK 13:28!28
ἐκβαλόντες	15.220	1	LUK 20:15!2
ἐκβαλὼν	15.68	1	LUK 10:35!5
ἐκδίκησιν	56.35	2	LUK 18:7!8; LUK 18:8!6
ἐκδικήσεως	39.33	1	LUK 21:22!3
ἐκδικήσω	56.35	1	LUK 18:5!10
ἐκδύσαντες	49.18	1	LUK 10:30!18
ἐκείναις	92.30	5	LUK 21:23!10; LUK 2:1!6; LUK 4:2!14; LUK 5:35!14; LUK 9:36!17
ἐκείνη	92.30	1	LUK 21:34!23
ἐκείνην	92.30	1	LUK 15:14!11
ἐκείνης	83.2	1	LUK 19:4!13
ἐκείνης	92.30	4	LUK 15:15!9; LUK 19:4!13; LUK 6:49!30; LUK 9:5!11
ἐκείνου	92.30	3	LUK 11:26!20; LUK 12:46!6; LUK 20:35!6
ἐκείνους	92.30	1	LUK 8:32!18
ἐκείνων	92.30	1	LUK 14:24!8
ἐκείνῃ	92.30	8	LUK 10:12!14; LUK 10:12!8; LUK 10:31!10; LUK 17:31!2; LUK 18:3!7; LUK 6:23!3; LUK 6:48!24; LUK 7:21!2
ἐκείνῳ	92.30	1	LUK 22:22!15
ἐκεῖ	83.2	15	LUK 10:6!4; LUK 11:26!13; LUK 12:18!14; LUK 12:34!7; LUK 13:28!1; LUK 15:13!16; LUK 17:23!5; LUK 17:37!14; LUK 21:2!7; LUK 22:12!7; LUK 23:33!10; LUK 2:6!7; LUK 6:6!16; LUK 8:32!3; LUK 9:4!7
ἐκεῖθεν	84.10	3	LUK 12:59!6; LUK 16:26!22; LUK 9:4!10
ἐκεῖνοι	92.30	3	LUK 12:37!4; LUK 12:38!16; LUK 13:4!2
ἐκεῖνον	92.30	2	LUK 18:14!11; LUK 20:18!5
ἐκεῖνος	92.30	3	LUK 12:43!4; LUK 12:45!6; LUK 12:47!1
ἐκζητηθήσεται	56.9	1	LUK 11:51!18
ἐκζητηθῇ	56.9	1	LUK 11:50!2
ἐκινδύνευον	21.2	1	LUK 8:23!15
ἐκκεχυμένον	14.18	1	LUK 11:50!9
ἐκκεχυμένον	23.112	1	LUK 11:50!9
ἐκκόπτεται	19.18	1	LUK 3:9!19
ἐκκόψεις	19.18	1	LUK 13:9!11
ἐκλήθη	33.129	1	LUK 2:21!10
ἐκλίπῃ	57.46	1	LUK 16:9!15
ἐκλίπῃ	68.36	1	LUK 22:32!8
ἐκλαύσατε	25.138	1	LUK 7:32!21
ἐκλείσθη	79.112	1	LUK 4:25!17
ἐκλεκτός	30.93	1	LUK 23:35!24
ἐκλεκτῶν	30.93	1	LUK 18:7!10
ἐκλελεγμένος	30.92	1	LUK 9:35!14
ἐκλεξάμενος	30.92	1	LUK 6:13!10
ἐκλιπόντος	68.36	1	LUK 23:45!3
ἐκολλήθη	34.22	1	LUK 15:15!3
ἐκπειράζων	27.31	1	LUK 10:25!6
ἐκπειράζων	27.46	1	LUK 10:25!6
ἐκπειράζων	88.308	1	LUK 10:25!6
ἐκπειράσεις	27.46	1	LUK 4:12!10
ἐκπορευομένοις	15.40	2	LUK 3:7!4; LUK 4:22!13
ἐκραταιοῦτο	23.134	1	LUK 2:40!6
ἐκραταιοῦτο	76.10	1	LUK 1:80!6
ἐκρατοῦντο	37.16	1	LUK 24:16!5
ἐκρύβη	28.79	1	LUK 19:42!16
ἐκτείνας	16.19	1	LUK 5:13!2
ἐκτελέσαι	68.22	2	LUK 14:29!9; LUK 14:30!11
ἐκτενέστερον	25.71	1	LUK 22:44!5
ἐκφυγεῖν	21.14	1	LUK 21:36!9
ἐκχυθήσεται	14.18	1	LUK 5:37!21
ἐκχυννόμενον	14.18	1	LUK 22:20!22
ἐκχυννόμενον	23.112	1	LUK 22:20!22
ἐκχωρείτωσαν	15.41	1	LUK 21:21!15
ἐκωλύομεν	13.146	1	LUK 9:49!15
ἐκωλύσατε	13.146	1	LUK 11:52!17
ἐκόπτοντο	52.1	2	LUK 23:27!11; LUK 8:52!5
ἐλάβομεν	18.1	1	LUK 5:5!11
ἐλάλει	33.70	4	LUK 1:64!12; LUK 24:32!14; LUK 2:38!10; LUK 9:11!10
ἐλάλησα	33.70	1	LUK 24:44!10
ἐλάλησαν	33.70	1	LUK 24:25!17
ἐλάλησεν	33.70	5	LUK 11:14!11; LUK 1:55!2; LUK 1:70!2; LUK 24:6!8; LUK 2:50!8
ἐλάλουν	33.70	1	LUK 2:15!14
ἐλάχιστον	65.57	1	LUK 12:26!4
ἐλέγετε	33.69	1	LUK 17:6!11
ἐλέησον	88.76	1	LUK 17:13!8
ἐλέησόν	88.76	3	LUK 16:24!7; LUK 18:38!7; LUK 18:39!15
ἐλέους	88.76	2	LUK 1:54!6; LUK 1:78!3
ἐλήλυθα	15.81	1	LUK 5:32!2
ἐλήλυθεν	15.81	2	LUK 7:33!1; LUK 7:34!1
ἐλαίου	6.202	1	LUK 16:6!6
ἐλαίῳ	6.202	1	LUK 7:46!1
ἐλαλήθη	33.70	1	LUK 2:20!17
ἐλαλήσατε	33.91	1	LUK 12:3!17
ἐλαχίστῳ	87.66	3	LUK 16:10!13; LUK 16:10!4; LUK 19:17!9
ἐλεγχόμενος	33.417	1	LUK 3:19!6
ἐλεημοσύνην	57.112	2	LUK 11:41!5; LUK 12:33!7
ἐλεύσεται	15.81	1	LUK 20:16!1
ἐλεύσονται	13.117	2	LUK 21:6!4; LUK 5:35!1
ἐλεύσονται	15.81	1	LUK 21:8!9
ἐληλυθότες	15.81	1	LUK 5:17!19
ἐλθέτω	13.117	1	LUK 11:2!12
ἐλθεῖν	13.117	1	LUK 17:1!13
ἐλθεῖν	15.81	3	LUK 14:1!5; LUK 14:20!11; LUK 7:7!7
ἐλθόντας	15.81	1	LUK 5:7!10
ἐλθόντος	15.81	1	LUK 12:36!15
ἐλθὸν	15.81	1	LUK 11:25!2
ἐλθὼν	13.50	1	LUK 15:17!4
ἐλθὼν	15.81	10	LUK 10:32!8; LUK 12:37!6; LUK 12:43!6; LUK 14:9!2; LUK 15:6!2; LUK 18:8!15; LUK 19:23!12; LUK 22:45!6; LUK 7:3!15; LUK 8:51!1
ἐλογίσθη	31.1	1	LUK 22:37!16
ἐλπίζετε	30.54	1	LUK 6:34!6
ἐμέ	92.1	4	LUK 1:43!13; LUK 22:53!15; LUK 23:28!13; LUK 4:18!4
ἐμήνυσεν	33.209	1	LUK 20:37!8
ἐμίσουν	88.198	1	LUK 19:14!5
ἐμαρτύρουν	33.263	1	LUK 4:22!3
ἐμαυτὸν	92.3	2	LUK 7:7!3; LUK 7:8!11
ἐμβαλεῖν	85.35	1	LUK 12:5!13
ἐμβλέψας	24.9	1	LUK 20:17!3
ἐμβὰς	15.95	2	LUK 5:3!1; LUK 8:37!20
ἐμεγάλυνεν	79.124	1	LUK 1:58!10
ἐμνήσθησαν	29.7	1	LUK 24:8!2
ἐμνηστευμένην	34.74	1	LUK 1:27!3
ἐμνηστευμένῃ	34.74	1	LUK 2:5!5
ἐμοί	92.1	2	LUK 22:37!11; LUK 7:23!9
ἐμοὶ	92.1	4	LUK 12:8!9; LUK 15:29!19; LUK 4:6!17; LUK 8:28!13
ἐμοὺς	92.2	1	LUK 9:26!8
ἐμοῦ	92.1	19	LUK 10:16!4; LUK 11:23!14; LUK 11:23!5; LUK 11:23!7; LUK 11:7!18; LUK 12:13!15; LUK 13:27!11; LUK 15:31!9; LUK 16:3!17; LUK 22:21!9; LUK 22:28!7; LUK 22:37!21; LUK 22:42!10; LUK 23:43!9; LUK 24:44!32; LUK 4:7!6; LUK 5:8!12; LUK 8:46!14; LUK 9:24!19
ἐμπαίζειν	33.406	1	LUK 14:29!15
ἐμπαίξας	33.406	1	LUK 23:11!12
ἐμπαιχθήσεται	33.406	1	LUK 18:32!6
ἐμπεπλησμένοι	23.18	1	LUK 6:25!4
ἐμπεσοῦνται	15.121	1	LUK 6:39!15
ἐμπεσόντος	90.71	1	LUK 10:36!10
ἐμπτυσθήσεται	23.43	1	LUK 18:32!10
ἐμφόβων	25.256	1	LUK 24:5!1
ἐμὰ	92.2	1	LUK 15:31!14
ἐμὲ	92.1	5	LUK 10:16!10; LUK 10:16!14; LUK 24:39!25; LUK 9:48!14; LUK 9:48!19
ἐμὴν	92.2	1	LUK 22:19!23
ἐν	13.8	15	LUK 10:13!22; LUK 10:9!4; LUK 11:21!9; LUK 11:35!7; LUK 12:27!15; LUK 16:23!10; LUK 1:75!1; LUK 21:25!16; LUK 22:44!3; LUK 23:12!18; LUK 2:29!11; LUK 4:18!21; LUK 7:25!12; LUK 7:25!6; LUK 8:43!4
ἐν	23.50	1	LUK 21:23!3
ἐν	28.64	1	LUK 12:3!8
ἐν	28.71	1	LUK 12:3!4
ἐν	67.111	1	LUK 18:8!8
ἐν	67.136	49	LUK 11:1!3; LUK 11:27!3; LUK 12:38!2; LUK 12:38!6; LUK 12:58!10; LUK 13:14!19; LUK 13:14!23; LUK 16:25!11; LUK 17:11!3; LUK 17:14!12; LUK 17:26!11; LUK 17:26!4; LUK 17:28!4; LUK 18:30!11; LUK 18:30!6; LUK 18:35!3; LUK 19:13!15; LUK 1:21!10; LUK 1:25!6; LUK 1:36!11; LUK 1:39!4; LUK 1:5!2; LUK 1:8!3; LUK 1:8!7; LUK 21:23!9; LUK 21:6!6; LUK 23:29!5; LUK 23:7!18; LUK 24:15!3; LUK 24:18!20; LUK 24:30!3; LUK 24:4!3; LUK 24:51!3; LUK 2:1!3; LUK 4:2!11; LUK 4:21!12; LUK 4:25!9; LUK 4:5!11; LUK 5:1!3; LUK 5:12!3; LUK 5:12!7; LUK 5:35!13; LUK 6:12!16; LUK 6:12!3; LUK 8:5!10; LUK 9:18!3; LUK 9:29!3; LUK 9:33!3; LUK 9:36!16
ἐν	67.139	1	LUK 5:34!12
ἐν	67.33	42	LUK 10:12!5; LUK 10:14!7; LUK 10:35!21; LUK 11:31!4; LUK 11:32!4; LUK 12:12!7; LUK 12:42!23; LUK 12:46!13; LUK 12:46!7; LUK 13:1!4; LUK 13:10!8; LUK 14:1!3; LUK 14:14!12; LUK 14:5!18; LUK 17:24!22; LUK 17:31!1; LUK 19:15!3; LUK 19:42!5; LUK 1:59!3; LUK 20:1!3; LUK 20:19!13; LUK 20:33!4; LUK 21:36!3; LUK 23:12!10; LUK 24:13!6; LUK 2:27!10; LUK 2:43!5; LUK 2:6!3; LUK 3:21!3; LUK 4:16!14; LUK 4:31!12; LUK 5:17!3; LUK 6:1!3; LUK 6:23!2; LUK 6:6!3; LUK 6:7!9; LUK 7:21!1; LUK 8:13!24; LUK 8:22!3; LUK 9:34!12; LUK 9:36!2; LUK 9:51!3
ἐν	67.52	2	LUK 7:11!3; LUK 8:1!3
ἐν	83.13	113	LUK 10:13!9; LUK 10:20!18; LUK 10:7!1; LUK 11:1!7; LUK 11:43!15; LUK 11:43!9; LUK 12:28!3; LUK 12:3!18; LUK 12:33!15; LUK 12:52!7; LUK 13:10!4; LUK 13:28!21; LUK 13:29!14; LUK 13:4!10; LUK 13:6!10; LUK 14:15!13; LUK 15:25!8; LUK 15:4!18; LUK 15:7!6; LUK 16:23!18; LUK 16:23!2; LUK 16:24!27; LUK 17:31!14; LUK 17:31!23; LUK 18:22!21; LUK 18:3!4; LUK 19:20!14; LUK 19:38!14; LUK 19:38!9; LUK 19:44!16; LUK 19:44!8; LUK 19:47!7; LUK 19:5!18; LUK 1:21!13; LUK 1:22!12; LUK 1:31!4; LUK 1:41!14; LUK 1:44!19; LUK 1:65!10; LUK 1:79!3; LUK 1:80!10; LUK 20:1!11; LUK 20:42!5; LUK 20:46!13; LUK 20:46!18; LUK 21:21!18; LUK 21:21!3; LUK 21:25!4; LUK 21:27!9; LUK 21:37!5; LUK 22:16!12; LUK 22:30!9; LUK 22:53!7; LUK 22:55!4; LUK 23:19!7; LUK 23:43!11; LUK 23:7!16; LUK 24:18!18; LUK 24:27!12; LUK 24:32!11; LUK 24:44!23; LUK 24:49!15; LUK 24:53!5; LUK 24:6!12; LUK 2:11!10; LUK 2:12!11; LUK 2:14!2; LUK 2:16!16; LUK 2:19!10; LUK 2:21!24; LUK 2:23!3; LUK 2:24!8; LUK 2:25!5; LUK 2:34!20; LUK 2:43!13; LUK 2:46!8; LUK 2:49!12; LUK 2:51!22; LUK 2:7!21; LUK 2:8!4; LUK 3:15!8; LUK 3:17!4; LUK 3:2!14; LUK 3:4!11; LUK 3:4!3; LUK 4:1!15; LUK 4:15!4; LUK 4:20!13; LUK 4:23!23; LUK 4:24!11; LUK 4:25!13; LUK 4:27!5; LUK 4:28!5; LUK 4:33!2; LUK 5:16!5; LUK 5:22!14; LUK 5:29!7; LUK 5:7!5; LUK 6:23!14; LUK 6:41!17; LUK 6:41!7; LUK 6:42!13; LUK 6:42!19; LUK 6:42!41; LUK 7:25!18; LUK 7:28!13; LUK 7:32!5; LUK 7:37!14; LUK 7:37!6; LUK 7:9!18; LUK 8:27!22; LUK 8:27!27; LUK 9:12!29
ἐν	83.23	2	LUK 20:46!23; LUK 9:31!12
ἐν	83.47	11	LUK 10:31!7; LUK 12:51!6; LUK 13:19!24; LUK 13:26!10; LUK 13:6!18; LUK 13:7!14; LUK 19:36!8; LUK 24:32!16; LUK 24:35!5; LUK 8:32!8; LUK 9:57!4
ἐν	83.9	15	LUK 10:13!18; LUK 16:15!21; LUK 1:1!9; LUK 1:25!13; LUK 1:42!9; LUK 22:24!5; LUK 22:26!8; LUK 2:14!9; LUK 2:44!14; LUK 2:44!5; LUK 7:16!14; LUK 7:28!4; LUK 8:27!27; LUK 9:46!4; LUK 9:48!28
ἐν	84.22	9	LUK 17:6!19; LUK 19:30!7; LUK 21:38!8; LUK 23:19!13; LUK 23:53!9; LUK 2:7!14; LUK 3:20!10; LUK 7:17!6; LUK 8:15!3
ἐν	89.26	2	LUK 10:20!2; LUK 7:23!8
ἐν	89.48	1	LUK 1:17!18
ἐν	89.5	15	LUK 12:8!19; LUK 12:8!8; LUK 13:35!21; LUK 16:10!12; LUK 16:10!16; LUK 16:10!3; LUK 16:10!6; LUK 16:11!3; LUK 16:12!3; LUK 16:26!2; LUK 19:17!8; LUK 1:6!9; LUK 1:69!6; LUK 1:77!8; LUK 3:22!25
ἐν	89.76	15	LUK 10:17!15; LUK 10:27!16; LUK 10:27!22; LUK 10:27!28; LUK 11:20!3; LUK 12:15!13; LUK 14:34!11; LUK 20:2!8; LUK 20:8!10; LUK 21:34!9; LUK 24:19!19; LUK 24:35!12; LUK 4:14!5; LUK 8:10!16; LUK 9:49!8
ἐν	89.80	12	LUK 1:17!6; LUK 1:44!15; LUK 20:46!8; LUK 22:20!15; LUK 22:28!8; LUK 23:40!14; LUK 24:4!15; LUK 4:36!16; LUK 8:15!10; LUK 8:15!21; LUK 9:26!18; LUK 9:31!3
ἐν	89.84	1	LUK 1:78!6
ἐν	90.10	6	LUK 14:31!17; LUK 1:51!3; LUK 21:19!1; LUK 22:49!12; LUK 23:9!4; LUK 3:16!29
ἐν	90.23	1	LUK 19:38!6
ἐν	90.56	7	LUK 12:17!3; LUK 22:37!10; LUK 23:14!21; LUK 23:22!16; LUK 23:31!3; LUK 23:31!9; LUK 23:4!14
ἐν	90.6	6	LUK 11:18!16; LUK 11:19!12; LUK 11:19!4; LUK 2:27!3; LUK 3:16!29; LUK 4:1!12
ἐνάτης	60.56	1	LUK 23:44!16
ἐνέβη	15.95	1	LUK 8:22!9
ἐνέβλεψεν	24.9	1	LUK 22:61!5
ἐνένευον	33.485	1	LUK 1:62!1
ἐνέπαιζον	33.406	1	LUK 22:63!7
ἐνέπαιξαν	33.406	1	LUK 23:36!1
ἐνέπλησεν	23.17	1	LUK 1:53!2
ἐνέχειν	39.4	1	LUK 11:53!11
ἐναντίον	83.33	1	LUK 20:26!7
ἐναντίον	90.20	2	LUK 1:6!5; LUK 24:19!23
ἐνδέχεται	71.4	1	LUK 13:33!13
ἐνδόξοις	79.19	1	LUK 13:17!18
ἐνδόξῳ	79.19	1	LUK 7:25!14
ἐνδύματος	6.162	1	LUK 12:23!12
ἐνδύσατε	49.1	1	LUK 15:22!15
ἐνδύσησθε	49.1	2	LUK 12:22!21; LUK 24:49!20
ἐνεδιδύσκετο	49.1	1	LUK 16:19!7
ἐνεδρεύοντες	30.70	1	LUK 11:54!1
ἐνεδύσατο	49.1	1	LUK 8:27!19
ἐνενήκοντα	60.32	2	LUK 15:4!16; LUK 15:7!16
ἐνετύλιξεν	79.118	1	LUK 23:53!3
ἐνθάδε	83.1	1	LUK 24:41!15
ἐνιαυτὸν	67.146	1	LUK 4:19!2
ἐνισχύων	79.66	1	LUK 22:43!7
ἐννέα	60.18	3	LUK 15:4!17; LUK 15:7!17; LUK 17:17!12
ἐνομίζετο	31.29	1	LUK 3:23!12
ἐνοχλούμενοι	22.17	1	LUK 6:18!13
ἐντελεῖται	33.329	1	LUK 4:10!7
ἐντεῦθεν	84.9	2	LUK 13:31!13; LUK 4:9!23
ἐντιμότερός	87.6	1	LUK 14:8!13
ἐντολήν	33.330	2	LUK 15:29!15; LUK 23:56!14
ἐντολαῖς	33.330	1	LUK 1:6!12
ἐντολὰς	33.330	1	LUK 18:20!2
ἐντρέπομαι	87.11	1	LUK 18:4!20
ἐντραπήσονται	87.11	1	LUK 20:13!17
ἐντρεπόμενος	87.11	1	LUK 18:2!15
ἐντὸς	83.17	1	LUK 17:21!13
ἐντὸς	83.9	1	LUK 17:21!13
ἐνόντα	85.19	1	LUK 11:41!3
ἐνώπιον	83.33	13	LUK 12:9!5; LUK 12:9!9; LUK 14:10!25; LUK 15:10!6; LUK 1:17!4; LUK 1:19!12; LUK 1:76!10; LUK 23:14!16; LUK 24:43!3; LUK 4:7!5; LUK 5:18!17; LUK 5:25!4; LUK 8:47!19
ἐνώπιον	90.20	6	LUK 12:6!14; LUK 16:15!25; LUK 16:15!9; LUK 1:15!4; LUK 1:75!5; LUK 24:11!3
ἐνώπιόν	83.33	1	LUK 13:26!5
ἐνώπιόν	90.20	2	LUK 15:18!16; LUK 15:21!12
ἐξ	63.20	19	LUK 11:11!3; LUK 11:15!3; LUK 11:49!16; LUK 11:5!6; LUK 12:25!3; LUK 12:6!9; LUK 14:28!3; LUK 14:33!4; LUK 15:4!10; LUK 15:4!3; LUK 17:15!3; LUK 17:7!3; LUK 1:5!13; LUK 21:16!14; LUK 22:23!11; LUK 22:50!5; LUK 22:58!10; LUK 24:13!4; LUK 24:22!5
ἐξ	67.131	1	LUK 23:8!11
ἐξ	84.4	3	LUK 10:7!22; LUK 11:6!5; LUK 1:71!2
ἐξ	89.3	3	LUK 11:16!5; LUK 1:27!8; LUK 3:22!15
ἐξ	90.16	7	LUK 10:27!10; LUK 11:13!18; LUK 20:4!4; LUK 20:4!8; LUK 24:49!21; LUK 2:4!24; LUK 6:44!11
ἐξέβαλον	15.220	2	LUK 20:12!10; LUK 4:29!3
ἐξέδετο	57.177	1	LUK 20:9!14
ἐξέλθῃ	15.40	1	LUK 11:24!5
ἐξέλθῃς	15.40	1	LUK 12:59!5
ἐξέμαξεν	79.83	1	LUK 7:44!36
ἐξέμασσεν	79.83	1	LUK 7:38!22
ἐξέπνευσεν	23.103	1	LUK 23:46!19
ἐξέρχεσθε	15.40	1	LUK 9:4!11
ἐξέρχονται	15.40	1	LUK 4:36!25
ἐξέστησαν	25.220	2	LUK 24:22!7; LUK 8:56!2
ἐξήλθατε	15.40	4	LUK 22:52!19; LUK 7:24!14; LUK 7:25!3; LUK 7:26!3
ἐξήρχετο	15.40	2	LUK 4:41!1; LUK 6:19!12
ἐξίσταντο	25.218	1	LUK 2:47!1
ἐξαίφνης	67.113	2	LUK 2:13!2; LUK 9:39!7
ἐξαναστήσῃ	23.59	1	LUK 20:28!24
ἐξαπέστειλαν	15.68	2	LUK 20:10!19; LUK 20:11!12
ἐξαπέστειλεν	15.68	1	LUK 1:53!6
ἐξαποστέλλω	15.68	1	LUK 24:49!4
ἐξαστράπτων	14.47	1	LUK 9:29!18
ἐξεκομίζετο	15.198	1	LUK 7:12!10
ἐξεκρέματο	30.34	1	LUK 19:48!11
ἐξεκρέματο	68.15	1	LUK 19:48!11
ἐξελέγοντο	30.92	1	LUK 14:7!11
ἐξελέξατο	30.92	1	LUK 10:42!12
ἐξεληλυθυῖαν	15.40	1	LUK 8:46!12
ἐξεληλύθει	15.40	2	LUK 8:2!20; LUK 8:38!8
ἐξελθεῖν	15.40	2	LUK 6:12!7; LUK 8:29!7
ἐξελθόντα	15.40	1	LUK 8:33!1
ἐξελθόντες	15.40	1	LUK 10:10!11
ἐξελθόντι	15.40	1	LUK 8:27!1
ἐξελθόντος	15.40	2	LUK 11:14!10; LUK 11:53!2
ἐξελθὼν	15.40	6	LUK 14:18!16; LUK 15:28!11; LUK 1:22!1; LUK 22:39!2; LUK 22:62!2; LUK 4:42!4
ἐξεμυκτήριζον	33.409	2	LUK 16:14!10; LUK 23:35!6
ἐξενέγκατε	15.197	1	LUK 15:22!10
ἐξεπλάγησαν	25.219	1	LUK 2:48!4
ἐξεπλήσσοντο	25.219	2	LUK 4:32!2; LUK 9:43!1
ἐξεπορεύετο	15.40	1	LUK 4:37!2
ἐξερχόμενοι	15.40	2	LUK 9:5!7; LUK 9:6!1
ἐξερχόμενος	15.40	1	LUK 21:37!12
ἐξετείνατε	37.110	1	LUK 22:53!11
ἐξηγοῦντο	33.201	1	LUK 24:35!3
ἐξηράνθη	79.82	1	LUK 8:6!9
ἐξουθενήσας	88.195	1	LUK 23:11!1
ἐξουθενοῦντας	88.195	1	LUK 18:9!14
ἐξουσία	76.12	1	LUK 22:53!24
ἐξουσίαν	37.35	7	LUK 10:19!5; LUK 12:5!12; LUK 19:17!13; LUK 20:2!20; LUK 5:24!9; LUK 7:8!7; LUK 9:1!9
ἐξουσίαν	37.36	1	LUK 4:6!9
ἐξουσίαν	76.12	1	LUK 4:6!9
ἐξουσίας	37.36	1	LUK 23:7!6
ἐξουσίας	37.38	1	LUK 12:11!13
ἐξουσίᾳ	37.35	5	LUK 20:2!10; LUK 20:20!20; LUK 20:8!12; LUK 4:32!9; LUK 4:36!17
ἐξουσιάζοντες	37.48	1	LUK 22:25!13
ἐξωμολόγησεν	33.278	1	LUK 22:6!2
ἐξωμολόγησεν	33.359	1	LUK 22:6!2
ἐξῃτήσατο	33.166	1	LUK 22:31!6
ἐξῆλθεν	15.40	7	LUK 17:29!4; LUK 2:1!7; LUK 4:14!15; LUK 4:35!20; LUK 5:27!4; LUK 7:17!2; LUK 8:35!20
ἐξῆλθον	15.40	2	LUK 11:24!25; LUK 8:35!1
ἐπ	37.9	1	LUK 19:27!11
ἐπ	83.35	1	LUK 12:58!8
ἐπ	84.20	2	LUK 20:18!4; LUK 3:22!11
ἐπ	89.27	1	LUK 19:41!8
ἐπ	90.34	4	LUK 14:31!26; LUK 21:10!6; LUK 22:52!7; LUK 9:5!21
ἐπ	90.40	1	LUK 23:28!12
ἐπ	90.57	7	LUK 10:6!8; LUK 18:7!20; LUK 1:12!8; LUK 2:25!25; LUK 2:40!13; LUK 4:18!3; LUK 7:13!7
ἐπ	90.9	1	LUK 4:4!10
ἐπάνω	83.49	5	LUK 10:19!8; LUK 11:44!15; LUK 19:17!15; LUK 19:19!7; LUK 4:39!3
ἐπάρας	15.105	2	LUK 24:50!8; LUK 6:20!3
ἐπάρας	24.34	1	LUK 16:23!5
ἐπάρασά	33.78	1	LUK 11:27!8
ἐπάρατε	25.160	1	LUK 21:28!7
ἐπάταξεν	19.3	1	LUK 22:50!2
ἐπέβλεψεν	30.45	1	LUK 1:48!2
ἐπέγνωσαν	27.61	1	LUK 24:31!7
ἐπέγνωσαν	32.16	1	LUK 1:22!8
ἐπέδωκαν	57.75	1	LUK 24:42!3
ἐπέθηκαν	85.51	1	LUK 23:26!12
ἐπέθηκεν	85.51	1	LUK 13:13!2
ἐπέκειντο	68.16	1	LUK 23:23!3
ἐπέκρινεν	30.75	1	LUK 23:24!3
ἐπέλειχον	23.42	1	LUK 16:21!17
ἐπέμφθη	15.66	1	LUK 4:26!5
ἐπέπεσεν	13.122	1	LUK 1:12!7
ἐπέπεσεν	34.64	1	LUK 15:20!22
ἐπέστη	85.13	1	LUK 2:9!4
ἐπέστησαν	17.5	2	LUK 20:1!16; LUK 24:4!13
ἐπέστησαν	85.13	1	LUK 24:4!13
ἐπέστρεψαν	15.90	1	LUK 2:39!10
ἐπέστρεψεν	15.90	1	LUK 8:55!2
ἐπέταξας	33.325	1	LUK 14:22!8
ἐπέτρεψεν	13.138	1	LUK 8:32!21
ἐπέφωσκεν	14.41	1	LUK 23:54!7
ἐπέχων	24.33	1	LUK 14:7!7
ἐπίβλημα	6.157	2	LUK 5:36!31; LUK 5:36!9
ἐπίομεν	23.34	1	LUK 13:26!8
ἐπίστευσας	31.35	1	LUK 1:20!17
ἐπίσχυον	68.71	1	LUK 23:5!3
ἐπίτρεψόν	13.138	2	LUK 9:59!11; LUK 9:61!10
ἐπαγγελίαν	33.288	1	LUK 24:49!6
ἐπαθροιζομένων	15.132	1	LUK 11:29!4
ἐπαισχυνθήσεται	25.193	1	LUK 9:26!15
ἐπαισχυνθῇ	25.193	1	LUK 9:26!4
ἐπαιτεῖν	33.173	1	LUK 16:3!21
ἐπαιτῶν	33.173	1	LUK 18:35!15
ἐπανέρχεσθαί	15.91	1	LUK 10:35!23
ἐπαναγαγεῖν	54.5	1	LUK 5:3!15
ἐπαναπαήσεται	13.25	1	LUK 10:6!7
ἐπανελθεῖν	15.91	1	LUK 19:15!5
ἐπαύσαντο	68.34	1	LUK 8:24!21
ἐπαύσατο	68.34	2	LUK 11:1!12; LUK 5:4!3
ἐπείνασεν	23.29	2	LUK 4:2!18; LUK 6:3!15
ἐπεβίβασαν	15.98	1	LUK 19:35!15
ἐπεδίδου	57.75	1	LUK 24:30!15
ἐπεδόθη	57.75	1	LUK 4:17!2
ἐπεζήτουν	27.42	1	LUK 4:42!12
ἐπεθύμει	25.12	1	LUK 15:16!2
ἐπεθύμησα	25.12	1	LUK 22:15!6
ἐπειδὴ	89.32	1	LUK 11:6!1
ἐπεισελεύσεται	13.119	1	LUK 21:35!3
ἐπελεύσεται	15.83	1	LUK 1:35!9
ἐπελθὼν	39.47	1	LUK 11:22!5
ἐπεμελήθη	35.44	1	LUK 10:34!23
ἐπεποίθει	31.82	1	LUK 11:22!14
ἐπερχομένων	15.83	1	LUK 21:26!8
ἐπερωτᾶν	33.180	1	LUK 20:40!4
ἐπερωτῶντα	33.180	1	LUK 2:46!20
ἐπεσκέψατο	34.50	1	LUK 1:68!8
ἐπεσκίαζεν	14.62	1	LUK 9:34!8
ἐπετίμησεν	33.331	1	LUK 8:24!12
ἐπετίμησεν	33.419	4	LUK 4:35!2; LUK 4:39!5; LUK 9:42!11; LUK 9:55!3
ἐπετίμων	33.419	2	LUK 18:15!14; LUK 18:39!4
ἐπεφώνουν	33.77	1	LUK 23:21!3
ἐπεχείρησαν	68.59	1	LUK 1:1!3
ἐπεὶ	89.32	1	LUK 1:34!10
ἐπεῖδεν	30.45	1	LUK 1:25!9
ἐπηρεαζόντων	88.129	1	LUK 6:28!8
ἐπηρώτα	56.14	1	LUK 23:9!1
ἐπηρώτησέν	33.180	1	LUK 18:18!2
ἐπηρώτησαν	33.180	2	LUK 20:21!2; LUK 20:27!11
ἐπηρώτησεν	33.180	4	LUK 18:40!13; LUK 23:6!4; LUK 8:30!1; LUK 9:18!15
ἐπηρώτων	33.180	3	LUK 22:64!4; LUK 3:10!2; LUK 3:14!1
ἐπιβάλλει	85.51	1	LUK 5:36!14
ἐπιβάλλον	57.3	1	LUK 15:12!12
ἐπιβαλεῖν	37.110	1	LUK 20:19!8
ἐπιβαλοῦσιν	37.110	1	LUK 21:12!5
ἐπιβαλὼν	68.6	1	LUK 9:62!6
ἐπιβιβάσας	15.98	1	LUK 10:34!11
ἐπιβλέψαι	30.45	1	LUK 9:38!12
ἐπιβλέψαι	35.8	1	LUK 9:38!12
ἐπιγνοὺς	27.8	1	LUK 23:7!2
ἐπιγνοὺς	32.16	1	LUK 5:22!1
ἐπιγνοῦσα	27.8	1	LUK 7:37!11
ἐπιγνῶναι	27.61	1	LUK 24:16!8
ἐπιγνῷς	32.16	1	LUK 1:4!2
ἐπιγραφήν	33.46	1	LUK 20:24!8
ἐπιγραφὴ	33.46	1	LUK 23:38!4
ἐπιδείξατε	24.25	1	LUK 17:14!6
ἐπιδώσει	57.75	2	LUK 11:11!16; LUK 11:12!5
ἐπιζητοῦσιν	25.9	1	LUK 12:30!8
ἐπιθέντες	90.87	1	LUK 10:30!22
ἐπιθυμήσετε	25.12	1	LUK 17:22!9
ἐπιθυμῶν	25.12	1	LUK 16:21!2
ἐπικεῖσθαι	19.43	1	LUK 5:1!7
ἐπιλάβωνται	27.32	1	LUK 20:20!10
ἐπιλαβέσθαι	27.32	1	LUK 20:26!4
ἐπιλαβόμενοι	18.2	1	LUK 23:26!5
ἐπιλαβόμενος	18.2	2	LUK 14:4!5; LUK 9:47!10
ἐπιλελησμένον	29.17	1	LUK 12:6!13
ἐπιμελῶς	30.41	1	LUK 15:8!20
ἐπιούσιον	67.183	1	LUK 11:3!5
ἐπιούσιον	67.206	1	LUK 11:3!5
ἐπιπορευομένων	15.83	1	LUK 8:4!9
ἐπιρίψαντες	15.219	1	LUK 19:35!8
ἐπισιτισμόν	5.1	1	LUK 9:12!26
ἐπισκέψεται	34.50	1	LUK 1:78!8
ἐπισκιάσει	14.62	1	LUK 1:35!15
ἐπισκοπῆς	34.51	1	LUK 19:44!25
ἐπιστάτα	87.50	2	LUK 17:13!7; LUK 8:24!7
ἐπιστεύσατε	31.35	1	LUK 20:5!16
ἐπιστρέψαι	25.95	1	LUK 1:17!11
ἐπιστρέψας	41.51	1	LUK 22:32!15
ἐπιστρέψει	31.61	1	LUK 1:16!6
ἐπιστρέψῃ	15.90	1	LUK 17:4!11
ἐπιστρεψάτω	15.90	1	LUK 17:31!27
ἐπιστὰς	17.5	1	LUK 4:39!2
ἐπιστᾶσα	17.5	1	LUK 10:40!8
ἐπιστᾶσα	85.13	1	LUK 2:38!5
ἐπιστῇ	13.119	1	LUK 21:34!17
ἐπισυνάξαι	15.126	1	LUK 13:34!15
ἐπισυναχθήσονται	15.124	1	LUK 17:37!18
ἐπισυναχθεισῶν	15.126	1	LUK 12:1!3
ἐπιτάξῃ	33.325	1	LUK 8:31!6
ἐπιτάσσει	33.325	2	LUK 4:36!20; LUK 8:25!22
ἐπιτίθησιν	85.51	1	LUK 15:5!3
ἐπιτίμησον	33.419	2	LUK 17:3!8; LUK 19:39!12
ἐπιτιθεὶς	85.51	1	LUK 4:40!22
ἐπιτιμήσας	33.331	1	LUK 9:21!3
ἐπιτιμῶν	33.419	2	LUK 23:40!5; LUK 4:41!18
ἐπιτρέψῃ	13.138	1	LUK 8:32!15
ἐπιτρόπου	37.86	1	LUK 8:3!5
ἐπιφᾶναι	14.39	1	LUK 1:79!1
ἐπιχέων	47.6	1	LUK 10:34!7
ἐπλήρωσεν	68.26	1	LUK 7:1!2
ἐπλήσθη	59.38	2	LUK 1:41!19; LUK 1:67!6
ἐπλήσθη	67.70	1	LUK 1:57!4
ἐπλήσθησαν	67.70	4	LUK 1:23!4; LUK 2:21!3; LUK 2:22!3; LUK 2:6!8
ἐπλήσθησαν	78.46	3	LUK 4:28!2; LUK 5:26!10; LUK 6:11!3
ἐποίει	42.7	1	LUK 9:43!15
ἐποίει	90.45	1	LUK 14:16!7
ἐποίησέν	41.7	1	LUK 1:49!2
ἐποίησαν	42.7	2	LUK 9:10!8; LUK 9:15!2
ἐποίησας	41.7	1	LUK 2:48!14
ἐποίησεν	13.9	1	LUK 5:29!2
ἐποίησεν	23.199	1	LUK 8:8!11
ἐποίησεν	41.7	2	LUK 8:39!10; LUK 8:39!21
ἐποίησεν	42.29	1	LUK 11:40!10
ἐποίησεν	42.7	4	LUK 16:8!11; LUK 17:9!7; LUK 6:10!13; LUK 6:3!12
ἐποίησεν	57.189	1	LUK 19:18!10
ἐποίησεν	90.45	3	LUK 1:68!10; LUK 23:22!10; LUK 3:19!20
ἐποίουν	41.7	2	LUK 6:23!21; LUK 6:26!13
ἐποιήσατε	13.9	1	LUK 19:46!14
ἐπορεύετο	15.10	1	LUK 7:6!4
ἐπορεύετο	15.18	1	LUK 19:28!4
ἐπορεύετο	15.34	1	LUK 4:30!7
ἐπορεύθη	15.18	4	LUK 19:12!6; LUK 1:39!8; LUK 4:42!5; LUK 7:11!6
ἐπορεύθη	15.34	1	LUK 22:39!3
ἐπορεύθησαν	15.10	1	LUK 9:56!2
ἐπορεύοντο	15.18	3	LUK 24:28!7; LUK 2:3!2; LUK 2:41!2
ἐπράξαμεν	42.8	1	LUK 23:41!8
ἐπροφήτευσεν	33.459	1	LUK 1:67!10
ἐπυνθάνετο	33.181	2	LUK 15:26!6; LUK 18:36!5
ἐπώλουν	57.186	1	LUK 17:28!11
ἐπὰν	67.31	2	LUK 11:22!1; LUK 11:34!22
ἐπὶ	28.64	1	LUK 12:3!22
ἐπὶ	37.9	7	LUK 10:19!13; LUK 12:11!5; LUK 12:42!17; LUK 12:44!5; LUK 1:33!3; LUK 2:8!15; LUK 9:1!10
ἐπὶ	67.136	4	LUK 18:4!4; LUK 3:2!1; LUK 4:25!20; LUK 4:27!8
ἐπὶ	67.33	1	LUK 10:35!2
ἐπὶ	83.23	4	LUK 12:54!10; LUK 20:37!9; LUK 22:30!5; LUK 5:27!11
ἐπὶ	83.35	1	LUK 21:12!20
ἐπὶ	83.46	20	LUK 10:34!14; LUK 17:31!7; LUK 17:34!8; LUK 18:8!20; LUK 19:44!14; LUK 21:23!17; LUK 21:25!11; LUK 21:35!9; LUK 21:6!11; LUK 22:21!10; LUK 22:30!15; LUK 2:14!6; LUK 4:25!30; LUK 4:9!8; LUK 5:18!5; LUK 5:24!11; LUK 6:17!6; LUK 6:29!4; LUK 6:48!13; LUK 6:49!12
ἐπὶ	84.17	9	LUK 15:4!23; LUK 19:5!4; LUK 22:40!3; LUK 23:1!9; LUK 23:33!4; LUK 24:1!8; LUK 24:12!6; LUK 24:22!11; LUK 24:24!7
ἐπὶ	84.20	13	LUK 11:33!12; LUK 15:5!4; LUK 19:23!9; LUK 19:35!12; LUK 19:4!7; LUK 22:44!16; LUK 5:11!5; LUK 5:19!11; LUK 5:36!15; LUK 8:13!3; LUK 8:16!13; LUK 8:27!4; LUK 8:6!4
ἐπὶ	89.101	2	LUK 12:25!7; LUK 3:20!4
ἐπὶ	89.13	1	LUK 5:5!12
ἐπὶ	89.27	15	LUK 13:17!15; LUK 15:10!11; LUK 15:7!10; LUK 15:7!15; LUK 1:14!9; LUK 1:29!3; LUK 1:47!6; LUK 20:26!12; LUK 2:33!10; LUK 2:47!7; LUK 4:22!7; LUK 4:32!3; LUK 5:9!10; LUK 9:43!12; LUK 9:43!4
ἐπὶ	89.60	2	LUK 23:48!6; LUK 4:43!19
ἐπὶ	90.23	6	LUK 1:48!3; LUK 1:59!15; LUK 21:8!10; LUK 23:28!19; LUK 24:47!3; LUK 9:48!10
ἐπὶ	90.34	11	LUK 11:17!17; LUK 12:52!12; LUK 12:52!16; LUK 12:53!10; LUK 12:53!14; LUK 12:53!18; LUK 12:53!24; LUK 12:53!3; LUK 12:53!7; LUK 21:10!10; LUK 22:52!17
ἐπὶ	90.40	1	LUK 1:16!7
ἐπὶ	90.57	11	LUK 12:49!4; LUK 19:43!4; LUK 1:35!10; LUK 1:65!3; LUK 21:35!5; LUK 2:20!10; LUK 3:2!9; LUK 4:36!4; LUK 6:35!26; LUK 7:44!20; LUK 9:38!13
ἐπᾶραι	24.34	1	LUK 18:13!11
ἐπῄνεσεν	33.354	1	LUK 16:8!2
ἐρήμοις	1.86	2	LUK 1:80!12; LUK 5:16!7
ἐρήμους	1.86	1	LUK 8:29!32
ἐρήμωσις	20.41	1	LUK 21:20!13
ἐρήμῳ	1.86	5	LUK 15:4!20; LUK 3:2!16; LUK 3:4!13; LUK 4:1!17; LUK 9:12!30
ἐργάζεσθαι	42.41	1	LUK 13:14!22
ἐργάται	41.21	1	LUK 13:27!13
ἐργάται	42.43	1	LUK 10:2!11
ἐργάτας	42.43	1	LUK 10:2!20
ἐργάτης	42.43	1	LUK 10:7!16
ἐργασίαν	41.20	1	LUK 12:58!14
ἐρεῖ	33.69	8	LUK 12:10!4; LUK 13:25!25; LUK 13:27!2; LUK 14:10!16; LUK 14:9!8; LUK 17:7!15; LUK 17:8!3; LUK 20:5!12
ἐρεῖτέ	33.69	1	LUK 4:23!6
ἐρεῖτε	33.69	2	LUK 19:31!10; LUK 22:11!2
ἐρημοῦται	20.41	1	LUK 11:17!14
ἐροῦσιν	33.69	3	LUK 17:21!2; LUK 17:23!2; LUK 23:29!7
ἐρχομένη	15.81	1	LUK 18:5!16
ἐρχομένῳ	13.50	1	LUK 18:30!15
ἐρχομένῳ	15.81	1	LUK 14:31!25
ἐρχόμενοι	15.81	2	LUK 13:14!26; LUK 16:21!16
ἐρχόμενον	15.81	2	LUK 21:27!8; LUK 23:26!9
ἐρχόμενος	15.81	6	LUK 13:35!20; LUK 15:25!12; LUK 19:38!4; LUK 6:47!3; LUK 7:19!9; LUK 7:20!19
ἐρωτήσω	33.180	1	LUK 22:68!3
ἐρωτᾷ	33.161	2	LUK 11:37!5; LUK 14:32!10
ἐρωτᾷ	33.180	1	LUK 19:31!5
ἐρωτῆσαι	33.180	1	LUK 9:45!18
ἐρωτῶ	33.161	2	LUK 14:18!19; LUK 14:19!12
ἐρωτῶν	33.161	1	LUK 7:3!12
ἐρῶ	33.69	2	LUK 12:19!2; LUK 15:18!8
ἐσίγησαν	33.121	2	LUK 20:26!16; LUK 9:36!12
ἐσθίειν	23.1	1	LUK 12:45!24
ἐσθίετε	23.1	2	LUK 10:8!10; LUK 5:30!21
ἐσθίοντες	23.1	1	LUK 10:7!7
ἐσθίουσιν	23.1	1	LUK 5:33!22
ἐσθίων	23.1	2	LUK 7:33!7; LUK 7:34!6
ἐσθῆτα	6.162	1	LUK 23:11!14
ἐσθῆτι	6.162	1	LUK 24:4!16
ἐσκίρτησεν	15.243	2	LUK 1:41!11; LUK 1:44!14
ἐσμέν	85.1	1	LUK 9:12!32
ἐσμεν	13.4	1	LUK 17:10!14
ἐσπαργάνωσεν	49.6	1	LUK 2:7!9
ἐσπαργανωμένον	49.6	1	LUK 2:12!8
ἐσπλαγχνίσθη	25.49	3	LUK 10:33!10; LUK 15:20!19; LUK 7:13!6
ἐστάθησαν	17.1	1	LUK 24:17!15
ἐστέ	13.1	1	LUK 24:38!6
ἐστέ	85.1	2	LUK 13:25!31; LUK 13:27!8
ἐστήρικται	85.38	1	LUK 16:26!11
ἐστήρισεν	30.80	1	LUK 9:51!15
ἐστίν	13.1	1	LUK 6:36!8
ἐστίν	13.4	2	LUK 10:29!12; LUK 11:35!10
ἐστίν	13.69	4	LUK 14:22!12; LUK 6:32!10; LUK 6:33!10; LUK 6:34!11
ἐστίν	85.1	1	LUK 21:30!13
ἐσταύρωσαν	20.76	2	LUK 23:33!11; LUK 24:20!15
ἐστε	13.1	2	LUK 24:48!2; LUK 6:22!2
ἐστε	13.4	3	LUK 11:48!3; LUK 16:15!5; LUK 22:28!3
ἐστιν	13.1	36	LUK 10:42!3; LUK 11:23!8; LUK 11:34!21; LUK 11:41!11; LUK 12:15!20; LUK 12:23!5; LUK 14:17!17; LUK 14:31!16; LUK 14:35!8; LUK 16:10!19; LUK 16:10!9; LUK 16:17!3; LUK 17:1!8; LUK 18:25!3; LUK 18:27!12; LUK 20:6!13; LUK 21:31!11; LUK 22:38!14; LUK 22:59!20; LUK 23:6!9; LUK 4:24!10; LUK 5:23!2; LUK 5:39!12; LUK 6:35!25; LUK 6:48!2; LUK 6:49!8; LUK 7:23!3; LUK 7:28!20; LUK 7:28!9; LUK 7:39!28; LUK 7:4!13; LUK 8:17!3; LUK 9:33!17; LUK 9:48!33; LUK 9:50!17; LUK 9:62!17
ἐστιν	13.4	24	LUK 10:22!12; LUK 10:22!21; LUK 11:29!12; LUK 11:34!5; LUK 15:31!16; LUK 19:3!7; LUK 19:9!19; LUK 20:14!11; LUK 20:17!8; LUK 20:2!15; LUK 20:44!10; LUK 22:64!8; LUK 23:35!18; LUK 24:21!6; LUK 4:22!22; LUK 5:21!11; LUK 6:5!5; LUK 7:27!2; LUK 7:49!10; LUK 8:25!17; LUK 8:30!9; LUK 9:35!9; LUK 9:38!20; LUK 9:9!10
ἐστιν	13.69	3	LUK 18:29!10; LUK 1:61!7; LUK 6:43!3
ἐστιν	58.68	1	LUK 22:19!11
ἐστιν	85.1	4	LUK 12:34!3; LUK 17:21!15; LUK 22:11!12; LUK 5:34!18
ἐστιν	89.106	1	LUK 2:11!7
ἐστρωμένον	46.9	1	LUK 22:12!6
ἐστὲ	13.1	1	LUK 11:44!4
ἐστὶν	13.1	9	LUK 11:21!11; LUK 13:18!5; LUK 13:19!2; LUK 13:21!2; LUK 18:16!20; LUK 23:15!14; LUK 23:7!8; LUK 6:20!17; LUK 6:47!17
ἐστὶν	13.104	1	LUK 24:29!11
ἐστὶν	13.4	6	LUK 12:1!24; LUK 12:42!7; LUK 1:36!18; LUK 1:63!7; LUK 22:53!18; LUK 8:11!8
ἐστὶν	13.69	1	LUK 12:2!4
ἐστὶν	85.1	1	LUK 8:26!9
ἐσυκοφάντησα	33.434	1	LUK 19:8!22
ἐσχίσθη	63.26	1	LUK 23:45!4
ἐσόμενον	13.104	1	LUK 22:49!7
ἐσώθη	23.136	1	LUK 8:36!7
ἐτάφη	52.4	1	LUK 16:22!22
ἐτέθη	85.32	1	LUK 23:55!17
ἐτέλεσαν	68.22	1	LUK 2:39!3
ἐτέχθη	23.52	1	LUK 2:11!2
ἐταράχθη	25.244	1	LUK 1:12!2
ἐτόλμων	25.161	1	LUK 20:40!3
ἐτῶν	67.167	5	LUK 2:37!5; LUK 2:42!4; LUK 3:23!7; LUK 8:42!7; LUK 8:43!8
ἐφ	37.9	2	LUK 12:14!12; LUK 19:14!17
ἐφ	83.46	3	LUK 19:30!13; LUK 4:29!15; LUK 5:25!7
ἐφ	84.20	3	LUK 13:4!5; LUK 20:18!9; LUK 23:30!7
ἐφ	90.23	1	LUK 18:9!8
ἐφ	90.34	2	LUK 11:17!11; LUK 11:18!6
ἐφ	90.40	1	LUK 23:28!15
ἐφ	90.57	6	LUK 10:6!16; LUK 10:9!11; LUK 11:20!11; LUK 21:34!18; LUK 23:44!10; LUK 24:49!10
ἐφ	90.9	1	LUK 11:22!12
ἐφάνη	24.18	1	LUK 9:8!6
ἐφάνησαν	24.18	1	LUK 24:11!2
ἐφημερίας	11.47	2	LUK 1:5!14; LUK 1:8!11
ἐφοβήθησαν	25.252	4	LUK 20:19!18; LUK 2:9!12; LUK 8:35!30; LUK 9:34!10
ἐφοβούμην	25.252	1	LUK 19:21!1
ἐφοβοῦντο	25.252	2	LUK 22:2!12; LUK 9:45!17
ἐφύλαξα	36.19	1	LUK 18:21!6
ἐφύτευον	43.5	1	LUK 17:28!12
ἐφύτευσεν	43.5	1	LUK 20:9!11
ἐφώνει	33.77	1	LUK 8:8!16
ἐφώνησεν	14.76	1	LUK 22:60!15
ἐφώνησεν	33.77	1	LUK 8:54!7
ἐχάρη	25.125	1	LUK 23:8!7
ἐχάρησαν	25.125	1	LUK 22:5!2
ἐχαρίσατο	57.102	1	LUK 7:21!17
ἐχαρίσατο	57.223	2	LUK 7:42!6; LUK 7:43!9
ἐχθροί	39.11	1	LUK 19:43!9
ἐχθρούς	39.11	2	LUK 19:27!3; LUK 20:43!5
ἐχθροὺς	39.11	2	LUK 6:27!8; LUK 6:35!4
ἐχθροῦ	39.11	1	LUK 10:19!18
ἐχθρῶν	39.11	2	LUK 1:71!3; LUK 1:74!4
ἐχιδνῶν	88.123	1	LUK 3:7!10
ἐχομένῃ	67.208	1	LUK 13:33!9
ἐχορτάσθησαν	23.16	1	LUK 9:17!4
ἐχούσαις	23.50	1	LUK 21:23!5
ἐχόντων	57.1	1	LUK 7:42!2
ἐχόντων	74.12	1	LUK 12:4!18
ἐὰν	71.8	4	LUK 10:22!30; LUK 17:33!2; LUK 7:23!5; LUK 9:57!14
ἐὰν	89.67	16	LUK 10:6!2; LUK 12:45!1; LUK 13:3!5; LUK 13:5!5; LUK 14:34!5; LUK 15:8!7; LUK 17:3!11; LUK 17:3!3; LUK 17:4!2; LUK 19:40!7; LUK 20:6!1; LUK 22:68!1; LUK 4:7!3; LUK 5:12!27; LUK 6:33!2; LUK 6:34!2
ἑαυτούς	92.25	2	LUK 22:17!11; LUK 7:30!13
ἑαυτοὺς	92.25	5	LUK 16:15!8; LUK 17:14!7; LUK 20:20!6; LUK 20:5!5; LUK 22:23!6
ἑαυτοῖς	92.25	7	LUK 12:1!19; LUK 12:33!9; LUK 16:9!5; LUK 17:3!2; LUK 18:9!9; LUK 21:34!3; LUK 3:8!12
ἑαυτοῖς	92.26	1	LUK 7:49!7
ἑαυτοῦ	92.25	11	LUK 11:21!7; LUK 11:26!8; LUK 13:19!11; LUK 14:26!32; LUK 14:27!6; LUK 14:33!11; LUK 15:20!7; LUK 16:5!9; LUK 19:13!5; LUK 24:27!18; LUK 2:3!8
ἑαυτόν	92.25	1	LUK 23:35!15
ἑαυτὰς	92.25	1	LUK 23:28!16
ἑαυτὴν	92.25	2	LUK 11:17!12; LUK 1:24!13
ἑαυτὸν	92.25	10	LUK 10:29!5; LUK 11:18!7; LUK 14:11!10; LUK 14:11!5; LUK 15:17!2; LUK 18:11!5; LUK 18:14!16; LUK 18:14!21; LUK 9:23!12; LUK 9:25!9
ἑαυτῆς	92.25	1	LUK 13:34!23
ἑαυτῶν	92.25	6	LUK 12:36!8; LUK 12:57!5; LUK 16:8!28; LUK 21:30!6; LUK 2:39!16; LUK 9:60!9
ἑαυτῷ	92.25	7	LUK 12:17!4; LUK 12:21!4; LUK 16:3!4; LUK 18:4!11; LUK 19:12!11; LUK 7:39!10; LUK 9:47!15
ἑβδομήκοντα	60.30	2	LUK 10:1!9; LUK 10:17!4
ἑκάστῳ	59.27	1	LUK 4:40!18
ἑκατοντάρχης	55.16	2	LUK 23:47!4; LUK 7:6!19
ἑκατονταπλασίονα	60.78	1	LUK 8:8!13
ἑκατὸν	60.33	1	LUK 15:4!6
ἑνός	60.10	1	LUK 10:42!6
ἑνὶ	60.10	3	LUK 11:46!17; LUK 15:10!12; LUK 15:7!11
ἑνὶ	63.4	1	LUK 12:52!8
ἑνὶ	92.22	2	LUK 15:15!4; LUK 4:40!17
ἑνὸς	60.10	1	LUK 16:13!17
ἑξήκοντα	60.29	1	LUK 24:13!16
ἑξῆς	67.208	2	LUK 7:11!5; LUK 9:37!4
ἑορτὴ	51.2	1	LUK 22:1!4
ἑορτῆς	51.2	1	LUK 2:42!12
ἑορτῇ	51.2	1	LUK 2:41!11
ἑπτά	60.16	1	LUK 11:26!9
ἑπτάκις	60.73	2	LUK 17:4!10; LUK 17:4!3
ἑπτὰ	60.16	5	LUK 20:29!1; LUK 20:31!10; LUK 20:33!13; LUK 2:36!19; LUK 8:2!19
ἑσπέραν	67.191	1	LUK 24:29!10
ἑστάναι	85.8	1	LUK 13:25!14
ἑστήκασιν	85.8	1	LUK 8:20!11
ἑστηκότων	85.8	1	LUK 9:27!9
ἑστὼς	85.8	3	LUK 18:13!5; LUK 1:11!6; LUK 5:1!18
ἑστῶτα	85.8	1	LUK 5:2!5
ἑτέρα	58.37	1	LUK 17:35!12
ἑτέραις	58.37	1	LUK 4:43!9
ἑτέραν	58.37	2	LUK 16:18!9; LUK 9:56!4
ἑτέρου	58.37	1	LUK 16:13!21
ἑτέρους	58.37	1	LUK 10:1!8
ἑτέρῳ	58.37	4	LUK 14:31!5; LUK 16:7!2; LUK 5:7!7; LUK 6:6!4
ἑτοιμάσαι	77.3	3	LUK 1:17!21; LUK 1:76!12; LUK 9:52!14
ἑτοιμάσας	77.3	1	LUK 12:47!14
ἑτοιμάσατε	77.3	2	LUK 22:12!8; LUK 22:8!8
ἑτοιμάσωμεν	77.3	1	LUK 22:9!7
ἑωρακέναι	24.1	1	LUK 24:23!12
ἑώρακαν	24.1	1	LUK 9:36!22
ἑώρακεν	24.1	1	LUK 1:22!11
ἓν	60.10	2	LUK 12:6!8; LUK 15:4!12
ἓν	92.22	2	LUK 12:27!22; LUK 5:3!4
ἔβαλεν	15.215	1	LUK 13:19!8
ἔβαλεν	85.34	2	LUK 21:3!14; LUK 21:4!23
ἔβαλον	15.215	1	LUK 23:34!18
ἔβαλον	85.34	1	LUK 21:4!8
ἔβρεξέν	79.79	1	LUK 7:44!28
ἔβρεξεν	14.11	1	LUK 17:29!8
ἔγειρε	17.9	1	LUK 5:24!21
ἔγειρε	23.94	1	LUK 8:54!11
ἔγημα	34.66	1	LUK 14:20!5
ἔγνων	28.1	2	LUK 16:4!1; LUK 8:46!10
ἔγνως	27.2	1	LUK 24:18!15
ἔγνως	32.16	2	LUK 19:42!4; LUK 19:44!21
ἔγνωσαν	28.1	1	LUK 2:43!17
ἔγνωσαν	32.16	1	LUK 20:19!21
ἔγραψεν	33.61	2	LUK 1:63!4; LUK 20:28!4
ἔδει	71.21	5	LUK 11:42!27; LUK 13:16!16; LUK 15:32!5; LUK 22:7!8; LUK 24:26!3
ἔδειξεν	28.47	2	LUK 24:40!4; LUK 4:5!4
ἔδησεν	23.157	1	LUK 13:16!7
ἔδοξε	30.96	1	LUK 1:3!1
ἔδραμεν	15.230	1	LUK 24:12!5
ἔδωκάς	57.217	1	LUK 19:23!5
ἔδωκας	57.71	2	LUK 15:29!21; LUK 7:44!23
ἔδωκας	90.90	1	LUK 7:45!4
ἔδωκεν	13.128	1	LUK 18:43!15
ἔδωκεν	37.98	1	LUK 9:1!5
ἔδωκεν	57.71	5	LUK 10:35!8; LUK 19:13!6; LUK 22:19!7; LUK 6:4!16; LUK 7:15!9
ἔζησεν	23.93	1	LUK 15:32!14
ἔθεντο	29.2	1	LUK 1:66!2
ἔθηκα	57.217	1	LUK 19:22!20
ἔθηκας	57.217	1	LUK 19:21!11
ἔθηκεν	85.32	2	LUK 23:53!7; LUK 6:48!11
ἔθνεσιν	11.37	1	LUK 18:32!4
ἔθνη	11.55	3	LUK 12:30!5; LUK 21:24!9; LUK 24:47!14
ἔθνος	11.55	4	LUK 21:10!5; LUK 21:10!7; LUK 23:2!10; LUK 7:5!4
ἔθος	41.25	3	LUK 1:9!3; LUK 22:39!6; LUK 2:42!10
ἔθρεψαν	23.6	1	LUK 23:29!21
ἔθυσας	20.72	1	LUK 15:30!15
ἔθυσεν	20.72	1	LUK 15:27!11
ἔκβαλε	15.44	1	LUK 6:42!27
ἔκκοψον	19.18	1	LUK 13:7!21
ἔκλαιον	25.138	1	LUK 8:52!1
ἔκλασεν	19.34	1	LUK 22:19!5
ἔκλαυσεν	25.138	2	LUK 19:41!7; LUK 22:62!4
ἔκραζεν	33.83	1	LUK 18:39!12
ἔκρινας	30.108	1	LUK 7:43!15
ἔκρυψεν	24.30	1	LUK 13:21!7
ἔκστασις	25.217	1	LUK 5:26!2
ἔλαβεν	57.55	1	LUK 20:31!4
ἔλαβεν	90.63	2	LUK 5:26!3; LUK 7:16!1
ἔλαθεν	28.83	1	LUK 8:47!7
ἔλαιον	6.202	1	LUK 10:34!8
ἔλαχε	30.106	1	LUK 1:9!6
ἔλεγεν	33.69	10	LUK 10:2!1; LUK 13:14!12; LUK 16:5!10; LUK 21:10!2; LUK 23:34!4; LUK 23:42!2; LUK 3:11!3; LUK 5:36!1; LUK 6:20!11; LUK 6:5!2
ἔλεγον	33.69	4	LUK 22:65!5; LUK 24:10!17; LUK 4:22!19; LUK 9:31!5
ἔλεος	88.76	4	LUK 10:37!7; LUK 1:50!3; LUK 1:58!13; LUK 1:72!2
ἔλθωσιν	15.81	1	LUK 16:28!12
ἔλθῃ	13.117	1	LUK 22:18!21
ἔλθῃ	13.50	1	LUK 8:17!18
ἔλθῃ	15.81	4	LUK 12:38!10; LUK 14:10!12; LUK 1:43!6; LUK 9:26!17
ἔλθῃς	15.81	1	LUK 23:42!7
ἔμενεν	85.55	1	LUK 8:27!25
ἔμιξεν	63.10	1	LUK 13:1!17
ἔμπροσθέν	83.33	2	LUK 19:27!18; LUK 7:27!19
ἔμπροσθέν	90.20	1	LUK 10:21!39
ἔμπροσθεν	83.33	6	LUK 12:8!10; LUK 12:8!21; LUK 19:28!5; LUK 19:4!5; LUK 21:36!17; LUK 5:19!25
ἔμπροσθεν	83.36	1	LUK 14:2!7
ἔμφοβοι	25.256	1	LUK 24:37!4
ἔν	83.13	1	LUK 18:2!5
ἔναντι	83.33	1	LUK 1:8!13
ἔνθεν	84.9	1	LUK 16:26!16
ἔντιμος	87.6	1	LUK 7:2!12
ἔξελθε	15.40	1	LUK 4:35!9
ἔξεστιν	71.32	4	LUK 20:22!1; LUK 6:2!10; LUK 6:4!22; LUK 6:9!10
ἔξοδον	23.101	1	LUK 9:31!7
ἔξω	83.20	4	LUK 13:25!13; LUK 13:33!16; LUK 1:10!9; LUK 8:20!12
ἔξω	84.27	5	LUK 13:28!29; LUK 14:35!9; LUK 20:15!4; LUK 22:62!3; LUK 4:29!5
ἔξωθεν	83.21	2	LUK 11:39!12; LUK 11:40!6
ἔπειτα	67.44	1	LUK 16:7!1
ἔπεμψεν	15.66	3	LUK 15:15!11; LUK 7:19!1; LUK 7:6!16
ἔπεσεν	15.118	3	LUK 8:5!16; LUK 8:7!3; LUK 8:8!3
ἔπεσεν	15.119	1	LUK 13:4!7
ἔπεσεν	17.22	1	LUK 17:16!2
ἔπινον	23.34	2	LUK 17:27!2; LUK 17:28!9
ἔπλησαν	59.38	1	LUK 5:7!16
ἔπλυνον	47.8	1	LUK 5:2!15
ἔπραξα	57.65	1	LUK 19:23!17
ἔπραξεν	42.8	1	LUK 23:41!14
ἔργοις	42.11	1	LUK 11:48!7
ἔργῳ	42.11	1	LUK 24:19!20
ἔρημον	1.86	2	LUK 4:42!7; LUK 7:24!17
ἔριφον	4.19	1	LUK 15:29!22
ἔρρηξεν	23.168	1	LUK 9:42!5
ἔρριπται	15.217	1	LUK 17:2!12
ἔρχεσθαι	15.81	4	LUK 10:1!28; LUK 12:45!15; LUK 18:16!10; LUK 9:23!10
ἔρχεταί	15.81	1	LUK 8:49!4
ἔρχεται	13.117	3	LUK 17:1!18; LUK 17:20!17; LUK 17:20!7
ἔρχεται	15.81	8	LUK 12:39!13; LUK 12:40!14; LUK 12:54!16; LUK 14:26!3; LUK 14:27!8; LUK 3:16!11; LUK 7:8!23; LUK 8:12!10
ἔρχομαι	15.81	2	LUK 13:7!11; LUK 19:13!17
ἔρχονται	13.117	1	LUK 23:29!3
ἔσεσθε	13.1	1	LUK 21:17!2
ἔσεσθε	13.4	1	LUK 6:35!19
ἔσθητε	23.1	1	LUK 22:30!2
ἔσκαψεν	19.55	1	LUK 6:48!7
ἔσομαι	85.1	1	LUK 9:41!13
ἔσονται	13.1	2	LUK 13:30!12; LUK 13:30!6
ἔσονται	13.104	3	LUK 11:19!20; LUK 21:11!10; LUK 21:25!2
ἔσονται	85.1	3	LUK 12:52!1; LUK 17:34!6; LUK 17:35!1
ἔσπειρα	43.6	1	LUK 19:22!25
ἔσπειρας	43.6	1	LUK 19:21!16
ἔσται	13.1	13	LUK 10:12!10; LUK 10:14!6; LUK 11:30!9; LUK 11:36!13; LUK 17:24!17; LUK 17:26!9; LUK 17:30!4; LUK 1:15!1; LUK 1:32!2; LUK 21:24!13; LUK 22:69!5; LUK 6:35!13; LUK 6:40!10
ἔσται	13.104	13	LUK 12:20!20; LUK 14:10!22; LUK 1:14!2; LUK 1:33!15; LUK 1:34!8; LUK 1:45!6; LUK 1:66!16; LUK 21:11!18; LUK 21:23!13; LUK 21:7!9; LUK 2:10!15; LUK 3:5!11; LUK 4:7!7
ἔσται	13.4	1	LUK 19:46!5
ἔσται	13.51	1	LUK 3:5!11
ἔσται	13.69	1	LUK 12:55!8
ἔσται	85.1	4	LUK 12:34!12; LUK 13:28!2; LUK 15:7!9; LUK 17:31!6
ἔστη	17.1	2	LUK 24:36!6; LUK 6:17!5
ἔστη	17.6	1	LUK 6:8!24
ἔστη	68.42	1	LUK 8:44!11
ἔστησαν	17.1	2	LUK 17:12!12; LUK 7:14!9
ἔστησεν	85.40	2	LUK 4:9!7; LUK 9:47!12
ἔστιν	13.1	3	LUK 12:6!12; LUK 20:38!4; LUK 6:40!2
ἔστιν	13.69	1	LUK 12:24!11
ἔστιν	85.1	2	LUK 24:6!2; LUK 9:50!12
ἔσχατα	61.13	1	LUK 11:26!17
ἔσχατοι	87.66	2	LUK 13:30!13; LUK 13:30!4
ἔσχατον	61.13	1	LUK 12:59!10
ἔσχατον	87.66	2	LUK 14:10!8; LUK 14:9!19
ἔσχον	57.1	1	LUK 20:33!14
ἔσωθεν	26.2	1	LUK 11:39!21
ἔσωθεν	83.16	1	LUK 11:40!9
ἔσωθεν	84.14	1	LUK 11:7!2
ἔσωσεν	21.18	1	LUK 23:35!13
ἔσῃ	13.1	3	LUK 14:14!3; LUK 1:20!3; LUK 5:10!27
ἔσῃ	85.1	1	LUK 23:43!10
ἔτει	67.167	1	LUK 3:1!2
ἔτεκεν	23.52	1	LUK 2:7!2
ἔτη	67.167	7	LUK 12:19!12; LUK 13:11!7; LUK 13:16!14; LUK 13:7!8; LUK 15:29!10; LUK 2:36!18; LUK 4:25!21
ἔτι	59.75	4	LUK 14:22!10; LUK 14:26!27; LUK 20:36!4; LUK 22:71!5
ἔτι	67.128	9	LUK 14:32!4; LUK 15:20!8; LUK 16:2!20; LUK 1:15!18; LUK 22:60!12; LUK 24:41!1; LUK 24:44!13; LUK 24:6!10; LUK 9:42!1
ἔτιλλον	18.9	1	LUK 6:1!10
ἔτος	67.167	2	LUK 13:8!12; LUK 2:41!7
ἔτυπτε	19.1	1	LUK 18:13!16
ἔφαγεν	23.1	3	LUK 24:43!5; LUK 4:2!9; LUK 6:4!14
ἔφαγον	23.1	1	LUK 9:17!2
ἔφη	33.69	7	LUK 15:17!5; LUK 22:58!16; LUK 22:58!7; LUK 22:70!15; LUK 23:3!17; LUK 23:40!7; LUK 7:44!8
ἔφθασεν	13.123	1	LUK 11:20!10
ἔφυγον	15.61	1	LUK 8:34!7
ἔχαιρεν	25.125	1	LUK 13:17!14
ἔχε	31.1	2	LUK 14:18!21; LUK 14:19!14
ἔχει	13.2	2	LUK 20:24!5; LUK 22:37!23
ἔχει	18.6	1	LUK 7:33!15
ἔχει	57.1	8	LUK 14:28!15; LUK 19:25!5; LUK 19:26!15; LUK 19:31!16; LUK 19:34!9; LUK 24:39!23; LUK 5:24!10; LUK 9:58!22
ἔχει	90.65	1	LUK 17:9!2
ἔχειν	57.1	3	LUK 8:18!19; LUK 8:6!13; LUK 9:3!22
ἔχεις	57.1	2	LUK 12:19!7; LUK 18:22!13
ἔχετε	31.1	1	LUK 17:6!6
ἔχθρᾳ	39.10	1	LUK 23:12!19
ἔχομεν	57.1	2	LUK 22:71!6; LUK 3:8!14
ἔχον	90.65	1	LUK 11:36!9
ἔχοντα	57.1	2	LUK 12:5!11; LUK 24:39!27
ἔχοντας	57.1	1	LUK 9:11!20
ἔχοντες	23.148	1	LUK 5:31!17
ἔχοντες	57.1	1	LUK 18:24!12
ἔχοντι	57.1	3	LUK 19:24!16; LUK 19:26!6; LUK 3:11!12
ἔχοντι	90.65	1	LUK 6:8!13
ἔχοντος	57.1	1	LUK 19:26!12
ἔχουσα	57.1	1	LUK 15:8!5
ἔχουσα	90.65	1	LUK 13:11!5
ἔχουσιν	57.1	4	LUK 15:7!22; LUK 5:31!10; LUK 8:13!18; LUK 9:58!9
ἔχουσιν	74.12	1	LUK 14:14!6
ἔχρισέν	37.107	1	LUK 4:18!7
ἔχω	57.1	5	LUK 11:6!11; LUK 12:17!10; LUK 12:50!3; LUK 16:28!1; LUK 7:40!9
ἔχω	90.65	1	LUK 14:18!14
ἔχων	23.148	1	LUK 7:2!6
ἔχων	57.1	11	LUK 14:35!13; LUK 15:4!5; LUK 17:7!6; LUK 19:17!14; LUK 20:28!10; LUK 22:36!16; LUK 22:36!7; LUK 3:11!15; LUK 3:11!6; LUK 7:8!9; LUK 8:8!18
ἔχων	90.65	2	LUK 4:33!7; LUK 8:27!13
ἔχῃ	57.1	2	LUK 8:18!15; LUK 8:18!8
ἕκαστον	59.27	2	LUK 16:5!4; LUK 6:44!1
ἕκαστος	59.27	2	LUK 13:15!9; LUK 2:3!5
ἕκτη	60.53	1	LUK 23:44!6
ἕκτος	60.53	1	LUK 1:36!17
ἕκτῳ	60.53	1	LUK 1:26!6
ἕλκη	23.179	1	LUK 16:21!19
ἕν	60.10	1	LUK 18:22!8
ἕνα	60.10	1	LUK 16:13!10
ἕνα	92.22	4	LUK 15:19!10; LUK 15:26!3; LUK 16:5!3; LUK 17:2!22
ἕνδεκα	60.20	2	LUK 24:33!13; LUK 24:9!10
ἕνεκα	90.43	1	LUK 6:22!21
ἕνεκεν	89.31	2	LUK 18:29!22; LUK 21:12!24
ἕνεκεν	90.43	1	LUK 9:24!18
ἕξ	60.15	1	LUK 4:25!25
ἕξει	57.1	1	LUK 11:5!8
ἕξεις	57.1	1	LUK 18:22!19
ἕτερα	58.37	3	LUK 11:26!5; LUK 22:65!2; LUK 3:18!5
ἕτεραι	58.37	1	LUK 8:3!10
ἕτεροι	58.37	2	LUK 11:16!1; LUK 23:32!4
ἕτερον	58.36	1	LUK 9:29!12
ἕτερον	58.37	6	LUK 16:13!14; LUK 20:11!3; LUK 8:6!2; LUK 8:7!2; LUK 8:8!2; LUK 9:59!4
ἕτερος	58.37	9	LUK 14:19!2; LUK 14:20!2; LUK 17:34!16; LUK 18:10!13; LUK 19:20!3; LUK 22:58!4; LUK 23:40!4; LUK 7:41!13; LUK 9:61!4
ἕτοιμά	77.2	1	LUK 14:17!16
ἕτοιμοι	77.2	1	LUK 12:40!4
ἕτοιμός	77.2	1	LUK 22:33!8
ἕως	67.119	20	LUK 11:51!4; LUK 12:50!8; LUK 12:59!7; LUK 13:21!12; LUK 13:35!14; LUK 13:8!13; LUK 15:4!26; LUK 15:8!21; LUK 17:8!12; LUK 1:80!13; LUK 20:43!1; LUK 21:32!11; LUK 22:16!9; LUK 22:18!15; LUK 22:34!11; LUK 23:44!14; LUK 24:49!18; LUK 2:37!4; LUK 9:27!15; LUK 9:41!11
ἕως	78.51	1	LUK 22:51!7
ἕως	84.19	7	LUK 10:15!5; LUK 10:15!8; LUK 23:5!19; LUK 24:50!4; LUK 2:15!19; LUK 4:29!11; LUK 4:42!16
Ἐγένετο	13.107	11	LUK 11:27!1; LUK 18:35!1; LUK 1:8!1; LUK 22:24!1; LUK 2:1!1; LUK 5:1!1; LUK 6:12!1; LUK 8:22!1; LUK 9:28!1; LUK 9:37!1; LUK 9:51!1
Ἐγένετο	91.5	5	LUK 1:5!1; LUK 3:21!1; LUK 6:1!1; LUK 6:6!1; LUK 9:37!1
Ἐγερθήσεται	55.2	1	LUK 21:10!4
Ἐγώ	92.1	2	LUK 1:19!7; LUK 21:8!15
Ἐγὼ	92.1	1	LUK 3:16!6
Ἐθεώρουν	24.14	1	LUK 10:18!4
Ἐκ	89.77	1	LUK 19:22!3
Ἐκδίκησόν	56.35	1	LUK 18:3!13
Ἐκεῖ	83.2	1	LUK 17:21!6
Ἐκριζώθητι	43.11	1	LUK 17:6!16
Ἐλαιῶν	3.9	4	LUK 19:29!14; LUK 19:37!11; LUK 21:37!19; LUK 22:39!11
Ἐλαιῶν	93.616	4	LUK 19:29!14; LUK 19:37!11; LUK 21:37!19; LUK 22:39!11
Ἐλεύσονται	13.117	1	LUK 17:22!6
Ἐλιέζερ	93.109	1	LUK 3:29!4
Ἐλιακὶμ	93.108b	1	LUK 3:30!10
Ἐλισάβετ	93.111	9	LUK 1:13!19; LUK 1:24!7; LUK 1:36!3; LUK 1:40!10; LUK 1:41!10; LUK 1:41!23; LUK 1:5!27; LUK 1:57!3; LUK 1:7!9
Ἐλισαίου	93.112	1	LUK 4:27!9
Ἐλμαδὰμ	93.113	1	LUK 3:28!8
Ἐμμαοῦς	93.467	1	LUK 24:13!21
Ἐν	67.136	5	LUK 10:38!1; LUK 11:37!1; LUK 12:1!1; LUK 3:1!1; LUK 8:42!12
Ἐν	67.33	4	LUK 10:21!1; LUK 13:31!1; LUK 1:26!1; LUK 8:40!1
Ἐν	83.13	1	LUK 10:26!6
Ἐν	90.6	1	LUK 11:15!6
Ἐνὼς	93.117	1	LUK 3:38!2
Ἐξ	90.16	2	LUK 20:5!10; LUK 20:6!4
Ἐξήγαγεν	15.174	1	LUK 24:50!1
Ἐξομολογοῦμαί	33.351	1	LUK 10:21!12
Ἐξῆλθεν	15.40	1	LUK 8:5!1
Ἐπανάγαγε	54.5	1	LUK 5:4!9
Ἐπειδήπερ	89.32	1	LUK 1:1!1
Ἐπειδὴ	67.45	1	LUK 7:1!1
Ἐπερωτηθεὶς	33.180	1	LUK 17:20!1
Ἐπερωτῶ	33.180	1	LUK 6:9!7
Ἐπεσκέψατο	34.50	1	LUK 7:16!18
Ἐπεσκέψατο	85.11	1	LUK 7:16!18
Ἐπηρώτησαν	33.180	1	LUK 21:7!1
Ἐπηρώτων	33.180	1	LUK 8:9!1
Ἐπιθυμίᾳ	25.12	1	LUK 22:15!5
Ἐπιμελήθητι	35.44	1	LUK 10:35!13
Ἐπιστάτα	87.50	5	LUK 5:5!5; LUK 8:24!6; LUK 8:45!15; LUK 9:33!15; LUK 9:49!5
Ἐποίησεν	42.7	1	LUK 1:51!1
Ἐπὶ	83.46	1	LUK 4:11!3
Ἐρωτήσω	33.180	1	LUK 20:3!6
Ἐρωτῶ	33.161	1	LUK 16:27!3
Ἐφάγομεν	23.1	1	LUK 13:26!4
Ἐὰν	89.67	2	LUK 20:5!8; LUK 22:67!12
Ἐᾶτε	68.35	1	LUK 22:51!6
Ἑκατοντάρχου	55.16	1	LUK 7:2!1
Ἑκατὸν	60.33	2	LUK 16:6!4; LUK 16:7!11
Ἑνὼχ	93.118	1	LUK 3:37!4
Ἑσλὶ	93.126	1	LUK 3:25!8
Ἑσρὼμ	93.127	1	LUK 3:33!8
Ἑτοίμασον	77.3	1	LUK 17:8!5
Ἑτοιμάσατε	77.3	1	LUK 3:4!14
Ἓξ	60.15	1	LUK 13:14!16
Ἔα	88.191	1	LUK 4:34!1
Ἔβερ	93.103	1	LUK 3:35!8
Ἔγειρε	17.9	2	LUK 5:23!12; LUK 6:8!16
Ἔκτεινον	16.19	1	LUK 6:10!7
Ἔλεγεν	33.69	9	LUK 12:54!1; LUK 13:18!1; LUK 13:6!1; LUK 14:12!1; LUK 14:7!1; LUK 16:1!1; LUK 18:1!1; LUK 3:7!1; LUK 9:23!1
Ἔμεινεν	85.55	1	LUK 1:56!1
Ἔξελθε	15.40	4	LUK 13:31!10; LUK 14:21!18; LUK 14:23!8; LUK 5:8!10
Ἔξεστιν	71.32	1	LUK 14:3!12
Ἔρχεσθε	15.81	1	LUK 14:17!13
Ἔρχου	15.81	1	LUK 7:8!21
Ἔστιν	13.4	1	LUK 8:11!1
Ἔστωσαν	13.1	1	LUK 12:35!1
Ἔτι	59.75	1	LUK 18:22!7
Ἔτι	67.128	2	LUK 22:47!1; LUK 8:49!1
Ἔχετέ	57.1	1	LUK 24:41!12
Ἔχουσι	57.1	1	LUK 16:29!4
ἠγάπησεν	25.43	1	LUK 7:47!12
ἠγέρθη	13.83	1	LUK 7:16!13
ἠγέρθη	23.94	3	LUK 24:34!4; LUK 24:6!5; LUK 9:7!18
ἠγαλλίασεν	25.133	1	LUK 1:47!2
ἠγαλλιάσατο	25.133	1	LUK 10:21!5
ἠγνόουν	32.7	1	LUK 9:45!3
ἠγόραζον	57.188	1	LUK 17:28!10
ἠγόρασα	57.188	2	LUK 14:18!12; LUK 14:19!6
ἠδυνήθησαν	74.5	1	LUK 9:40!11
ἠδύναντο	74.5	1	LUK 8:19!13
ἠδύνατο	74.5	1	LUK 19:3!10
ἠθέλησα	30.58	1	LUK 13:34!14
ἠθέλησαν	25.1	1	LUK 10:24!9
ἠθέτησαν	76.24	1	LUK 7:30!11
ἠθελήσατε	30.58	1	LUK 13:34!30
ἠθροισμένους	15.129	1	LUK 24:33!11
ἠκολουθήσαμέν	36.31	1	LUK 18:28!10
ἠκολούθει	15.144	1	LUK 22:54!15
ἠκολούθει	15.156	1	LUK 18:43!5
ἠκολούθει	36.31	1	LUK 5:28!5
ἠκολούθησαν	15.156	2	LUK 22:39!12; LUK 9:11!5
ἠκολούθησαν	36.31	1	LUK 5:11!10
ἠκούσαμεν	24.52	1	LUK 22:71!11
ἠκούσαμεν	33.212	1	LUK 4:23!15
ἠκούσατε	24.52	1	LUK 7:22!11
ἠλαύνετο	15.161	1	LUK 8:29!26
ἠλπίζομεν	25.59	1	LUK 24:21!3
ἠμφιεσμένον	49.3	1	LUK 7:25!9
ἠξίωσα	65.18	1	LUK 7:7!4
ἠπίστουν	31.39	1	LUK 24:11!11
ἠρίθμηνται	60.3	1	LUK 12:7!9
ἠρνήσατο	33.277	1	LUK 22:57!3
ἠρώτησαν	33.161	1	LUK 4:38!20
ἠρώτησεν	33.161	2	LUK 5:3!10; LUK 8:37!2
ἠρώτησεν	33.180	1	LUK 23:3!4
ἠσπάσατο	33.20	1	LUK 1:40!8
ἡ	92.24	96	LUK 10:11!21; LUK 10:40!1; LUK 10:40!16; LUK 10:6!10; LUK 10:9!13; LUK 11:18!11; LUK 11:2!13; LUK 11:20!13; LUK 11:27!18; LUK 11:27!20; LUK 11:49!4; LUK 11:7!10; LUK 12:15!17; LUK 12:16!11; LUK 12:23!1; LUK 12:34!9; LUK 13:18!6; LUK 13:34!3; LUK 16:16!10; LUK 17:19!6; LUK 17:20!18; LUK 17:20!8; LUK 17:21!9; LUK 17:24!3; LUK 17:35!10; LUK 17:35!7; LUK 18:16!21; LUK 18:42!7; LUK 19:11!20; LUK 19:16!7; LUK 19:20!8; LUK 1:13!12; LUK 1:13!16; LUK 1:18!16; LUK 1:24!8; LUK 1:29!1; LUK 1:36!4; LUK 1:38!5; LUK 1:41!22; LUK 1:41!9; LUK 1:43!7; LUK 1:44!5; LUK 1:45!3; LUK 1:46!5; LUK 1:60!3; LUK 1:64!8; LUK 1:7!8; LUK 20:14!19; LUK 20:32!3; LUK 20:33!1; LUK 21:20!12; LUK 21:28!13; LUK 21:3!7; LUK 21:3!9; LUK 21:31!12; LUK 21:32!8; LUK 21:33!4; LUK 21:34!21; LUK 22:1!3; LUK 22:1!7; LUK 22:14!4; LUK 22:18!17; LUK 22:20!12; LUK 22:21!3; LUK 22:32!9; LUK 22:53!20; LUK 22:53!23; LUK 22:7!3; LUK 24:10!10; LUK 24:10!3; LUK 24:29!15; LUK 24:32!6; LUK 2:19!1; LUK 2:33!7; LUK 2:48!9; LUK 2:51!14; LUK 3:9!4; LUK 4:21!9; LUK 4:29!17; LUK 5:13!12; LUK 6:10!16; LUK 6:20!18; LUK 6:6!18; LUK 6:6!21; LUK 7:35!3; LUK 7:39!21; LUK 8:11!4; LUK 8:19!5; LUK 8:2!13; LUK 8:25!5; LUK 8:33!14; LUK 8:44!12; LUK 8:47!3; LUK 8:48!6; LUK 8:49!12; LUK 8:9!10
ἡγεμονίας	37.58	1	LUK 3:1!6
ἡγεμονεύοντος	37.60	2	LUK 2:2!5; LUK 3:1!9
ἡγεμόνας	37.59	1	LUK 21:12!23
ἡγεμόνος	37.83	1	LUK 20:20!22
ἡγούμενος	36.1	1	LUK 22:26!16
ἡδονῶν	25.111	1	LUK 8:14!17
ἡδύοσμον	3.23	1	LUK 11:42!9
ἡλίου	1.28	2	LUK 23:45!2; LUK 4:40!4
ἡλίῳ	1.28	1	LUK 21:25!5
ἡλικίαν	67.151	1	LUK 12:25!9
ἡλικίαν	81.4	1	LUK 12:25!9
ἡλικίᾳ	81.4	2	LUK 19:3!16; LUK 2:52!6
ἡμέρα	14.40	1	LUK 6:13!4
ἡμέρα	67.178	2	LUK 22:7!4; LUK 23:54!2
ἡμέρα	67.186	3	LUK 22:66!4; LUK 24:29!16; LUK 9:12!3
ἡμέραι	67.142	9	LUK 17:22!7; LUK 19:43!3; LUK 1:23!6; LUK 21:22!2; LUK 21:6!5; LUK 23:29!4; LUK 2:22!5; LUK 2:6!10; LUK 5:35!3
ἡμέραι	67.178	2	LUK 13:14!17; LUK 2:21!4
ἡμέραι	67.186	1	LUK 9:28!8
ἡμέραις	67.142	16	LUK 17:26!13; LUK 17:26!6; LUK 17:28!6; LUK 1:25!7; LUK 1:39!6; LUK 1:5!4; LUK 1:75!9; LUK 21:23!12; LUK 23:7!21; LUK 24:18!22; LUK 2:1!5; LUK 4:2!13; LUK 4:25!11; LUK 5:35!16; LUK 6:12!5; LUK 9:36!19
ἡμέραις	67.99	3	LUK 1:18!22; LUK 1:7!16; LUK 2:36!13
ἡμέραν	67.186	1	LUK 24:21!20
ἡμέραν	67.92	5	LUK 11:3!10; LUK 16:19!13; LUK 19:47!6; LUK 22:53!2; LUK 9:23!19
ἡμέραν	67.92a	1	LUK 2:37!19
ἡμέρας	14.40	1	LUK 4:42!3
ἡμέρας	67.142	4	LUK 1:20!11; LUK 1:24!5; LUK 1:80!14; LUK 9:51!7
ἡμέρας	67.178	1	LUK 2:43!4
ἡμέρας	67.186	6	LUK 15:13!5; LUK 17:27!7; LUK 17:4!5; LUK 21:37!4; LUK 2:44!9; LUK 2:46!4
ἡμέρας	67.92a	1	LUK 18:7!15
ἡμέρας	67.93	1	LUK 4:2!1
ἡμέρᾳ	67.142	1	LUK 6:23!5
ἡμέρᾳ	67.178	5	LUK 13:14!31; LUK 13:16!23; LUK 14:5!19; LUK 1:59!5; LUK 4:16!16
ἡμέρᾳ	67.186	10	LUK 12:46!8; LUK 17:29!3; LUK 18:33!7; LUK 19:42!7; LUK 23:12!13; LUK 24:13!9; LUK 24:46!16; LUK 24:7!18; LUK 9:22!24; LUK 9:37!5
ἡμίσιά	60.62	1	LUK 19:8!10
ἡμερῶν	67.186	3	LUK 20:1!6; LUK 5:17!6; LUK 8:22!6
ἡμεῖς	92.4	5	LUK 18:28!6; LUK 23:41!2; LUK 24:21!1; LUK 3:14!10; LUK 9:13!25
ἡμιθανῆ	23.122	1	LUK 10:30!25
ἡμᾶς	92.4	19	LUK 11:1!22; LUK 11:4!17; LUK 11:45!12; LUK 12:41!7; LUK 16:26!24; LUK 17:13!9; LUK 19:14!18; LUK 1:71!11; LUK 1:78!9; LUK 20:22!2; LUK 20:6!10; LUK 23:15!8; LUK 23:30!13; LUK 23:30!8; LUK 23:39!17; LUK 24:22!8; LUK 4:34!10; LUK 7:20!12; LUK 9:33!18
ἡμῖν	92.4	26	LUK 10:11!6; LUK 10:17!14; LUK 11:3!7; LUK 11:4!13; LUK 11:4!3; LUK 13:25!22; LUK 17:5!8; LUK 1:1!10; LUK 1:2!3; LUK 1:69!5; LUK 1:73!11; LUK 20:2!7; LUK 20:28!5; LUK 22:67!8; LUK 22:8!9; LUK 23:18!9; LUK 24:24!6; LUK 24:32!12; LUK 24:32!15; LUK 24:32!21; LUK 2:15!32; LUK 2:48!15; LUK 4:34!3; LUK 7:16!15; LUK 7:5!11; LUK 9:13!14
ἡμῶν	92.4	19	LUK 11:3!3; LUK 11:4!6; LUK 13:26!13; LUK 16:26!6; LUK 1:55!6; LUK 1:71!4; LUK 1:72!6; LUK 1:73!8; LUK 1:75!10; LUK 1:78!5; LUK 1:79!13; LUK 20:14!17; LUK 23:2!11; LUK 24:20!10; LUK 24:22!6; LUK 24:29!7; LUK 24:32!8; LUK 7:5!5; LUK 9:49!21
ἡσύχασαν	23.82	1	LUK 23:56!11
ἡσύχασαν	33.119	1	LUK 14:4!3
ἡτοίμασαν	77.3	3	LUK 22:13!8; LUK 23:56!3; LUK 24:1!14
ἡτοίμασας	77.3	2	LUK 12:20!18; LUK 2:31!2
ἢ	64.18	7	LUK 10:12!11; LUK 10:14!10; LUK 15:7!14; LUK 16:17!10; LUK 17:2!16; LUK 18:25!9; LUK 9:13!16
ἢ	89.139	31	LUK 11:12!1; LUK 12:11!17; LUK 12:11!20; LUK 12:14!10; LUK 12:41!12; LUK 12:47!15; LUK 13:15!18; LUK 13:4!1; LUK 14:12!10; LUK 14:3!16; LUK 14:31!1; LUK 14:5!8; LUK 17:7!8; LUK 18:11!23; LUK 18:29!14; LUK 18:29!16; LUK 18:29!18; LUK 18:29!20; LUK 20:2!13; LUK 20:22!6; LUK 20:4!7; LUK 21:15!12; LUK 22:27!6; LUK 2:24!14; LUK 5:23!10; LUK 6:9!14; LUK 6:9!18; LUK 7:19!10; LUK 7:20!20; LUK 8:16!8; LUK 9:25!12
ἢ	89.140	2	LUK 16:13!16; LUK 16:13!7
ἣ	92.27	2	LUK 10:39!7; LUK 2:37!8
ἣν	92.27	11	LUK 10:10!2; LUK 10:5!2; LUK 10:8!3; LUK 13:16!6; LUK 13:21!4; LUK 15:9!15; LUK 19:20!11; LUK 22:10!23; LUK 8:47!14; LUK 9:31!9; LUK 9:4!3
ἤ	89.139	1	LUK 17:21!5
ἤγαγεν	15.210	1	LUK 10:34!18
ἤγαγον	15.165	4	LUK 19:35!2; LUK 22:54!4; LUK 23:1!7; LUK 4:29!9
ἤγαγον	15.210	1	LUK 4:40!11
ἤγγικεν	15.75	1	LUK 21:8!20
ἤγγικεν	67.21	2	LUK 10:11!20; LUK 21:20!11
ἤγγισαν	15.75	1	LUK 24:28!2
ἤγγισεν	15.75	5	LUK 15:25!13; LUK 19:29!4; LUK 19:41!3; LUK 22:47!16; LUK 7:12!3
ἤγειρεν	13.83	1	LUK 1:69!2
ἤγετο	36.1	1	LUK 4:1!11
ἤδη	67.20	10	LUK 11:7!9; LUK 12:49!11; LUK 14:17!15; LUK 19:37!4; LUK 21:30!3; LUK 21:30!9; LUK 23:44!3; LUK 24:29!14; LUK 3:9!1; LUK 7:6!7
ἤθελεν	25.1	1	LUK 18:13!7
ἤθελεν	30.58	2	LUK 15:28!5; LUK 18:4!3
ἤκουεν	36.14	1	LUK 10:39!15
ἤκουσαν	24.52	2	LUK 10:24!23; LUK 2:20!13
ἤκουσαν	33.212	1	LUK 1:58!2
ἤκουσεν	24.52	2	LUK 15:25!16; LUK 1:41!4
ἤλειφεν	47.14	1	LUK 7:38!29
ἤλειψας	47.14	1	LUK 7:46!6
ἤλειψεν	47.14	1	LUK 7:46!10
ἤλπιζέν	25.59	1	LUK 23:8!23
ἤμελλεν	67.62	3	LUK 10:1!26; LUK 19:4!14; LUK 7:2!7
ἤμελλεν	71.36	1	LUK 9:31!10
ἤρατε	15.203	1	LUK 11:52!6
ἤρθη	15.203	1	LUK 9:17!7
ἤρξαντο	68.1	8	LUK 11:53!4; LUK 14:18!2; LUK 15:24!15; LUK 19:37!12; LUK 22:23!3; LUK 23:2!1; LUK 5:21!2; LUK 7:49!2
ἤρξατο	68.1	10	LUK 11:29!5; LUK 12:1!11; LUK 14:30!6; LUK 15:14!14; LUK 19:45!6; LUK 4:21!1; LUK 7:15!6; LUK 7:24!6; LUK 7:38!11; LUK 9:12!4
ἤρχετο	15.81	1	LUK 18:3!9
ἤσθιον	23.1	4	LUK 15:16!11; LUK 17:27!1; LUK 17:28!8; LUK 6:1!15
ἤχους	14.75	1	LUK 21:25!18
ἥκει	85.10	1	LUK 15:27!9
ἥμαρτον	88.289	2	LUK 15:18!11; LUK 15:21!7
ἥξει	13.112	1	LUK 13:35!15
ἥξει	85.10	1	LUK 12:46!1
ἥξουσιν	13.112	1	LUK 19:43!2
ἥξουσιν	15.84	1	LUK 13:29!2
ἥτις	92.18	8	LUK 10:42!13; LUK 12:1!23; LUK 2:10!14; LUK 2:4!17; LUK 7:37!4; LUK 7:39!23; LUK 8:26!8; LUK 8:43!10
ἥψατο	24.73	4	LUK 5:13!5; LUK 7:14!3; LUK 8:44!3; LUK 8:47!16
ἦλθαν	15.81	1	LUK 2:16!2
ἦλθεν	13.117	1	LUK 17:27!14
ἦλθεν	15.7	2	LUK 13:6!15; LUK 3:3!2
ἦλθεν	15.81	13	LUK 10:33!5; LUK 11:31!17; LUK 15:20!3; LUK 15:30!14; LUK 19:10!1; LUK 19:18!2; LUK 19:20!4; LUK 19:5!3; LUK 2:27!2; LUK 2:51!6; LUK 4:16!2; LUK 8:41!3; LUK 8:47!9
ἦλθες	15.81	1	LUK 4:34!8
ἦλθον	15.7	1	LUK 2:44!8
ἦλθον	15.81	10	LUK 12:49!2; LUK 1:59!8; LUK 23:33!3; LUK 24:1!11; LUK 24:23!7; LUK 3:12!1; LUK 4:42!15; LUK 5:7!14; LUK 6:18!2; LUK 8:35!7
ἦν	13.1	41	LUK 11:14!2; LUK 13:11!10; LUK 15:24!10; LUK 15:24!7; LUK 15:32!12; LUK 16:1!9; LUK 16:19!4; LUK 18:23!7; LUK 18:34!7; LUK 19:3!18; LUK 19:47!2; LUK 1:21!2; LUK 1:22!17; LUK 20:4!6; LUK 23:19!2; LUK 23:47!16; LUK 23:51!3; LUK 23:53!14; LUK 23:8!9; LUK 24:32!10; LUK 2:26!2; LUK 2:33!2; LUK 2:51!10; LUK 3:23!3; LUK 4:16!6; LUK 4:17!16; LUK 4:31!9; LUK 4:32!10; LUK 4:38!15; LUK 4:44!2; LUK 5:1!17; LUK 5:16!3; LUK 5:17!9; LUK 5:18!9; LUK 5:3!8; LUK 6:12!14; LUK 6:6!23; LUK 7:12!19; LUK 7:2!10; LUK 9:45!8; LUK 9:53!9
ἦν	13.104	1	LUK 23:44!2
ἦν	13.4	5	LUK 17:16!13; LUK 1:7!7; LUK 23:54!3; LUK 7:39!14; LUK 8:42!4
ἦν	13.69	7	LUK 10:39!3; LUK 1:7!3; LUK 23:38!1; LUK 2:36!2; LUK 2:7!18; LUK 5:17!32; LUK 5:29!12
ἦν	58.67	1	LUK 19:2!9
ἦν	85.1	15	LUK 14:2!5; LUK 18:2!4; LUK 18:3!3; LUK 1:10!5; LUK 1:66!21; LUK 1:80!9; LUK 22:56!18; LUK 22:59!16; LUK 2:25!23; LUK 2:25!4; LUK 2:40!12; LUK 4:33!5; LUK 6:6!14; LUK 7:12!26; LUK 7:37!5
ἦσαν	13.1	12	LUK 14:1!19; LUK 1:6!1; LUK 1:7!18; LUK 23:55!6; LUK 24:13!10; LUK 4:20!16; LUK 5:17!12; LUK 5:17!18; LUK 7:41!3; LUK 8:2!5; LUK 8:40!11; LUK 9:32!8
ἦσαν	13.4	2	LUK 5:10!10; LUK 9:30!8
ἦσαν	13.69	4	LUK 20:29!4; LUK 4:25!8; LUK 4:27!4; LUK 9:14!1
ἦσαν	85.1	4	LUK 24:10!1; LUK 24:53!2; LUK 2:8!3; LUK 5:29!19
ἦχος	33.211	1	LUK 4:37!3
ἧς	92.27	4	LUK 17:27!6; LUK 1:20!10; LUK 7:45!8; LUK 8:2!17
Ἠκολούθει	15.156	1	LUK 23:27!1
Ἠλίαν	93.142	1	LUK 9:19!10
Ἠλίας	93.142	3	LUK 4:26!6; LUK 9:30!11; LUK 9:8!5
Ἠλίου	93.142	2	LUK 1:17!10; LUK 4:25!12
Ἠλίᾳ	93.142	1	LUK 9:33!32
Ἠλὶ	93.141	1	LUK 3:23!15
Ἠρώτα	33.161	1	LUK 7:36!1
Ἠσαΐου	93.147	2	LUK 3:4!6; LUK 4:17!7
Ἡ	92.24	6	LUK 11:29!7; LUK 19:18!6; LUK 7:50!6; LUK 8:20!4; LUK 8:54!9; LUK 9:12!1
Ἡρῳδιάδος	93.145	1	LUK 3:19!10
Ἡρῴδην	93.144b	1	LUK 23:7!12
Ἡρῴδης	93.144b	9	LUK 13:31!15; LUK 23:11!6; LUK 23:12!6; LUK 23:15!3; LUK 23:8!3; LUK 3:19!23; LUK 3:19!3; LUK 9:7!3; LUK 9:9!4
Ἡρῴδου	93.144a	1	LUK 1:5!5
Ἡρῴδου	93.144b	3	LUK 23:7!7; LUK 3:1!18; LUK 8:3!6
Ἢ	89.139	1	LUK 15:8!1
Ἢρ	93.143	1	LUK 3:28!10
Ἤγαγεν	15.165	1	LUK 4:9!1
Ἤγγιζεν	67.21	1	LUK 22:1!1
Ἤγγικεν	67.21	1	LUK 10:9!10
Ἤγοντο	15.165	1	LUK 23:32!1
Ἤκουον	24.52	1	LUK 16:14!1
Ἤκουσεν	33.212	1	LUK 9:7!1
Ἤρξατο	68.1	1	LUK 20:9!1
Ἥψατό	24.73	1	LUK 8:46!5
Ἦλθεν	13.117	1	LUK 22:7!1
Ἦν	13.1	2	LUK 13:10!1; LUK 21:37!1
Ἦν	85.1	2	LUK 15:25!1; LUK 8:32!1
Ἦσαν	85.1	1	LUK 15:1!1
ἰάθη	23.136	2	LUK 17:15!7; LUK 8:47!25
ἰάσατο	23.136	3	LUK 14:4!6; LUK 22:51!13; LUK 9:42!20
ἰάσεις	23.136	1	LUK 13:32!13
ἰαθήτω	23.136	1	LUK 7:7!12
ἰαθῆναι	23.136	1	LUK 6:18!6
ἰατροῖς	23.141	1	LUK 8:43!11
ἰατροῦ	23.141	1	LUK 5:31!13
ἰδίαν	28.67	2	LUK 10:23!7; LUK 9:10!14
ἰδίου	58.47	1	LUK 6:44!6
ἰδίῳ	57.4	1	LUK 6:41!19
ἰδεῖν	24.1	8	LUK 10:24!10; LUK 14:18!17; LUK 19:3!3; LUK 23:8!15; LUK 23:8!26; LUK 7:25!4; LUK 7:26!4; LUK 9:9!18
ἰδεῖν	27.5	1	LUK 8:35!3
ἰδεῖν	34.50	1	LUK 8:20!13
ἰδεῖν	90.79	2	LUK 17:22!17; LUK 2:26!11
ἰδοὺ	91.10	1	LUK 13:16!10
ἰδοὺ	91.13	42	LUK 10:19!1; LUK 10:25!2; LUK 10:3!2; LUK 11:31!28; LUK 11:32!21; LUK 11:41!7; LUK 13:11!2; LUK 13:30!2; LUK 13:35!1; LUK 14:2!2; LUK 17:21!7; LUK 19:2!2; LUK 19:20!7; LUK 1:20!2; LUK 1:31!2; LUK 1:36!2; LUK 1:44!1; LUK 1:48!9; LUK 22:21!2; LUK 22:31!3; LUK 22:38!5; LUK 22:47!4; LUK 23:14!14; LUK 23:15!10; LUK 23:29!2; LUK 23:50!2; LUK 24:13!2; LUK 24:4!10; LUK 24:49!2; LUK 2:10!8; LUK 2:25!2; LUK 2:48!17; LUK 5:12!12; LUK 5:18!2; LUK 6:23!8; LUK 7:12!9; LUK 7:25!10; LUK 7:37!2; LUK 8:41!2; LUK 9:30!2; LUK 9:38!2; LUK 9:39!2
ἰδοῦσα	24.1	2	LUK 22:56!1; LUK 8:47!1
ἰδόντες	24.1	7	LUK 18:15!10; LUK 19:7!2; LUK 20:14!1; LUK 22:49!1; LUK 2:17!1; LUK 2:48!2; LUK 8:36!5
ἰδόντες	27.5	1	LUK 9:54!1
ἰδών	24.1	1	LUK 1:12!4
ἰδὼν	24.1	17	LUK 10:31!12; LUK 10:32!10; LUK 10:33!9; LUK 11:38!4; LUK 13:12!1; LUK 17:14!2; LUK 17:15!5; LUK 18:43!14; LUK 19:41!4; LUK 22:58!5; LUK 23:8!4; LUK 5:12!17; LUK 5:20!2; LUK 5:8!1; LUK 7:13!2; LUK 7:39!1; LUK 8:28!1
ἰκμάδα	2.9	1	LUK 8:6!14
ἰσάγγελοι	12.29	1	LUK 20:36!6
ἰσχυρότερος	79.63	1	LUK 11:22!3
ἰσχυρότερός	87.44	1	LUK 3:16!14
ἰσχυρὰ	78.16	1	LUK 15:14!7
ἰσχυρὸς	79.63	1	LUK 11:21!3
ἰσχύοντος	74.9	1	LUK 14:29!8
ἰσχύσουσιν	74.9	1	LUK 13:24!15
ἰσχύω	79.64	1	LUK 16:3!20
ἰσχύϊ	74.8	1	LUK 10:27!25
ἰχθύας	4.59	1	LUK 9:16!9
ἰχθύες	4.59	1	LUK 9:13!20
ἰχθύν	4.59	1	LUK 11:11!10
ἰχθύος	4.59	2	LUK 11:11!13; LUK 24:42!5
ἰχθύων	4.59	2	LUK 5:6!6; LUK 5:9!14
ἰᾶσθαι	23.136	2	LUK 5:17!35; LUK 9:2!10
ἰᾶτο	23.136	2	LUK 6:19!14; LUK 9:11!22
ἱδρὼς	8.72	1	LUK 22:44!10
ἱερατείας	53.86	1	LUK 1:9!5
ἱερατεύειν	53.85	1	LUK 1:8!5
ἱερεύς	53.87	2	LUK 10:31!4; LUK 1:5!9
ἱερεῖ	53.87	1	LUK 5:14!12
ἱερεῖς	53.87	1	LUK 6:4!28
ἱερεῦσιν	53.87	1	LUK 17:14!9
ἱεροῦ	7.16	4	LUK 21:5!6; LUK 22:52!13; LUK 2:37!12; LUK 4:9!12
ἱερόν	7.16	1	LUK 2:27!8
ἱερὸν	7.16	2	LUK 18:10!6; LUK 19:45!5
ἱερῷ	7.16	7	LUK 19:47!9; LUK 20:1!13; LUK 21:37!7; LUK 21:38!10; LUK 22:53!9; LUK 24:53!7; LUK 2:46!10
ἱκανούς	59.44	1	LUK 20:9!20
ἱκανοῖς	59.2	1	LUK 23:9!6
ἱκανός	75.2	1	LUK 7:6!27
ἱκανὸς	59.12	1	LUK 7:12!25
ἱκανὸς	75.2	1	LUK 3:16!19
ἱκανῶν	59.2	1	LUK 8:32!6
ἱκανῶν	59.44	1	LUK 23:8!12
ἱκανῷ	59.12	1	LUK 8:27!17
ἱλάσθητί	88.75	1	LUK 18:13!23
ἱμάντα	6.20	1	LUK 3:16!22
ἱμάτια	6.162	3	LUK 19:35!11; LUK 19:36!6; LUK 23:34!16
ἱμάτιον	6.162	2	LUK 5:36!16; LUK 8:27!20
ἱμάτιον	6.172	2	LUK 22:36!19; LUK 6:29!17
ἱματίοις	6.162	1	LUK 7:25!8
ἱματίου	6.162	1	LUK 5:36!11
ἱματίου	6.172	1	LUK 8:44!7
ἱματισμένον	49.1	1	LUK 8:35!21
ἱματισμὸς	6.162	1	LUK 9:29!15
ἱματισμῷ	6.162	1	LUK 7:25!13
ἴδετε	24.1	2	LUK 24:39!1; LUK 24:39!16
ἴδητέ	24.1	1	LUK 13:35!12
ἴδητε	24.1	3	LUK 12:54!7; LUK 21:20!3; LUK 21:31!5
ἴδια	57.4	1	LUK 18:28!9
ἴδιον	57.4	1	LUK 10:34!16
ἴδωμεν	24.1	1	LUK 2:15!22
ἴδωσιν	90.79	1	LUK 9:27!17
ἴδῃ	24.1	2	LUK 19:4!10; LUK 2:26!16
ἴσα	58.33	1	LUK 6:34!19
ἴσθι	13.1	1	LUK 19:17!12
ἴσχυσαν	74.9	2	LUK 14:6!3; LUK 20:26!3
ἴσχυσεν	74.9	3	LUK 14:30!10; LUK 6:48!27; LUK 8:43!17
ἴσως	71.11	1	LUK 20:13!15
ἵνα	89.49	3	LUK 11:50!1; LUK 8:10!18; LUK 9:45!12
ἵνα	89.59	27	LUK 11:33!15; LUK 11:50!1; LUK 12:36!14; LUK 14:10!10; LUK 14:23!17; LUK 14:29!1; LUK 15:29!23; LUK 16:24!12; LUK 16:28!8; LUK 16:4!4; LUK 16:9!13; LUK 18:15!7; LUK 18:5!12; LUK 19:15!21; LUK 19:4!9; LUK 1:4!1; LUK 20:10!8; LUK 20:14!16; LUK 20:20!9; LUK 22:8!12; LUK 5:24!1; LUK 6:34!16; LUK 6:7!13; LUK 8:10!18; LUK 8:12!21; LUK 8:16!16; LUK 9:12!15
ἵνα	90.22	16	LUK 10:40!26; LUK 16:27!7; LUK 17:2!17; LUK 18:39!6; LUK 18:41!9; LUK 20:28!16; LUK 21:36!7; LUK 22:32!6; LUK 22:46!8; LUK 4:3!15; LUK 6:31!4; LUK 7:36!7; LUK 7:6!29; LUK 8:31!4; LUK 8:32!14; LUK 9:40!6
ἵνα	91.15	2	LUK 1:43!5; LUK 22:30!1
Ἰάκωβον	93.158a	4	LUK 5:10!4; LUK 6:14!12; LUK 8:51!18; LUK 9:28!16
Ἰάκωβον	93.158c	1	LUK 6:15!6
Ἰάκωβος	93.158a	1	LUK 9:54!5
Ἰάρετ	93.162	1	LUK 3:37!6
Ἰάϊρος	93.156	1	LUK 8:41!7
Ἰακώβ	93.157a	1	LUK 20:37!23
Ἰακώβου	93.158a	1	LUK 24:10!11
Ἰακώβου	93.158e	1	LUK 6:16!3
Ἰακὼβ	93.157a	3	LUK 13:28!16; LUK 1:33!6; LUK 3:34!2
Ἰανναὶ	93.160	1	LUK 3:24!8
Ἰατρέ	23.141	1	LUK 4:23!11
Ἰδοὺ	91.10	1	LUK 13:7!6
Ἰδοὺ	91.13	13	LUK 13:32!9; LUK 15:29!8; LUK 17:21!3; LUK 17:23!4; LUK 17:23!6; LUK 18:28!5; LUK 18:31!8; LUK 19:8!8; LUK 1:38!4; LUK 22:10!5; LUK 2:34!12; LUK 7:27!6; LUK 7:34!11
Ἰδόντες	24.1	1	LUK 8:34!1
Ἰδὼν	24.1	2	LUK 18:24!1; LUK 23:47!1
Ἰεριχώ	93.479	1	LUK 19:1!5
Ἰεριχὼ	93.479	2	LUK 10:30!12; LUK 18:35!8
Ἰερουσαλήμ	93.480a	15	LUK 13:33!17; LUK 13:34!2; LUK 13:4!27; LUK 18:31!11; LUK 21:20!7; LUK 23:28!9; LUK 24:13!18; LUK 24:33!8; LUK 24:47!17; LUK 2:38!17; LUK 2:43!14; LUK 5:17!28; LUK 9:31!13; LUK 9:51!19; LUK 9:53!12
Ἰερουσαλὴμ	93.480a	12	LUK 10:30!10; LUK 13:34!1; LUK 17:11!7; LUK 19:11!12; LUK 21:24!12; LUK 24:18!12; LUK 24:52!7; LUK 2:25!6; LUK 2:41!9; LUK 2:45!6; LUK 4:9!5; LUK 6:17!24
Ἰεσσαὶ	93.166	1	LUK 3:32!2
Ἰησοῦ	93.169a	17	LUK 10:39!14; LUK 17:13!6; LUK 18:38!4; LUK 22:47!18; LUK 23:26!19; LUK 23:42!3; LUK 23:52!9; LUK 24:19!11; LUK 3:21!10; LUK 4:34!6; LUK 5:19!27; LUK 5:8!8; LUK 6:11!13; LUK 7:3!5; LUK 8:28!16; LUK 8:35!28; LUK 8:41!20
Ἰησοῦ	93.169c	1	LUK 3:29!2
Ἰησοῦν	93.169a	15	LUK 10:29!9; LUK 19:3!5; LUK 19:35!17; LUK 19:35!6; LUK 1:31!14; LUK 23:20!9; LUK 23:25!15; LUK 23:8!6; LUK 2:27!17; LUK 5:12!19; LUK 7:4!6; LUK 8:28!4; LUK 8:35!10; LUK 8:40!6; LUK 9:33!14
Ἰησοῦς	93.169a	54	LUK 10:30!4; LUK 10:37!14; LUK 13:12!5; LUK 13:14!11; LUK 14:3!4; LUK 17:17!4; LUK 18:16!3; LUK 18:19!5; LUK 18:22!4; LUK 18:24!5; LUK 18:37!5; LUK 18:40!4; LUK 18:42!3; LUK 19:5!9; LUK 19:9!6; LUK 20:34!5; LUK 20:8!3; LUK 22:48!1; LUK 22:51!4; LUK 22:52!3; LUK 23:28!6; LUK 23:34!3; LUK 23:46!6; LUK 24:15!11; LUK 2:21!14; LUK 2:43!10; LUK 2:52!2; LUK 3:23!4; LUK 4:1!1; LUK 4:12!6; LUK 4:14!4; LUK 4:35!5; LUK 4:4!6; LUK 4:8!4; LUK 5:10!20; LUK 5:22!4; LUK 5:31!4; LUK 6:3!7; LUK 6:9!4; LUK 7:40!4; LUK 7:6!3; LUK 7:9!5; LUK 8:30!5; LUK 8:39!24; LUK 8:45!4; LUK 8:46!3; LUK 8:50!3; LUK 9:36!8; LUK 9:41!4; LUK 9:42!14; LUK 9:47!3; LUK 9:50!6; LUK 9:58!5; LUK 9:62!4
Ἰορδάνου	93.485	2	LUK 3:3!7; LUK 4:1!9
Ἰουδαίαν	93.486a	1	LUK 2:4!13
Ἰουδαίας	93.486a	7	LUK 1:5!8; LUK 1:65!15; LUK 23:5!13; LUK 3:1!13; LUK 4:44!8; LUK 5:17!26; LUK 6:17!22
Ἰουδαίων	93.172	5	LUK 23:3!12; LUK 23:37!9; LUK 23:38!10; LUK 23:51!15; LUK 7:3!11
Ἰουδαίᾳ	93.486a	2	LUK 21:21!5; LUK 7:17!9
Ἰούδα	93.173a	1	LUK 22:48!5
Ἰούδα	93.173g	1	LUK 3:30!4
Ἰούδα	93.173h	1	LUK 3:33!12
Ἰούδα	93.488	1	LUK 1:39!16
Ἰούδαν	93.173a	2	LUK 22:3!5; LUK 6:16!5
Ἰούδαν	93.173b	1	LUK 6:16!2
Ἰούδας	93.173a	1	LUK 22:47!9
Ἰσαὰκ	93.180	3	LUK 13:28!14; LUK 20:37!20; LUK 3:34!4
Ἰσκαριώτην	93.181	1	LUK 22:3!8
Ἰσκαριὼθ	93.181	1	LUK 6:16!6
Ἰσραήλ	93.182b	7	LUK 1:68!6; LUK 1:80!19; LUK 22:30!22; LUK 24:21!11; LUK 2:25!20; LUK 2:32!9; LUK 4:25!15
Ἰσραὴλ	93.182b	5	LUK 1:16!5; LUK 1:54!2; LUK 2:34!22; LUK 4:27!7; LUK 7:9!20
Ἰτουραίας	93.491	1	LUK 3:1!26
Ἰωάννα	93.188	2	LUK 24:10!7; LUK 8:3!2
Ἰωάννην	93.190a	6	LUK 1:13!28; LUK 20:6!14; LUK 3:2!10; LUK 3:20!9; LUK 9:19!5; LUK 9:9!5
Ἰωάννην	93.190b	5	LUK 22:8!5; LUK 5:10!6; LUK 6:14!14; LUK 8:51!16; LUK 9:28!14
Ἰωάννης	93.190a	8	LUK 11:1!26; LUK 1:60!10; LUK 1:63!6; LUK 3:16!5; LUK 7:18!18; LUK 7:20!8; LUK 7:33!3; LUK 9:7!17
Ἰωάννης	93.190b	2	LUK 9:49!3; LUK 9:54!7
Ἰωάννου	93.190a	8	LUK 16:16!7; LUK 20:4!3; LUK 3:15!14; LUK 5:33!8; LUK 7:24!12; LUK 7:24!5; LUK 7:28!7; LUK 7:29!15
Ἰωάννῃ	93.190a	2	LUK 7:18!3; LUK 7:22!7
Ἰωανὰν	93.187	1	LUK 3:27!2
Ἰωβὴλ	93.192	1	LUK 3:32!4
Ἰωδὰ	93.193	1	LUK 3:26!10
Ἰωνὰμ	93.196	1	LUK 3:30!8
Ἰωνᾶ	93.197a	3	LUK 11:29!24; LUK 11:32!19; LUK 11:32!23
Ἰωνᾶς	93.197a	1	LUK 11:30!4
Ἰωρὶμ	93.199	1	LUK 3:29!6
Ἰωσὴφ	93.202b	5	LUK 1:27!7; LUK 2:16!11; LUK 2:4!4; LUK 3:23!13; LUK 4:22!23
Ἰωσὴφ	93.202c	1	LUK 23:50!5
Ἰωσὴφ	93.202h	2	LUK 3:24!10; LUK 3:30!6
Ἰωσὴχ	93.203	1	LUK 3:26!8
Ἱεροσολύμοις	93.480a	1	LUK 23:7!17
Ἱεροσόλυμα	93.480a	3	LUK 13:22!12; LUK 19:28!8; LUK 2:22!16
Ἱκανόν	59.44	1	LUK 22:38!13
Ἴδετε	24.1	1	LUK 21:29!5
ὀγδοήκοντα	60.31	2	LUK 16:7!22; LUK 2:37!6
ὀγδόῃ	60.55	1	LUK 1:59!7
ὀδυνώμενοι	25.236	1	LUK 2:48!23
ὀδυνᾶσαι	24.92	1	LUK 16:25!26
ὀδυνῶμαι	24.92	1	LUK 16:24!26
ὀδόντων	8.20	1	LUK 13:28!9
ὀθόνια	6.154	1	LUK 24:12!13
ὀκτὼ	60.17	3	LUK 13:16!13; LUK 2:21!5; LUK 9:28!9
ὀλίγας	59.3	1	LUK 12:48!10
ὀλίγοι	59.3	2	LUK 10:2!12; LUK 13:23!7
ὀλίγον	59.13	2	LUK 5:3!16; LUK 7:47!16
ὀλίγον	78.8	1	LUK 7:47!18
ὀλίγων	59.3	1	LUK 10:42!1
ὀλιγόπιστοι	31.96	1	LUK 12:28!21
ὀνειδίσωσιν	33.422	1	LUK 6:22!13
ὀνόματί	33.126	4	LUK 10:17!17; LUK 21:8!12; LUK 9:48!12; LUK 9:49!10
ὀνόματα	33.126	1	LUK 10:20!15
ὀνόματι	33.126	12	LUK 10:38!14; LUK 13:35!22; LUK 16:20!4; LUK 19:2!4; LUK 19:38!7; LUK 1:5!11; LUK 1:59!17; LUK 1:61!15; LUK 23:50!4; LUK 24:18!4; LUK 24:47!5; LUK 5:27!8
ὀνόματός	33.126	1	LUK 21:12!26
ὀπίσω	36.35	4	LUK 14:27!9; LUK 19:14!10; LUK 21:8!23; LUK 9:23!8
ὀπίσω	83.40	3	LUK 17:31!30; LUK 7:38!3; LUK 9:62!15
ὀπτασίαν	33.488	2	LUK 1:22!10; LUK 24:23!10
ὀπτοῦ	46.15	1	LUK 24:42!6
ὀργισθεὶς	88.174	1	LUK 14:21!11
ὀργὴ	38.10	1	LUK 21:23!21
ὀργῆς	38.10	1	LUK 3:7!18
ὀρεινὴν	1.47	1	LUK 1:39!11
ὀρεινῇ	1.47	1	LUK 1:65!13
ὀρθριναὶ	67.189	1	LUK 24:22!10
ὀρθῶς	72.13	1	LUK 20:21!8
ὀστέα	8.61	1	LUK 24:39!21
ὀσφύες	77.5	1	LUK 12:35!4
ὀφείλεις	57.219	2	LUK 16:5!14; LUK 16:7!7
ὀφείλοντι	88.298	1	LUK 11:4!12
ὀφειλέται	88.300	1	LUK 13:4!19
ὀφθέντες	24.1	1	LUK 9:31!2
ὀφθαλμοί	8.23	1	LUK 2:30!4
ὀφθαλμοὶ	8.23	4	LUK 10:23!11; LUK 24:16!3; LUK 24:31!5; LUK 4:20!12
ὀφθαλμοὺς	8.23	3	LUK 16:23!7; LUK 18:13!10; LUK 6:20!5
ὀφθαλμοῦ	8.23	1	LUK 6:42!33
ὀφθαλμός	8.23	2	LUK 11:34!11; LUK 11:34!7
ὀφθαλμῶν	32.24	1	LUK 19:42!18
ὀφθαλμῷ	8.23	5	LUK 6:41!20; LUK 6:41!9; LUK 6:42!15; LUK 6:42!21; LUK 6:42!43
ὀφρύος	1.49	1	LUK 4:29!12
ὀψωνίοις	57.166	1	LUK 3:14!21
ὁ	92.24	377	LUK 10:1!5; LUK 10:16!12; LUK 10:16!7; LUK 10:21!33; LUK 10:22!13; LUK 10:22!17; LUK 10:22!22; LUK 10:22!26; LUK 10:22!32; LUK 10:26!1; LUK 10:27!1; LUK 10:30!3; LUK 10:37!1; LUK 10:37!13; LUK 10:41!5; LUK 10:7!15; LUK 11:10!3; LUK 11:10!7; LUK 11:11!8; LUK 11:13!15; LUK 11:13!17; LUK 11:14!12; LUK 11:18!4; LUK 11:21!2; LUK 11:23!1; LUK 11:23!10; LUK 11:30!11; LUK 11:34!1; LUK 11:34!10; LUK 11:34!6; LUK 11:36!18; LUK 11:38!1; LUK 11:39!3; LUK 11:40!3; LUK 11:46!1; LUK 12:14!1; LUK 12:20!4; LUK 12:21!2; LUK 12:24!16; LUK 12:28!14; LUK 12:30!11; LUK 12:32!8; LUK 12:34!4; LUK 12:37!7; LUK 12:39!11; LUK 12:39!7; LUK 12:40!10; LUK 12:41!3; LUK 12:42!11; LUK 12:42!15; LUK 12:42!3; LUK 12:42!8; LUK 12:43!2; LUK 12:43!7; LUK 12:45!12; LUK 12:45!4; LUK 12:46!2; LUK 12:47!3; LUK 12:47!5; LUK 12:48!1; LUK 12:58!25; LUK 12:58!32; LUK 12:8!14; LUK 12:9!1; LUK 13:12!4; LUK 13:14!10; LUK 13:14!3; LUK 13:15!4; LUK 13:16!8; LUK 13:17!12; LUK 13:23!10; LUK 13:25!5; LUK 13:28!3; LUK 13:28!6; LUK 13:35!19; LUK 13:35!4; LUK 13:4!8; LUK 13:8!1; LUK 14:10!13; LUK 14:11!3; LUK 14:11!8; LUK 14:16!1; LUK 14:18!7; LUK 14:21!12; LUK 14:21!3; LUK 14:22!3; LUK 14:23!20; LUK 14:23!3; LUK 14:3!3; LUK 14:30!4; LUK 14:35!12; LUK 14:9!3; LUK 15:12!16; LUK 15:12!3; LUK 15:13!8; LUK 15:20!15; LUK 15:21!3; LUK 15:22!3; LUK 15:24!3; LUK 15:25!3; LUK 15:25!6; LUK 15:27!1; LUK 15:27!12; LUK 15:28!7; LUK 15:29!1; LUK 15:30!3; LUK 15:30!7; LUK 15:31!1; LUK 15:32!7; LUK 16:10!11; LUK 16:15!12; LUK 16:18!12; LUK 16:18!2; LUK 16:22!19; LUK 16:3!10; LUK 16:3!5; LUK 16:30!1; LUK 16:6!1; LUK 16:6!7; LUK 16:7!8; LUK 16:8!3; LUK 17:17!3; LUK 17:18!10; LUK 17:24!18; LUK 17:27!15; LUK 17:3!5; LUK 17:30!7; LUK 17:31!22; LUK 17:34!11; LUK 17:34!15; LUK 17:37!7; LUK 17:6!3; LUK 18:10!12; LUK 18:10!8; LUK 18:11!1; LUK 18:11!27; LUK 18:13!1; LUK 18:14!14; LUK 18:14!18; LUK 18:16!1; LUK 18:19!15; LUK 18:19!4; LUK 18:21!1; LUK 18:22!3; LUK 18:23!1; LUK 18:24!4; LUK 18:27!1; LUK 18:28!3; LUK 18:29!1; LUK 18:37!6; LUK 18:40!3; LUK 18:41!5; LUK 18:42!2; LUK 18:43!12; LUK 18:6!3; LUK 18:6!7; LUK 18:7!1; LUK 18:8!11; LUK 19:10!3; LUK 19:16!3; LUK 19:18!3; LUK 19:20!2; LUK 19:38!3; LUK 19:46!6; LUK 19:48!7; LUK 19:5!8; LUK 19:9!5; LUK 1:13!5; LUK 1:19!10; LUK 1:19!3; LUK 1:21!3; LUK 1:26!8; LUK 1:28!8; LUK 1:29!11; LUK 1:30!3; LUK 1:32!12; LUK 1:35!3; LUK 1:38!18; LUK 1:42!13; LUK 1:49!5; LUK 1:57!5; LUK 1:67!3; LUK 1:68!3; LUK 20:13!3; LUK 20:14!12; LUK 20:15!12; LUK 20:17!1; LUK 20:18!2; LUK 20:2!16; LUK 20:25!1; LUK 20:28!18; LUK 20:29!6; LUK 20:30!2; LUK 20:31!2; LUK 20:34!4; LUK 20:6!6; LUK 20:8!2; LUK 21:33!1; LUK 21:38!3; LUK 21:8!1; LUK 22:10!1; LUK 22:11!9; LUK 22:22!2; LUK 22:23!13; LUK 22:25!1; LUK 22:26!12; LUK 22:26!15; LUK 22:26!18; LUK 22:26!6; LUK 22:27!10; LUK 22:27!19; LUK 22:27!4; LUK 22:27!7; LUK 22:29!7; LUK 22:31!4; LUK 22:33!1; LUK 22:34!1; LUK 22:36!14; LUK 22:36!6; LUK 22:38!9; LUK 22:44!9; LUK 22:47!7; LUK 22:51!3; LUK 22:54!12; LUK 22:55!11; LUK 22:57!1; LUK 22:58!13; LUK 22:60!3; LUK 22:61!10; LUK 22:61!3; LUK 22:64!9; LUK 22:67!5; LUK 22:69!6; LUK 22:70!11; LUK 22:70!7; LUK 23:11!5; LUK 23:12!8; LUK 23:20!3; LUK 23:22!1; LUK 23:3!1; LUK 23:3!13; LUK 23:3!9; LUK 23:34!1; LUK 23:35!19; LUK 23:35!23; LUK 23:35!3; LUK 23:37!6; LUK 23:39!12; LUK 23:4!1; LUK 23:40!3; LUK 23:46!5; LUK 23:47!12; LUK 23:47!3; LUK 23:6!6; LUK 23:8!1; LUK 24:21!7; LUK 24:34!5; LUK 2:10!4; LUK 2:15!29; LUK 2:25!11; LUK 2:33!3; LUK 2:43!11; LUK 2:48!18; LUK 3:11!14; LUK 3:13!1; LUK 3:15!18; LUK 3:16!13; LUK 3:16!4; LUK 3:19!1; LUK 3:19!22; LUK 3:19!4; LUK 3:22!20; LUK 3:22!23; LUK 3:8!22; LUK 4:12!5; LUK 4:13!5; LUK 4:14!3; LUK 4:25!18; LUK 4:27!19; LUK 4:3!4; LUK 4:32!11; LUK 4:34!15; LUK 4:35!4; LUK 4:36!12; LUK 4:4!14; LUK 4:4!5; LUK 4:40!15; LUK 4:41!13; LUK 4:43!1; LUK 4:6!4; LUK 4:8!3; LUK 5:10!19; LUK 5:15!4; LUK 5:21!23; LUK 5:22!3; LUK 5:24!5; LUK 5:31!3; LUK 5:34!1; LUK 5:34!14; LUK 5:35!9; LUK 5:37!13; LUK 5:37!15; LUK 6:10!11; LUK 6:19!3; LUK 6:23!10; LUK 6:3!6; LUK 6:35!14; LUK 6:36!4; LUK 6:40!12; LUK 6:45!1; LUK 6:45!15; LUK 6:47!2; LUK 6:48!20; LUK 6:49!1; LUK 6:49!19; LUK 6:5!8; LUK 6:9!3; LUK 7:13!4; LUK 7:15!3; LUK 7:16!19; LUK 7:17!3; LUK 7:18!17; LUK 7:19!8; LUK 7:20!18; LUK 7:20!9; LUK 7:28!10; LUK 7:29!3; LUK 7:33!4; LUK 7:34!2; LUK 7:39!3; LUK 7:39!5; LUK 7:40!13; LUK 7:40!3; LUK 7:41!11; LUK 7:41!6; LUK 7:43!10; LUK 7:6!1; LUK 7:6!18; LUK 7:7!13; LUK 7:9!4; LUK 8:10!1; LUK 8:11!9; LUK 8:12!11; LUK 8:21!1; LUK 8:24!9; LUK 8:30!10; LUK 8:30!4; LUK 8:36!8; LUK 8:38!4; LUK 8:39!11; LUK 8:39!23; LUK 8:40!9; LUK 8:45!13; LUK 8:45!3; LUK 8:45!6; LUK 8:46!1; LUK 8:48!1; LUK 8:5!2; LUK 8:50!1; LUK 8:52!7; LUK 8:56!6; LUK 9:26!11; LUK 9:29!14; LUK 9:32!1; LUK 9:33!10; LUK 9:35!10; LUK 9:35!13; LUK 9:41!3; LUK 9:42!13; LUK 9:44!10; LUK 9:47!1; LUK 9:48!25; LUK 9:58!16; LUK 9:58!4; LUK 9:59!7; LUK 9:62!3; LUK 9:7!4
ὁδεύων	15.19	1	LUK 10:33!4
ὁδηγεῖν	15.182	1	LUK 6:39!10
ὁδοὺς	1.99	3	LUK 14:23!11; LUK 1:76!13; LUK 3:5!20
ὁδοῦ	15.19	1	LUK 11:6!6
ὁδόν	1.99	2	LUK 8:12!5; LUK 8:5!19
ὁδόν	15.19	1	LUK 9:3!9
ὁδόν	77.7	1	LUK 7:27!17
ὁδὸν	1.99	2	LUK 18:35!14; LUK 3:4!16
ὁδὸν	15.19	2	LUK 10:4!12; LUK 2:44!10
ὁδὸν	41.16	2	LUK 1:79!15; LUK 20:21!20
ὁδῷ	1.99	2	LUK 10:31!9; LUK 19:36!10
ὁδῷ	15.19	4	LUK 12:58!12; LUK 24:32!18; LUK 24:35!7; LUK 9:57!6
ὁμιλεῖν	33.156	1	LUK 24:15!5
ὁμοία	64.1	3	LUK 13:18!4; LUK 13:19!1; LUK 13:21!1
ὁμοίως	64.1	11	LUK 10:32!1; LUK 10:37!19; LUK 13:3!9; LUK 16:25!17; LUK 17:28!1; LUK 17:31!25; LUK 22:36!10; LUK 3:11!17; LUK 5:10!1; LUK 5:33!14; LUK 6:31!11
ὁμοιώσω	64.5	3	LUK 13:18!12; LUK 13:20!5; LUK 7:31!3
ὁμολογήσει	33.274	1	LUK 12:8!18
ὁμολογήσῃ	33.274	1	LUK 12:8!7
ὁπότε	67.30	1	LUK 6:3!14
ὁρᾷ	24.1	1	LUK 16:23!12
ὁρῶσαι	24.1	1	LUK 23:49!16
ὁσιότητι	53.45	1	LUK 1:75!2
ὁσιότητι	88.25	1	LUK 1:75!2
ὃ	92.27	23	LUK 11:6!12; LUK 12:2!10; LUK 12:2!5; LUK 12:3!13; LUK 14:22!7; LUK 17:10!15; LUK 19:21!14; LUK 19:21!9; LUK 19:22!18; LUK 19:22!23; LUK 19:26!14; LUK 22:60!8; LUK 2:15!28; LUK 2:31!1; LUK 2:50!7; LUK 5:25!8; LUK 5:3!7; LUK 6:2!8; LUK 6:3!11; LUK 8:17!11; LUK 8:17!5; LUK 8:18!17; LUK 9:33!35
ὃν	92.27	13	LUK 12:42!13; LUK 12:43!5; LUK 13:19!5; LUK 13:34!19; LUK 19:30!14; LUK 1:73!2; LUK 20:17!13; LUK 20:18!10; LUK 21:4!21; LUK 23:25!11; LUK 23:33!16; LUK 23:33!20; LUK 6:14!2
ὃς	92.27	30	LUK 12:10!3; LUK 12:8!5; LUK 14:33!6; LUK 16:1!11; LUK 17:31!5; LUK 17:33!1; LUK 17:33!10; LUK 17:7!10; LUK 18:17!4; LUK 18:29!11; LUK 18:30!1; LUK 1:61!12; LUK 21:6!13; LUK 23:51!16; LUK 24:19!14; LUK 5:18!8; LUK 5:21!13; LUK 6:16!7; LUK 6:48!6; LUK 7:2!9; LUK 7:23!4; LUK 7:27!14; LUK 7:49!11; LUK 8:18!12; LUK 8:18!5; LUK 9:24!1; LUK 9:24!11; LUK 9:26!1; LUK 9:48!17; LUK 9:50!9
ὄνειδός	87.73	1	LUK 1:25!11
ὄνομά	33.126	3	LUK 11:2!10; LUK 21:17!8; LUK 8:30!8
ὄνομα	33.126	13	LUK 1:13!26; LUK 1:26!19; LUK 1:27!13; LUK 1:27!6; LUK 1:31!12; LUK 1:49!10; LUK 1:5!25; LUK 1:63!8; LUK 24:13!20; LUK 2:21!12; LUK 2:25!8; LUK 6:22!17; LUK 8:41!6
ὄνομα	33.396	1	LUK 6:22!17
ὄνον	4.31	1	LUK 13:15!20
ὄντα	13.1	1	LUK 22:3!9
ὄντα	13.69	1	LUK 12:28!7
ὄντα	85.1	1	LUK 23:7!13
ὄντες	13.1	1	LUK 23:12!20
ὄντες	13.4	1	LUK 20:36!16
ὄντες	85.1	1	LUK 6:3!21
ὄντος	85.1	2	LUK 14:32!7; LUK 22:53!3
ὄντως	70.2	1	LUK 24:34!3
ὄξος	6.201	1	LUK 23:36!8
ὄπισθεν	84.12	2	LUK 23:26!17; LUK 8:44!2
ὄρει	1.46	1	LUK 8:32!10
ὄρεσιν	1.46	1	LUK 23:30!5
ὄρη	1.46	1	LUK 21:21!9
ὄρθρου	67.73	1	LUK 24:1!6
ὄρνις	4.38	1	LUK 13:34!21
ὄρος	1.46	5	LUK 19:29!11; LUK 21:37!16; LUK 3:5!6; LUK 6:12!11; LUK 9:28!20
ὄρους	1.46	2	LUK 4:29!14; LUK 9:37!10
ὄφεων	4.52	1	LUK 10:19!9
ὄφιν	4.52	1	LUK 11:11!14
ὄχλοι	11.1	10	LUK 11:14!17; LUK 14:25!4; LUK 23:48!5; LUK 3:10!5; LUK 4:42!11; LUK 5:15!10; LUK 8:42!18; LUK 8:45!17; LUK 9:11!3; LUK 9:18!21
ὄχλοις	11.1	2	LUK 12:54!5; LUK 3:7!5
ὄχλον	11.1	4	LUK 5:1!6; LUK 5:19!9; LUK 8:19!18; LUK 9:12!14
ὄχλος	11.1	9	LUK 13:17!13; LUK 22:47!5; LUK 5:29!13; LUK 6:17!10; LUK 6:19!4; LUK 7:11!18; LUK 7:12!22; LUK 8:40!10; LUK 9:37!13
ὄχλου	11.1	9	LUK 11:27!14; LUK 12:1!7; LUK 12:13!6; LUK 18:36!3; LUK 19:3!13; LUK 19:39!7; LUK 22:6!10; LUK 8:4!3; LUK 9:38!6
ὄχλους	11.1	2	LUK 5:3!24; LUK 7:24!10
ὄχλους	87.64	1	LUK 23:4!10
ὄχλων	11.1	1	LUK 11:29!3
ὄχλῳ	11.1	2	LUK 7:9!13; LUK 9:16!24
ὄχλῳ	87.64	1	LUK 13:14!14
ὄψεσθε	90.79	1	LUK 17:22!20
ὄψεται	90.79	1	LUK 3:6!2
ὄψησθε	24.1	1	LUK 13:28!11
ὄψονται	24.1	1	LUK 21:27!3
ὅ	92.24	1	LUK 23:12!4
ὅ	92.27	1	LUK 10:35!16
ὅθεν	84.11	1	LUK 11:24!24
ὅλην	63.1	2	LUK 23:44!11; LUK 8:39!16
ὅλης	63.1	4	LUK 10:27!11; LUK 23:5!11; LUK 4:14!17; LUK 5:5!7
ὅλον	59.29	1	LUK 13:21!15
ὅλον	63.1	5	LUK 11:34!16; LUK 11:36!15; LUK 11:36!6; LUK 8:43!13; LUK 9:25!8
ὅλῃ	63.1	5	LUK 10:27!17; LUK 10:27!23; LUK 10:27!29; LUK 1:65!11; LUK 7:17!7
ὅμοιοί	64.1	1	LUK 7:32!1
ὅμοιοι	64.1	2	LUK 12:36!3; LUK 7:31!12
ὅμοιος	64.1	1	LUK 6:47!18
ὅμοιός	64.1	2	LUK 6:48!1; LUK 6:49!7
ὅπου	83.5	4	LUK 12:33!18; LUK 12:34!1; LUK 22:11!15; LUK 9:57!13
ὅπως	89.59	6	LUK 10:2!19; LUK 11:37!8; LUK 16:26!12; LUK 16:28!5; LUK 2:35!9; LUK 7:3!14
ὅπως	89.86	1	LUK 24:20!1
ὅπως	92.17	1	LUK 24:20!1
ὅρκον	33.463	1	LUK 1:73!1
ὅς	89.106	1	LUK 2:11!6
ὅσα	59.19	1	LUK 18:12!7
ὅσα	59.7	6	LUK 12:3!3; LUK 18:22!12; LUK 4:23!14; LUK 8:39!20; LUK 8:39!8; LUK 9:10!7
ὅσοι	59.7	2	LUK 4:40!6; LUK 9:5!2
ὅστις	92.18	3	LUK 14:15!10; LUK 14:27!1; LUK 23:19!1
ὅσων	59.7	1	LUK 11:8!22
ὅταν	67.31	7	LUK 12:11!1; LUK 12:55!2; LUK 14:13!2; LUK 21:30!1; LUK 6:22!3; LUK 6:22!9; LUK 6:26!2
ὅτι	89.33	79	LUK 10:13!7; LUK 10:20!13; LUK 10:20!6; LUK 10:21!21; LUK 10:21!35; LUK 11:18!14; LUK 11:31!16; LUK 11:32!14; LUK 11:42!6; LUK 11:43!5; LUK 11:44!3; LUK 11:46!9; LUK 11:47!3; LUK 11:48!11; LUK 11:52!5; LUK 12:15!11; LUK 12:17!8; LUK 12:32!6; LUK 12:40!5; LUK 13:14!6; LUK 13:2!16; LUK 13:24!7; LUK 13:31!14; LUK 13:33!11; LUK 14:11!1; LUK 14:14!4; LUK 15:24!1; LUK 15:27!19; LUK 15:32!6; LUK 15:6!16; LUK 15:9!11; LUK 16:15!19; LUK 16:24!25; LUK 16:3!9; LUK 16:8!12; LUK 16:8!9; LUK 17:9!6; LUK 18:14!12; LUK 19:11!17; LUK 19:17!7; LUK 19:3!14; LUK 19:4!12; LUK 19:43!1; LUK 1:37!1; LUK 1:45!5; LUK 1:48!1; LUK 1:49!1; LUK 1:68!7; LUK 20:19!23; LUK 21:22!1; LUK 22:22!1; LUK 23:40!13; LUK 24:29!8; LUK 2:11!1; LUK 2:30!1; LUK 4:32!7; LUK 4:36!15; LUK 4:41!23; LUK 4:43!18; LUK 4:6!16; LUK 5:8!13; LUK 6:19!8; LUK 6:20!15; LUK 6:21!11; LUK 6:21!5; LUK 6:24!6; LUK 6:25!12; LUK 6:25!6; LUK 6:35!22; LUK 7:39!26; LUK 7:47!11; LUK 8:25!18; LUK 8:30!14; LUK 8:37!14; LUK 8:42!1; LUK 9:12!27; LUK 9:38!17; LUK 9:49!17; LUK 9:53!5
ὅτι	90.21	98	LUK 10:11!19; LUK 10:12!3; LUK 10:20!13; LUK 10:20!6; LUK 10:24!4; LUK 10:40!15; LUK 11:38!6; LUK 12:24!4; LUK 12:30!14; LUK 12:37!14; LUK 12:39!4; LUK 12:44!4; LUK 12:51!2; LUK 12:54!14; LUK 12:55!6; LUK 13:14!15; LUK 13:2!6; LUK 13:4!17; LUK 14:17!14; LUK 14:24!4; LUK 14:30!2; LUK 15:2!10; LUK 15:27!5; LUK 15:7!3; LUK 16:25!6; LUK 17:10!11; LUK 17:15!6; LUK 18:11!12; LUK 18:29!8; LUK 18:37!4; LUK 18:8!3; LUK 18:9!10; LUK 19:21!4; LUK 19:22!12; LUK 19:26!3; LUK 19:31!11; LUK 19:34!4; LUK 19:42!2; LUK 19:7!6; LUK 19:9!7; LUK 1:22!9; LUK 1:25!1; LUK 1:45!5; LUK 1:58!9; LUK 1:61!5; LUK 20:21!7; LUK 20:37!1; LUK 20:5!7; LUK 21:20!10; LUK 21:3!6; LUK 21:30!8; LUK 21:31!9; LUK 21:32!4; LUK 21:5!7; LUK 22:16!4; LUK 22:37!4; LUK 22:61!19; LUK 22:70!18; LUK 23:29!1; LUK 23:31!1; LUK 23:5!5; LUK 23:7!3; LUK 24:21!4; LUK 24:34!2; LUK 24:39!17; LUK 24:39!9; LUK 24:44!17; LUK 24:46!4; LUK 24:7!6; LUK 2:23!6; LUK 2:49!11; LUK 2:49!6; LUK 3:8!20; LUK 4:10!3; LUK 4:11!2; LUK 4:12!7; LUK 4:21!6; LUK 4:24!6; LUK 4:4!8; LUK 4:41!10; LUK 4:43!6; LUK 5:24!4; LUK 5:26!13; LUK 5:36!7; LUK 7:16!10; LUK 7:16!17; LUK 7:37!12; LUK 7:4!11; LUK 7:43!5; LUK 8:25!18; LUK 8:47!5; LUK 8:49!10; LUK 8:53!5; LUK 9:19!13; LUK 9:22!2; LUK 9:7!16; LUK 9:8!4; LUK 9:8!9
ὅτου	92.18	3	LUK 12:50!9; LUK 13:8!14; LUK 22:16!10
Ὀρθῶς	72.13	2	LUK 10:28!4; LUK 7:43!14
Ὁ	92.24	19	LUK 10:16!1; LUK 10:2!5; LUK 10:29!1; LUK 10:37!4; LUK 15:27!6; LUK 16:10!1; LUK 16:16!1; LUK 18:11!8; LUK 18:13!21; LUK 19:31!12; LUK 19:34!5; LUK 21:8!18; LUK 23:38!7; LUK 24:12!1; LUK 3:11!5; LUK 5:39!9; LUK 8:11!6; LUK 8:8!17; LUK 9:21!1
Ὁρᾶτε	30.45	1	LUK 12:15!5
Ὃς	92.27	1	LUK 9:48!4
Ὄμβρος	14.12	1	LUK 12:54!15
Ὄντως	70.2	1	LUK 23:47!11
Ὄρος	1.46	1	LUK 22:39!9
Ὄρους	1.46	1	LUK 19:37!9
Ὅπου	83.5	1	LUK 17:37!11
Ὅταν	67.31	4	LUK 11:2!4; LUK 12:54!6; LUK 14:12!7; LUK 14:8!1
ὑβρίζεις	33.390	1	LUK 11:45!13
ὑβρισθήσεται	33.390	1	LUK 18:32!8
ὑγιαίνοντα	23.129	2	LUK 15:27!20; LUK 7:10!11
ὑγιαίνοντες	23.129	1	LUK 5:31!12
ὑγρῷ	79.78	1	LUK 23:31!5
ὑδρωπικὸς	23.164	1	LUK 14:2!6
ὑμέτερον	92.9	1	LUK 16:12!10
ὑμετέρα	92.9	1	LUK 6:20!16
ὑμεῖς	92.7	16	LUK 10:24!12; LUK 11:13!3; LUK 11:39!8; LUK 11:48!16; LUK 12:24!22; LUK 12:29!2; LUK 12:36!2; LUK 12:40!2; LUK 17:10!3; LUK 19:46!11; LUK 21:31!3; LUK 22:26!1; LUK 24:48!1; LUK 24:49!12; LUK 9:13!7; LUK 9:44!2
ὑμᾶς	92.7	37	LUK 10:10!10; LUK 10:16!9; LUK 10:19!21; LUK 10:3!4; LUK 10:6!17; LUK 10:8!9; LUK 10:9!12; LUK 11:20!12; LUK 12:11!4; LUK 12:12!6; LUK 12:14!13; LUK 12:28!20; LUK 13:25!29; LUK 13:28!26; LUK 16:26!18; LUK 16:9!17; LUK 19:31!4; LUK 20:3!7; LUK 21:12!7; LUK 21:34!19; LUK 22:31!7; LUK 22:35!6; LUK 24:44!12; LUK 24:49!11; LUK 3:16!10; LUK 3:16!27; LUK 6:22!11; LUK 6:22!5; LUK 6:26!4; LUK 6:27!14; LUK 6:28!4; LUK 6:28!9; LUK 6:32!6; LUK 6:33!6; LUK 6:9!8; LUK 9:41!15; LUK 9:5!6
ὑμῖν	92.7	94	LUK 10:11!15; LUK 10:12!2; LUK 10:13!19; LUK 10:14!11; LUK 10:19!3; LUK 10:20!9; LUK 10:24!3; LUK 10:8!13; LUK 11:41!10; LUK 11:42!3; LUK 11:43!2; LUK 11:44!2; LUK 11:46!5; LUK 11:47!2; LUK 11:51!17; LUK 11:52!2; LUK 11:8!2; LUK 11:9!14; LUK 11:9!2; LUK 11:9!7; LUK 12:22!10; LUK 12:27!12; LUK 12:31!9; LUK 12:32!12; LUK 12:37!13; LUK 12:4!3; LUK 12:44!3; LUK 12:5!19; LUK 12:5!3; LUK 12:51!11; LUK 12:8!3; LUK 13:24!10; LUK 13:25!26; LUK 13:27!4; LUK 13:3!3; LUK 13:35!3; LUK 13:35!9; LUK 13:5!3; LUK 14:24!3; LUK 15:10!3; LUK 15:7!2; LUK 16:11!13; LUK 16:12!13; LUK 16:9!3; LUK 17:10!9; LUK 17:23!3; LUK 17:34!2; LUK 17:6!25; LUK 18:14!2; LUK 18:17!3; LUK 18:29!7; LUK 18:8!2; LUK 19:26!2; LUK 19:40!5; LUK 20:8!9; LUK 21:13!2; LUK 21:15!17; LUK 21:15!4; LUK 21:3!5; LUK 21:32!3; LUK 22:10!12; LUK 22:12!2; LUK 22:16!3; LUK 22:18!3; LUK 22:26!9; LUK 22:29!3; LUK 22:37!3; LUK 22:67!13; LUK 24:44!16; LUK 24:6!9; LUK 2:10!11; LUK 2:11!3; LUK 2:12!3; LUK 3:13!11; LUK 3:7!13; LUK 3:8!19; LUK 4:24!5; LUK 4:25!5; LUK 6:24!3; LUK 6:25!2; LUK 6:27!2; LUK 6:31!6; LUK 6:32!8; LUK 6:33!8; LUK 6:34!9; LUK 6:38!20; LUK 6:38!4; LUK 6:47!15; LUK 7:26!8; LUK 7:28!2; LUK 7:32!14; LUK 7:9!16; LUK 9:27!3; LUK 9:48!30
ὑμῶν	92.7	67	LUK 10:11!10; LUK 10:16!3; LUK 10:20!16; LUK 10:6!12; LUK 11:11!4; LUK 11:13!12; LUK 11:19!11; LUK 11:19!18; LUK 11:39!22; LUK 11:46!20; LUK 11:47!12; LUK 11:48!10; LUK 11:5!7; LUK 12:25!4; LUK 12:30!9; LUK 12:32!10; LUK 12:33!4; LUK 12:34!11; LUK 12:34!6; LUK 12:35!2; LUK 12:7!7; LUK 13:15!10; LUK 13:35!6; LUK 14:28!4; LUK 14:33!5; LUK 14:5!6; LUK 15:4!4; LUK 16:15!18; LUK 16:26!8; LUK 17:21!14; LUK 17:7!4; LUK 21:14!6; LUK 21:16!15; LUK 21:18!6; LUK 21:19!4; LUK 21:19!8; LUK 21:28!10; LUK 21:28!15; LUK 21:34!6; LUK 22:10!7; LUK 22:15!12; LUK 22:19!17; LUK 22:20!21; LUK 22:27!16; LUK 22:53!19; LUK 22:53!6; LUK 23:14!17; LUK 23:28!22; LUK 24:38!15; LUK 3:14!22; LUK 4:21!15; LUK 5:22!17; LUK 5:4!17; LUK 6:22!18; LUK 6:23!12; LUK 6:24!10; LUK 6:27!9; LUK 6:35!16; LUK 6:35!5; LUK 6:36!6; LUK 6:38!14; LUK 8:25!7; LUK 9:41!18; LUK 9:44!6; LUK 9:5!17; LUK 9:50!14; LUK 9:50!16
ὑπ	83.51	1	LUK 17:24!13
ὑπ	90.1	6	LUK 13:17!21; LUK 14:8!17; LUK 23:8!27; LUK 3:19!7; LUK 3:7!7; LUK 7:30!16
ὑπάγειν	15.15	1	LUK 8:42!15
ὑπάγειν	15.35	1	LUK 17:14!14
ὑπάγεις	15.35	1	LUK 12:58!3
ὑπάγετε	15.35	1	LUK 10:3!1
ὑπάρχοντα	57.16	3	LUK 11:21!13; LUK 12:33!3; LUK 16:1!21
ὑπάρχοντες	13.5	3	LUK 11:13!5; LUK 16:14!8; LUK 7:25!17
ὑπάρχουσιν	57.16	2	LUK 12:44!8; LUK 14:33!12
ὑπάρχων	13.5	3	LUK 16:23!9; LUK 23:50!7; LUK 9:48!31
ὑπέδειξεν	28.47	1	LUK 3:7!12
ὑπέμεινεν	85.57	1	LUK 2:43!9
ὑπέστρεφον	15.88	1	LUK 23:48!16
ὑπέστρεψαν	15.88	4	LUK 24:33!6; LUK 24:52!5; LUK 2:20!2; LUK 2:45!4
ὑπέστρεψεν	15.88	5	LUK 17:15!8; LUK 1:56!10; LUK 4:1!6; LUK 4:14!2; LUK 8:37!23
ὑπήκουσεν	36.15	1	LUK 17:6!23
ὑπήντησεν	15.78	1	LUK 8:27!7
ὑπακούουσιν	36.15	1	LUK 8:25!27
ὑπαντῆσαι	55.3	1	LUK 14:31!20
ὑπαρχόντων	57.16	3	LUK 12:15!23; LUK 19:8!13; LUK 8:3!17
ὑπεδέξατο	34.53	2	LUK 10:38!16; LUK 19:6!5
ὑπεμνήσθη	29.10	1	LUK 22:61!9
ὑπεμνήσθη	29.9	1	LUK 22:61!9
ὑπερεκχυννόμενον	14.19	1	LUK 6:38!9
ὑπερηφάνους	88.214	1	LUK 1:51!7
ὑπεστρώννυον	16.23	1	LUK 19:36!4
ὑπεχώρησεν	15.53	1	LUK 9:10!12
ὑπηρέται	35.20	1	LUK 1:2!9
ὑπηρέτῃ	35.20	1	LUK 4:20!7
ὑποδήματα	6.182	2	LUK 10:4!7; LUK 15:22!25
ὑποδείξω	28.47	1	LUK 12:5!1
ὑποδείξω	33.150	1	LUK 6:47!14
ὑποδημάτων	6.182	2	LUK 22:35!12; LUK 3:16!24
ὑποκάτω	83.51	1	LUK 8:16!9
ὑποκρινομένους	88.227	1	LUK 20:20!5
ὑποκριτά	88.228	1	LUK 6:42!26
ὑποκριταί	88.228	1	LUK 12:56!1
ὑπολαβὼν	33.187	1	LUK 10:30!1
ὑπομονῇ	25.174	2	LUK 21:19!3; LUK 8:15!22
ὑποπόδιον	37.8	1	LUK 20:43!7
ὑποπόδιον	6.117	1	LUK 20:43!7
ὑποστρέφειν	15.88	2	LUK 2:43!7; LUK 8:40!4
ὑποστρέψαι	15.88	1	LUK 19:12!14
ὑποστρέψαντες	15.88	3	LUK 17:18!3; LUK 7:10!2; LUK 9:10!2
ὑποστρέψασαι	15.88	2	LUK 23:56!1; LUK 24:9!2
ὑποτάσσεται	36.18	2	LUK 10:17!13; LUK 10:20!10
ὑποτασσόμενος	37.31	1	LUK 2:51!11
ὑποχωρῶν	15.53	1	LUK 5:16!4
ὑπωπιάζῃ	25.245	1	LUK 18:5!17
ὑπό	90.1	3	LUK 14:8!3; LUK 9:7!14; LUK 9:8!1
ὑπόκρισις	88.227	1	LUK 12:1!25
ὑπὲρ	78.29	1	LUK 16:8!19
ὑπὲρ	87.30	1	LUK 6:40!4
ὑπὲρ	90.36	3	LUK 22:19!16; LUK 22:20!20; LUK 9:50!15
ὑπὸ	37.7	1	LUK 7:8!6
ὑπὸ	83.51	4	LUK 11:33!8; LUK 13:34!25; LUK 17:24!8; LUK 7:6!30
ὑπὸ	89.26	1	LUK 8:14!12
ὑπὸ	90.1	13	LUK 10:22!4; LUK 16:22!9; LUK 17:20!3; LUK 21:16!4; LUK 21:17!4; LUK 21:20!5; LUK 21:24!15; LUK 2:18!9; LUK 2:21!17; LUK 2:26!5; LUK 4:15!9; LUK 4:2!4; LUK 7:24!20
ὑπῆρχεν	13.4	1	LUK 8:41!13
ὑστερήματος	57.38	1	LUK 21:4!16
ὑστερήσατε	57.37	1	LUK 22:35!15
ὑστερεῖσθαι	57.37	1	LUK 15:14!15
ὑψίστοις	1.13	2	LUK 19:38!15; LUK 2:14!3
ὑψίστου	12.4	1	LUK 8:28!21
ὑψηλὸν	65.9	1	LUK 16:15!23
ὑψηλὸν	88.208	1	LUK 16:15!23
ὑψωθήσεται	87.20	2	LUK 14:11!11; LUK 18:14!22
ὑψωθήσῃ	87.20	1	LUK 10:15!7
ὑψῶν	87.20	2	LUK 14:11!4; LUK 18:14!15
ὕδατι	2.7	2	LUK 3:16!8; LUK 8:25!25
ὕδατος	2.7	3	LUK 16:24!19; LUK 22:10!15; LUK 8:24!19
ὕδωρ	2.7	1	LUK 7:44!18
ὕπνῳ	23.66	1	LUK 9:32!10
ὕστερον	61.16	1	LUK 20:32!1
ὕψους	1.13	1	LUK 24:49!22
ὕψους	14.42	1	LUK 1:78!12
ὕψωσεν	87.20	1	LUK 1:52!6
Ὑμεῖς	92.7	4	LUK 16:15!4; LUK 22:28!1; LUK 22:70!16; LUK 9:20!4
Ὑμῖν	92.7	1	LUK 8:10!4
Ὑπάγετε	15.15	1	LUK 19:30!2
Ὑπέστρεψαν	15.88	1	LUK 10:17!1
Ὑποκριταί	88.228	1	LUK 13:15!8
Ὑπολαμβάνω	31.29	1	LUK 7:43!4
Ὑποστρέψω	15.88	1	LUK 11:24!19
Ὑπόστρεφε	15.88	1	LUK 8:39!1
Ὑψίστου	12.4	4	LUK 1:32!6; LUK 1:35!14; LUK 1:76!6; LUK 6:35!21
ὠνόμασεν	33.127	1	LUK 6:14!4
ὠνόμασεν	33.133	1	LUK 6:13!17
ὠργίσθη	88.174	1	LUK 15:28!1
ὠρχήσασθε	15.244	1	LUK 7:32!17
ὠσὶν	24.54	1	LUK 4:21!14
ὠτίου	8.24	1	LUK 22:51!12
ὠφείλομεν	71.25	1	LUK 17:10!16
ὠφελεῖται	35.2	1	LUK 9:25!3
ὡμίλουν	33.156	1	LUK 24:14!3
ὡρισμένον	37.96	1	LUK 22:22!9
ὡς	64.12	21	LUK 10:18!7; LUK 10:27!37; LUK 10:3!5; LUK 11:36!16; LUK 11:44!5; LUK 12:27!21; LUK 15:19!9; LUK 17:6!8; LUK 18:11!25; LUK 18:17!12; LUK 21:35!1; LUK 22:26!11; LUK 22:26!17; LUK 22:27!18; LUK 22:31!10; LUK 23:14!9; LUK 3:22!9; LUK 3:23!11; LUK 3:4!1; LUK 6:22!19; LUK 6:40!11
ὡς	67.139	3	LUK 12:58!1; LUK 24:32!13; LUK 24:32!19
ὡς	67.45	16	LUK 11:1!11; LUK 15:25!11; LUK 19:29!3; LUK 19:41!2; LUK 19:5!2; LUK 1:23!3; LUK 1:41!3; LUK 1:44!3; LUK 20:37!12; LUK 22:66!2; LUK 23:26!2; LUK 2:15!3; LUK 2:39!2; LUK 4:25!26; LUK 5:4!1; LUK 7:12!1
ὡς	78.42	2	LUK 1:56!6; LUK 8:42!6
ὡς	89.86	3	LUK 23:55!16; LUK 24:35!9; LUK 8:47!24
ὡς	90.21	4	LUK 16:1!18; LUK 22:61!16; LUK 24:6!7; LUK 6:4!1
ὡσαύτως	64.16	3	LUK 13:5!9; LUK 20:31!6; LUK 22:20!4
ὡσεὶ	64.12	2	LUK 22:44!12; LUK 24:11!5
ὡσεὶ	78.42	7	LUK 22:41!6; LUK 22:59!3; LUK 23:44!4; LUK 3:23!6; LUK 9:14!15; LUK 9:14!3; LUK 9:28!7
ὢν	13.1	1	LUK 11:23!3
ὢν	13.4	1	LUK 3:23!9
ὢν	85.1	2	LUK 24:44!14; LUK 24:6!11
ὤμοσεν	33.463	1	LUK 1:73!3
ὤμους	8.27	1	LUK 15:5!6
ὤρθριζεν	67.190	1	LUK 21:38!5
ὤφειλεν	57.219	1	LUK 7:41!8
ὤφθη	24.1	3	LUK 1:11!1; LUK 22:43!1; LUK 24:34!8
ὥρα	67.1	2	LUK 22:14!5; LUK 22:53!21
ὥρα	67.199	1	LUK 23:44!5
ὥρας	67.199	2	LUK 22:59!4; LUK 23:44!15
ὥρμησεν	15.222	1	LUK 8:33!13
ὥρᾳ	67.1	8	LUK 10:21!4; LUK 12:12!10; LUK 13:31!4; LUK 1:10!11; LUK 20:19!16; LUK 24:33!5; LUK 2:38!4; LUK 7:21!4
ὥρᾳ	67.199	4	LUK 12:39!10; LUK 12:40!7; LUK 12:46!14; LUK 14:17!7
ὥσπερ	64.13	2	LUK 17:24!1; LUK 18:11!15
ὥστε	89.52	2	LUK 12:1!8; LUK 5:7!20
ὥστε	89.61	2	LUK 20:20!13; LUK 4:29!21
ὦτά	24.54	1	LUK 1:44!12
ὦτα	24.64	1	LUK 9:44!5
ὦτα	29.5	1	LUK 9:44!5
ὦτα	8.24	2	LUK 14:35!14; LUK 8:8!19
ὧδε	83.1	15	LUK 11:31!31; LUK 11:32!24; LUK 14:21!37; LUK 15:17!16; LUK 16:25!22; LUK 17:21!4; LUK 17:23!7; LUK 19:27!14; LUK 22:38!7; LUK 23:5!20; LUK 24:6!3; LUK 4:23!22; LUK 9:12!28; LUK 9:33!19; LUK 9:41!20
ὧν	92.27	9	LUK 13:1!13; LUK 15:16!10; LUK 19:37!26; LUK 1:4!4; LUK 23:14!26; LUK 23:41!7; LUK 3:19!19; LUK 6:34!5; LUK 9:36!21
Ὡς	64.12	1	LUK 22:52!16
Ὦ	91.14	2	LUK 24:25!6; LUK 9:41!6
ᾅδου	1.19	1	LUK 10:15!10
ᾅδῃ	1.19	1	LUK 16:23!4
ᾐτήσατο	33.163	1	LUK 23:52!5
ᾐτοῦντο	33.163	1	LUK 23:25!12
ᾔδει	28.1	2	LUK 12:39!6; LUK 6:8!3
ᾔδεις	28.1	1	LUK 19:22!11
ᾔδεισαν	28.1	1	LUK 4:41!24
ᾔδειτε	28.1	1	LUK 2:49!10
ᾖ	13.1	4	LUK 11:34!14; LUK 11:34!25; LUK 14:8!15; LUK 20:28!15
ᾖ	85.1	1	LUK 10:6!3
ᾗ	92.27	12	LUK 11:22!13; LUK 12:40!6; LUK 12:46!15; LUK 12:46!9; LUK 17:29!1; LUK 17:30!5; LUK 19:30!8; LUK 1:26!18; LUK 21:15!8; LUK 22:7!7; LUK 24:13!19; LUK 6:49!17
ᾠκοδόμησεν	45.1	1	LUK 7:5!10
ᾠκοδόμητο	45.1	1	LUK 4:29!19
ᾠκοδόμουν	45.1	1	LUK 17:28!13
ᾠόν	5.18	1	LUK 11:12!4
ᾧ	92.27	12	LUK 10:22!29; LUK 12:48!13; LUK 12:48!21; LUK 19:13!16; LUK 1:27!5; LUK 2:25!7; LUK 4:6!20; LUK 6:38!15; LUK 7:4!14; LUK 7:43!6; LUK 7:47!14; LUK 8:41!5
ῥάβδον	6.218	1	LUK 9:3!11
ῥήματί	33.98	1	LUK 5:5!15
ῥήματα	13.115	3	LUK 1:65!19; LUK 2:19!7; LUK 2:51!20
ῥήματα	33.98	2	LUK 24:11!8; LUK 7:1!5
ῥήματος	33.98	3	LUK 20:26!6; LUK 2:17!6; LUK 9:45!22
ῥήξει	19.31	1	LUK 5:37!12
ῥίζαν	3.47	2	LUK 3:9!8; LUK 8:13!16
ῥίψαν	85.37	1	LUK 4:35!13
ῥημάτων	33.98	1	LUK 24:8!4
ῥομφαία	25.279	1	LUK 2:35!8
ῥομφαία	6.32	1	LUK 2:35!8
ῥυσθέντας	21.23	1	LUK 1:74!5
ῥύμας	1.104	1	LUK 14:21!24
ῥύσει	14.17	1	LUK 8:43!5
ῥύσει	23.182	1	LUK 8:43!5
ῥύσις	14.17	1	LUK 8:44!13
ῥύσις	23.182	1	LUK 8:44!13
ῥῆγμα	20.58	1	LUK 6:49!27
ῥῆμά	33.98	2	LUK 1:38!12; LUK 2:29!9
ῥῆμα	13.115	2	LUK 1:37!8; LUK 2:15!24
ῥῆμα	33.98	4	LUK 18:34!9; LUK 2:50!6; LUK 3:2!7; LUK 9:45!5
Ῥαγαὺ	93.307	1	LUK 3:35!4
Ῥησὰ	93.312	1	LUK 3:27!4
